NAME,POSITION,VEREIN,MARKTWERT,PUNKTE AM LETZTEN SPIELTAG,,WORST CASE1,,NEUTRAL CASE2,,BEST CASE3,ZIELWERT
A. Jung,Abwehr,Sport-Club Freiburg,1.180.000,N/A,,1.150.000,,1.170.000,,1.180.000,1.170.000
Ache,Stürmer,1. FC Köln,5.220.000,0,,5.090.000,,5.170.000,,5.250.000,5.170.000
Adamu,Stürmer,Sport-Club Freiburg,1.410.000,N/A,,1.400.000,,1.410.000,,1.420.000,1.410.000
Adamyan,Stürmer,1. FC Köln,230.000,1,,230.000,,230.000,,230.000,230.000
Adeh,Mittelfeld,SV Werder Bremen,160.000,N/A,,160.000,,160.000,,160.000,160.000
Adeyemi,Stürmer,Borussia Dortmund,8.690.000,N/A,,8.350.000,,8.630.000,,8.910.000,8.630.000
Adli,Stürmer,Bayer 04 Leverkusen,3.190.000,N/A,,3.170.000,,3.230.000,,3.290.000,3.230.000
Afolayan,Stürmer,FC St. Pauli,2.100.000,N/A,,2.070.000,,2.110.000,,2.150.000,2.110.000
Agu,Abwehr,SV Werder Bremen,2.580.000,2,,2.570.000,,2.610.000,,2.660.000,2.610.000
Agyekum,Abwehr,Hamburger SV,250.000,N/A,,250.000,,250.000,,250.000,250.000
Ahlstrand,Mittelfeld,FC St. Pauli,190.000,N/A,,190.000,,190.000,,190.000,190.000
Aigbekaen,Stürmer,FC St. Pauli,180.000,N/A,,180.000,,180.000,,180.000,180.000
Akpoguma,Abwehr,TSG Hoffenheim,1.830.000,6,,1.810.000,,1.830.000,,1.850.000,1.830.000
Al-Dakhil,Abwehr,VfB Stuttgart,620.000,N/A,,620.000,,620.000,,620.000,620.000
Alajbegović,Stürmer,Bayer 04 Leverkusen,230.000,N/A,,230.000,,230.000,,230.000,230.000
Alvero,Mittelfeld,SV Werder Bremen,370.000,N/A,,370.000,,370.000,,370.000,370.000
Amenda,Abwehr,Eintracht Frankfurt,470.000,N/A,,480.000,,480.000,,490.000,480.000
Amiri,Mittelfeld,1. FSV Mainz 05,9.160.000,8,,8.800.000,,9.160.000,,9.530.000,9.160.000
Amoako,Mittelfeld,VfL Wolfsburg,190.000,N/A,,190.000,,190.000,,190.000,190.000
Amoura,Stürmer,VfL Wolfsburg,9.040.000,N/A,,8.730.000,,9.020.000,,9.310.000,9.020.000
André Silva,Stürmer,RB Leipzig,1.220.000,12,,1.230.000,,1.230.000,,1.230.000,1.230.000
Andrich,Mittelfeld,Bayer 04 Leverkusen,3.490.000,2,,3.380.000,,3.470.000,,3.550.000,3.470.000
Angély,Abwehr,VfL Wolfsburg,170.000,N/A,,170.000,,170.000,,170.000,170.000
Ansah,Stürmer,1.FC Union Berlin,2.140.000,N/A,,2.120.000,,2.150.000,,2.190.000,2.150.000
Anton,Abwehr,Borussia Dortmund,5.670.000,-1,,5.450.000,,5.650.000,,5.860.000,5.650.000
Arnold,Mittelfeld,VfL Wolfsburg,6.530.000,6,,6.400.000,,6.590.000,,6.780.000,6.590.000
Arthur,Abwehr,Bayer 04 Leverkusen,980.000,N/A,,980.000,,990.000,,1.010.000,990.000
Asllani,Stürmer,TSG Hoffenheim,5.720.000,N/A,,5.540.000,,5.630.000,,5.710.000,5.630.000
Assignon,Abwehr,VfB Stuttgart,4.220.000,N/A,,4.150.000,,4.210.000,,4.280.000,4.210.000
At. Szalai,Abwehr,TSG Hoffenheim,180.000,N/A,,180.000,,180.000,,180.000,180.000
Atubolu,Torhüter,Sport-Club Freiburg,2.880.000,N/A,,2.590.000,,2.710.000,,2.820.000,2.710.000
Avdullahu,Mittelfeld,TSG Hoffenheim,2.930.000,N/A,,2.770.000,,2.820.000,,2.860.000,2.820.000
Azhil,Mittelfeld,Borussia Dortmund,170.000,N/A,,170.000,,170.000,,170.000,170.000
Aznou,Abwehr,FC Bayern München,1.180.000,N/A,,1.180.000,,1.180.000,,1.190.000,1.180.000
B. Dárdai,Mittelfeld,VfL Wolfsburg,1.060.000,N/A,,1.060.000,,1.060.000,,1.060.000,1.060.000
B. Touré,Stürmer,TSG Hoffenheim,1.970.000,N/A,,1.930.000,,1.970.000,,2.000.000,1.970.000
Backhaus,Torhüter,SV Werder Bremen,580.000,N/A,,580.000,,580.000,,580.000,580.000
Bahoya,Stürmer,Eintracht Frankfurt,4.630.000,N/A,,4.520.000,,4.590.000,,4.660.000,4.590.000
Baku,Mittelfeld,RB Leipzig,4.620.000,9,,4.560.000,,4.670.000,,4.780.000,4.670.000
Baldé,Stürmer,Hamburger SV,620.000,N/A,,620.000,,620.000,,620.000,620.000
Banzuzi,Mittelfeld,RB Leipzig,2.850.000,N/A,,2.910.000,,2.950.000,,3.000.000,2.950.000
Batshuayi,Stürmer,Eintracht Frankfurt,2.030.000,N/A,,1.980.000,,2.020.000,,2.060.000,2.020.000
Batz,Torhüter,1. FSV Mainz 05,160.000,N/A,,160.000,,160.000,,160.000,160.000
Bauer,Abwehr,FC Augsburg,260.000,1,,260.000,,260.000,,260.000,260.000
Baum,Abwehr,Eintracht Frankfurt,1.490.000,N/A,,1.480.000,,1.490.000,,1.490.000,1.490.000
Baumann,Torhüter,TSG Hoffenheim,2.220.000,5,,2.080.000,,2.170.000,,2.260.000,2.170.000
Baumgartner,Mittelfeld,RB Leipzig,2.620.000,0,,2.560.000,,2.620.000,,2.680.000,2.620.000
Bebou,Stürmer,TSG Hoffenheim,2.140.000,N/A,,2.100.000,,2.150.000,,2.190.000,2.150.000
Beck,Mittelfeld,1.FC Heidenheim,2.570.000,N/A,,2.510.000,,2.570.000,,2.630.000,2.570.000
Beier,Stürmer,Borussia Dortmund,7.340.000,N/A,,7.110.000,,7.220.000,,7.340.000,7.220.000
Beljo,Stürmer,FC Augsburg,630.000,N/A,,620.000,,630.000,,630.000,630.000
Bell,Abwehr,1. FSV Mainz 05,1.040.000,0,,1.040.000,,1.050.000,,1.070.000,1.050.000
Bellingham,Mittelfeld,Borussia Dortmund,19.790.000,N/A,,19.430.000,,19.730.000,,20.030.000,19.730.000
Belocian,Abwehr,Bayer 04 Leverkusen,690.000,N/A,,690.000,,690.000,,690.000,690.000
Bénes,Mittelfeld,1.FC Union Berlin,1.110.000,N/A,,1.120.000,,1.120.000,,1.130.000,1.120.000
Bensebaini,Abwehr,Borussia Dortmund,3.470.000,1,,3.400.000,,3.460.000,,3.510.000,3.460.000
Berisha,Stürmer,TSG Hoffenheim,1.060.000,N/A,,1.070.000,,1.080.000,,1.080.000,1.080.000
Bernardo,Abwehr,TSG Hoffenheim,3.140.000,N/A,,3.070.000,,3.120.000,,3.170.000,3.120.000
Beste,Mittelfeld,Sport-Club Freiburg,2.860.000,N/A,,2.850.000,,2.890.000,,2.930.000,2.890.000
Bischof,Mittelfeld,FC Bayern München,6.830.000,N/A,,6.640.000,,6.840.000,,7.040.000,6.840.000
Bitshiabu,Abwehr,RB Leipzig,2.730.000,N/A,,2.660.000,,2.710.000,,2.750.000,2.710.000
Bittencourt,Mittelfeld,SV Werder Bremen,810.000,4,,820.000,,820.000,,820.000,820.000
Blaswich,Torhüter,RB Leipzig,220.000,N/A,,220.000,,220.000,,220.000,220.000
Bobzien,Stürmer,1. FSV Mainz 05,210.000,N/A,,210.000,,210.000,,210.000,210.000
Boey,Abwehr,FC Bayern München,1.620.000,N/A,,1.640.000,,1.660.000,,1.680.000,1.660.000
Boniface,Stürmer,Bayer 04 Leverkusen,5.620.000,N/A,,5.490.000,,5.570.000,,5.660.000,5.570.000
Borges Sanches,Stürmer,Borussia Mönchengladbach,190.000,N/A,,190.000,,190.000,,190.000,190.000
Bornauw,Abwehr,VfL Wolfsburg,1.530.000,N/A,,1.540.000,,1.560.000,,1.580.000,1.560.000
Bos,Abwehr,1. FSV Mainz 05,970.000,N/A,,990.000,,990.000,,990.000,990.000
Brandt,Mittelfeld,Borussia Dortmund,6.810.000,3,,6.600.000,,6.800.000,,6.990.000,6.800.000
Bredlow,Torhüter,VfB Stuttgart,160.000,N/A,,160.000,,160.000,,160.000,160.000
Breithaupt,Mittelfeld,FC Augsburg,210.000,N/A,,210.000,,210.000,,210.000,210.000
Breunig,Stürmer,1.FC Heidenheim,390.000,N/A,,390.000,,390.000,,390.000,390.000
Brown,Abwehr,Eintracht Frankfurt,5.440.000,N/A,,5.250.000,,5.440.000,,5.640.000,5.440.000
Bruun Larsen,Stürmer,VfB Stuttgart,1.130.000,8,,1.140.000,,1.150.000,,1.160.000,1.150.000
Buchmann,Abwehr,FC Bayern München,210.000,N/A,,210.000,,210.000,,210.000,210.000
Bülter,Mittelfeld,TSG Hoffenheim,4.110.000,N/A,,3.990.000,,4.080.000,,4.180.000,4.080.000
Burcu,Stürmer,1.FC Union Berlin,830.000,N/A,,820.000,,820.000,,820.000,820.000
Burkardt,Stürmer,1. FSV Mainz 05,11.770.000,0,,11.490.000,,11.870.000,,12.250.000,11.870.000
Burke,Stürmer,1.FC Union Berlin,3.830.000,N/A,,3.740.000,,3.790.000,,3.850.000,3.790.000
Busch,Abwehr,1.FC Heidenheim,710.000,N/A,,720.000,,720.000,,720.000,720.000
Buta,Abwehr,Eintracht Frankfurt,330.000,N/A,,330.000,,330.000,,330.000,330.000
Caci,Abwehr,1. FSV Mainz 05,3.670.000,N/A,,3.620.000,,3.680.000,,3.730.000,3.680.000
Campbell,Stürmer,Borussia Dortmund,200.000,N/A,,200.000,,200.000,,200.000,200.000
Can,Mittelfeld,Borussia Dortmund,2.440.000,1,,2.380.000,,2.430.000,,2.490.000,2.430.000
Carstensen,Abwehr,1. FC Köln,170.000,N/A,,170.000,,180.000,,180.000,180.000
Castrop,Mittelfeld,Borussia Mönchengladbach,1.430.000,N/A,,1.420.000,,1.420.000,,1.420.000,1.420.000
Ceesay,Stürmer,FC St. Pauli,240.000,N/A,,240.000,,240.000,,240.000,240.000
Černý,Stürmer,VfL Wolfsburg,860.000,N/A,,870.000,,870.000,,870.000,870.000
Chabot,Abwehr,VfB Stuttgart,3.680.000,N/A,,3.710.000,,3.770.000,,3.820.000,3.770.000
Chaïbi,Mittelfeld,Eintracht Frankfurt,1.650.000,N/A,,1.620.000,,1.660.000,,1.700.000,1.660.000
Chandler,Mittelfeld,Eintracht Frankfurt,170.000,N/A,,170.000,,170.000,,170.000,170.000
Chase,Abwehr,VfB Stuttgart,540.000,N/A,,540.000,,540.000,,540.000,540.000
Chaves,Abwehr,TSG Hoffenheim,1.570.000,N/A,,1.550.000,,1.570.000,,1.590.000,1.570.000
Chiarodia,Abwehr,Borussia Mönchengladbach,1.050.000,N/A,,1.040.000,,1.040.000,,1.040.000,1.040.000
Christensen,Mittelfeld,1. FC Köln,210.000,N/A,,210.000,,210.000,,210.000,210.000
Claude-Maurice,Mittelfeld,FC Augsburg,6.570.000,N/A,,6.380.000,,6.560.000,,6.750.000,6.560.000
Čolina,Abwehr,FC Augsburg,270.000,N/A,,270.000,,270.000,,270.000,270.000
Coman,Stürmer,FC Bayern München,8.910.000,1,,8.570.000,,8.850.000,,9.140.000,8.850.000
Conteh,Stürmer,1.FC Heidenheim,720.000,N/A,,720.000,,720.000,,720.000,720.000
Couto,Abwehr,Borussia Dortmund,1.420.000,N/A,,1.420.000,,1.420.000,,1.420.000,1.420.000
Čović,Mittelfeld,SV Werder Bremen,160.000,N/A,,160.000,,160.000,,160.000,160.000
Cozza,Abwehr,VfL Wolfsburg,170.000,N/A,,170.000,,170.000,,170.000,170.000
Čvančara,Stürmer,Borussia Mönchengladbach,720.000,N/A,,710.000,,710.000,,720.000,710.000
D. Klein,Torhüter,FC Augsburg,160.000,N/A,,160.000,,160.000,,160.000,160.000
D. Nemeth,Abwehr,FC St. Pauli,1.390.000,N/A,,1.390.000,,1.410.000,,1.420.000,1.410.000
da Costa,Abwehr,1. FSV Mainz 05,1.140.000,N/A,,1.130.000,,1.140.000,,1.160.000,1.140.000
Dahaba,Abwehr,FC St. Pauli,180.000,N/A,,180.000,,180.000,,180.000,180.000
Dahmen,Torhüter,FC Augsburg,2.300.000,N/A,,2.180.000,,2.270.000,,2.360.000,2.270.000
Dahoud,Mittelfeld,Eintracht Frankfurt,400.000,3,,400.000,,400.000,,400.000,400.000
Dal,Abwehr,1. FSV Mainz 05,170.000,N/A,,170.000,,170.000,,170.000,170.000
Damar,Mittelfeld,TSG Hoffenheim,3.070.000,N/A,,3.040.000,,3.080.000,,3.130.000,3.080.000
Davies,Abwehr,FC Bayern München,3.650.000,6,,3.520.000,,3.580.000,,3.630.000,3.580.000
Deman,Mittelfeld,SV Werder Bremen,290.000,N/A,,290.000,,290.000,,290.000,290.000
Demirović,Stürmer,VfB Stuttgart,6.380.000,-1,,6.230.000,,6.440.000,,6.640.000,6.440.000
Dickes,Torhüter,Hamburger SV,160.000,N/A,,160.000,,160.000,,160.000,160.000
Diehl,Stürmer,VfB Stuttgart,1.030.000,N/A,,1.020.000,,1.020.000,,1.030.000,1.020.000
Dietz,Stürmer,1. FC Köln,180.000,N/A,,180.000,,180.000,,180.000,180.000
Diks,Abwehr,Borussia Mönchengladbach,2.650.000,N/A,,2.560.000,,2.600.000,,2.640.000,2.600.000
Dina Ebimbe,Mittelfeld,Eintracht Frankfurt,280.000,N/A,,280.000,,280.000,,280.000,280.000
Dinkçi,Stürmer,Sport-Club Freiburg,1.740.000,N/A,,1.750.000,,1.750.000,,1.750.000,1.750.000
Diogo Leite,Abwehr,1.FC Union Berlin,3.770.000,N/A,,3.620.000,,3.680.000,,3.740.000,3.680.000
Doan,Mittelfeld,Sport-Club Freiburg,8.470.000,N/A,,8.370.000,,8.610.000,,8.850.000,8.610.000
Doekhi,Abwehr,1.FC Union Berlin,2.750.000,N/A,,2.720.000,,2.760.000,,2.800.000,2.760.000
Dompé,Stürmer,Hamburger SV,5.230.000,N/A,,5.120.000,,5.200.000,,5.280.000,5.200.000
Dong,Stürmer,FC Augsburg,200.000,N/A,,200.000,,200.000,,200.000,200.000
Dorsch,Mittelfeld,1.FC Heidenheim,1.560.000,1,,1.520.000,,1.550.000,,1.590.000,1.550.000
Downs,Stürmer,1. FC Köln,2.660.000,N/A,,2.640.000,,2.690.000,,2.740.000,2.690.000
Drewes,Torhüter,Borussia Dortmund,260.000,N/A,,260.000,,260.000,,260.000,260.000
Drljača,Torhüter,VfB Stuttgart,160.000,N/A,,160.000,,160.000,,160.000,160.000
Ducksch,Stürmer,SV Werder Bremen,7.390.000,N/A,,7.200.000,,7.440.000,,7.670.000,7.440.000
Duranville,Stürmer,Borussia Dortmund,1.830.000,N/A,,1.810.000,,1.850.000,,1.890.000,1.850.000
Dźwigała,Abwehr,FC St. Pauli,180.000,N/A,,180.000,,190.000,,190.000,190.000
Eduardo,Stürmer,RB Leipzig,690.000,N/A,,690.000,,690.000,,690.000,690.000
Ekitiké,Stürmer,Eintracht Frankfurt,9.220.000,N/A,,8.810.000,,9.110.000,,9.410.000,9.110.000
Elfadli,Abwehr,Hamburger SV,2.200.000,N/A,,2.120.000,,2.160.000,,2.190.000,2.160.000
Elmas,Mittelfeld,RB Leipzig,740.000,N/A,,760.000,,770.000,,770.000,770.000
Elvedi,Abwehr,Borussia Mönchengladbach,3.290.000,1,,3.240.000,,3.290.000,,3.350.000,3.290.000
Erlein,Abwehr,TSG Hoffenheim,180.000,N/A,,180.000,,180.000,,180.000,180.000
Essende,Stürmer,FC Augsburg,1.190.000,N/A,,1.160.000,,1.160.000,,1.160.000,1.160.000
F. Becker,Mittelfeld,TSG Hoffenheim,380.000,N/A,,390.000,,390.000,,390.000,390.000
F. Müller,Torhüter,Sport-Club Freiburg,200.000,5,,200.000,,200.000,,200.000,200.000
F. Nmecha,Mittelfeld,Borussia Dortmund,6.290.000,N/A,,6.230.000,,6.420.000,,6.600.000,6.420.000
Faghir,Stürmer,VfB Stuttgart,190.000,N/A,,190.000,,190.000,,190.000,190.000
Faye,Abwehr,Bayer 04 Leverkusen,3.000.000,N/A,,2.950.000,,2.990.000,,3.040.000,3.830.000
Feller,Torhüter,1.FC Heidenheim,220.000,N/A,,220.000,,220.000,,220.000,220.000
Fernandes,Abwehr,1. FSV Mainz 05,250.000,N/A,,250.000,,250.000,,250.000,250.000
Finkgräfe,Abwehr,1. FC Köln,2.280.000,N/A,,2.260.000,,2.300.000,,2.330.000,2.300.000
Fischer,Abwehr,VfL Wolfsburg,1.070.000,N/A,,1.050.000,,1.050.000,,1.050.000,1.050.000
Flekken,Torhüter,Bayer 04 Leverkusen,2.860.000,2,,2.770.000,,2.810.000,,2.860.000,2.810.000
Föhrenbach,Abwehr,1.FC Heidenheim,310.000,N/A,,310.000,,320.000,,320.000,320.000
Franjić,Mittelfeld,VfL Wolfsburg,170.000,N/A,,170.000,,170.000,,170.000,170.000
Fraulo,Mittelfeld,Borussia Mönchengladbach,300.000,N/A,,300.000,,300.000,,300.000,300.000
Friedl,Abwehr,SV Werder Bremen,2.310.000,0,,2.310.000,,2.340.000,,2.370.000,2.340.000
Friedrich,Abwehr,Borussia Mönchengladbach,590.000,-1,,590.000,,590.000,,590.000,590.000
Führich,Mittelfeld,VfB Stuttgart,5.760.000,N/A,,5.520.000,,5.690.000,,5.860.000,5.690.000
Fujita,Mittelfeld,FC St. Pauli,3.000.000,N/A,,2.950.000,,2.990.000,,3.040.000,4.130.000
Fukuda,Stürmer,Borussia Mönchengladbach,410.000,N/A,,410.000,,410.000,,420.000,410.000
G. Orban,Stürmer,TSG Hoffenheim,1.880.000,N/A,,1.830.000,,1.840.000,,1.840.000,1.840.000
García,Mittelfeld,Bayer 04 Leverkusen,5.380.000,N/A,,5.250.000,,5.410.000,,5.560.000,5.410.000
Gazibegović,Abwehr,1. FC Köln,930.000,N/A,,930.000,,930.000,,940.000,930.000
Gebel,Mittelfeld,RB Leipzig,170.000,N/A,,170.000,,170.000,,170.000,170.000
Geertruida,Abwehr,RB Leipzig,1.650.000,N/A,,1.630.000,,1.650.000,,1.680.000,1.650.000
Geiger,Mittelfeld,TSG Hoffenheim,810.000,N/A,,810.000,,810.000,,810.000,810.000
Gendrey,Abwehr,TSG Hoffenheim,1.590.000,N/A,,1.600.000,,1.600.000,,1.600.000,1.600.000
Gerhardt,Mittelfeld,VfL Wolfsburg,860.000,0,,870.000,,870.000,,870.000,870.000
Giannoulis,Abwehr,FC Augsburg,2.650.000,N/A,,2.620.000,,2.660.000,,2.710.000,2.660.000
Gimber,Abwehr,1.FC Heidenheim,1.190.000,N/A,,1.170.000,,1.180.000,,1.200.000,1.180.000
Ginter,Abwehr,Sport-Club Freiburg,4.110.000,0,,3.910.000,,4.060.000,,4.210.000,4.060.000
Gittens,Stürmer,Borussia Dortmund,5.530.000,N/A,,5.290.000,,5.470.000,,5.650.000,5.470.000
Glatzel,Stürmer,Hamburger SV,4.170.000,N/A,,4.100.000,,4.160.000,,4.230.000,4.160.000
Gleiber,Mittelfeld,1. FSV Mainz 05,160.000,N/A,,160.000,,160.000,,160.000,160.000
Gnabry,Stürmer,FC Bayern München,6.650.000,2,,6.450.000,,6.660.000,,6.870.000,6.660.000
Gomis,Stürmer,RB Leipzig,940.000,N/A,,930.000,,940.000,,950.000,940.000
Goretzka,Mittelfeld,FC Bayern München,6.340.000,4,,6.110.000,,6.290.000,,6.480.000,6.290.000
Götze,Mittelfeld,Eintracht Frankfurt,3.440.000,N/A,,3.320.000,,3.370.000,,3.420.000,3.370.000
Gouweleeuw,Abwehr,FC Augsburg,4.440.000,N/A,,4.220.000,,4.390.000,,4.550.000,4.390.000
Grabara,Torhüter,VfL Wolfsburg,2.360.000,N/A,,2.360.000,,2.450.000,,2.540.000,2.450.000
Grahl,Torhüter,Eintracht Frankfurt,160.000,N/A,,160.000,,160.000,,160.000,160.000
Gregoritsch,Stürmer,Sport-Club Freiburg,1.740.000,2,,1.730.000,,1.770.000,,1.800.000,1.770.000
Grifo,Mittelfeld,Sport-Club Freiburg,10.820.000,10,,10.430.000,,10.860.000,,11.290.000,10.860.000
Grillitsch,Abwehr,TSG Hoffenheim,830.000,N/A,,830.000,,830.000,,830.000,830.000
Grimaldo,Abwehr,Bayer 04 Leverkusen,8.180.000,N/A,,7.800.000,,8.090.000,,8.390.000,8.090.000
Groß,Mittelfeld,Borussia Dortmund,4.800.000,11,,4.680.000,,4.750.000,,4.820.000,4.750.000
Grüll,Stürmer,SV Werder Bremen,1.830.000,N/A,,1.810.000,,1.840.000,,1.880.000,1.840.000
Gui Ramos,Abwehr,Hamburger SV,190.000,N/A,,190.000,,190.000,,190.000,190.000
Guirassy,Stürmer,Borussia Dortmund,16.930.000,N/A,,16.310.000,,16.850.000,,17.400.000,16.850.000
Gulácsi,Torhüter,RB Leipzig,1.970.000,8,,1.870.000,,1.950.000,,2.030.000,1.950.000
Günter,Abwehr,Sport-Club Freiburg,1.930.000,0,,1.900.000,,1.920.000,,1.950.000,1.920.000
H. Behrens,Abwehr,TSG Hoffenheim,190.000,N/A,,190.000,,190.000,,190.000,190.000
Haberer,Mittelfeld,1.FC Union Berlin,870.000,1,,890.000,,890.000,,890.000,890.000
Hack,Stürmer,Borussia Mönchengladbach,4.920.000,0,,4.880.000,,4.980.000,,5.070.000,4.980.000
Haidara,Mittelfeld,RB Leipzig,1.580.000,2,,1.600.000,,1.600.000,,1.600.000,1.600.000
Haller,Stürmer,Borussia Dortmund,840.000,N/A,,830.000,,830.000,,840.000,830.000
Hämmerle,Stürmer,FC Augsburg,160.000,N/A,,160.000,,160.000,,160.000,160.000
Hanche-Olsen,Abwehr,1. FSV Mainz 05,1.230.000,N/A,,1.220.000,,1.230.000,,1.250.000,1.230.000
Hansen-Aarøen,Mittelfeld,SV Werder Bremen,180.000,N/A,,180.000,,180.000,,180.000,180.000
Harchaoui,Mittelfeld,1. FC Köln,170.000,N/A,,170.000,,170.000,,170.000,170.000
Hefti,Abwehr,Hamburger SV,280.000,N/A,,280.000,,280.000,,280.000,280.000
Heintz,Abwehr,1. FC Köln,930.000,N/A,,930.000,,940.000,,960.000,940.000
Heitmann,Abwehr,SV Werder Bremen,180.000,N/A,,180.000,,180.000,,180.000,180.000
Hendriks,Abwehr,VfB Stuttgart,1.020.000,N/A,,1.010.000,,1.030.000,,1.040.000,1.030.000
Hennrich,Stürmer,TSG Hoffenheim,170.000,N/A,,170.000,,170.000,,170.000,170.000
Henrichs,Abwehr,RB Leipzig,2.480.000,N/A,,2.380.000,,2.420.000,,2.460.000,2.420.000
Hermann,Torhüter,Hamburger SV,160.000,N/A,,160.000,,160.000,,160.000,160.000
Heuer Fernandes,Torhüter,Hamburger SV,2.030.000,10,,2.000.000,,2.030.000,,2.060.000,2.030.000
Hincapié,Abwehr,Bayer 04 Leverkusen,4.200.000,N/A,,4.000.000,,4.150.000,,4.300.000,4.150.000
Hložek,Stürmer,TSG Hoffenheim,5.510.000,N/A,,5.290.000,,5.470.000,,5.650.000,5.470.000
Höfler,Mittelfeld,Sport-Club Freiburg,370.000,3,,370.000,,370.000,,370.000,370.000
Höler,Stürmer,Sport-Club Freiburg,3.190.000,4,,3.210.000,,3.280.000,,3.340.000,3.280.000
Hollerbach,Stürmer,1. FSV Mainz 05,5.030.000,N/A,,4.850.000,,5.010.000,,5.180.000,5.010.000
Hong,Mittelfeld,1. FSV Mainz 05,400.000,N/A,,400.000,,400.000,,400.000,400.000
Honorat,Stürmer,Borussia Mönchengladbach,7.900.000,N/A,,7.590.000,,7.840.000,,8.100.000,7.840.000
Honsak,Stürmer,1.FC Heidenheim,1.910.000,N/A,,1.900.000,,1.940.000,,1.980.000,1.940.000
Hradecky,Torhüter,Bayer 04 Leverkusen,910.000,10,,900.000,,920.000,,930.000,920.000
Hranáč,Abwehr,TSG Hoffenheim,230.000,N/A,,230.000,,230.000,,230.000,230.000
Hübers,Abwehr,1. FC Köln,2.070.000,0,,2.060.000,,2.080.000,,2.110.000,2.080.000
Huseinbašić,Mittelfeld,1. FC Köln,1.800.000,N/A,,1.790.000,,1.790.000,,1.800.000,1.790.000
Huth,Torhüter,Sport-Club Freiburg,160.000,N/A,,160.000,,160.000,,160.000,160.000
Højlund,Mittelfeld,Eintracht Frankfurt,1.040.000,N/A,,1.060.000,,1.060.000,,1.060.000,1.060.000
Ibrahimović,Mittelfeld,1.FC Heidenheim,1.160.000,N/A,,1.170.000,,1.170.000,,1.170.000,1.170.000
Ilić,Stürmer,1.FC Union Berlin,4.710.000,N/A,,4.720.000,,4.810.000,,4.900.000,4.810.000
Irié,Stürmer,Sport-Club Freiburg,2.820.000,N/A,,2.780.000,,2.820.000,,2.860.000,2.820.000
Irvine,Mittelfeld,FC St. Pauli,3.110.000,N/A,,3.040.000,,3.090.000,,3.130.000,3.090.000
Itakura,Abwehr,Borussia Mönchengladbach,3.930.000,N/A,,3.850.000,,3.920.000,,3.980.000,3.920.000
Itō,Abwehr,FC Bayern München,2.720.000,N/A,,2.660.000,,2.710.000,,2.750.000,2.710.000
J. Hofmann,Mittelfeld,Bayer 04 Leverkusen,3.200.000,5,,3.110.000,,3.180.000,,3.250.000,3.180.000
Jaeckel,Abwehr,1.FC Union Berlin,180.000,1,,180.000,,180.000,,180.000,180.000
Jäger,Torhüter,FC Augsburg,180.000,N/A,,180.000,,180.000,,180.000,180.000
Jäkel,Abwehr,RB Leipzig,190.000,N/A,,190.000,,190.000,,190.000,190.000
Jakić,Mittelfeld,FC Augsburg,1.990.000,N/A,,1.930.000,,1.970.000,,2.020.000,1.970.000
Janeš,Mittelfeld,1.FC Heidenheim,170.000,N/A,,170.000,,170.000,,170.000,170.000
Jaquez,Abwehr,VfB Stuttgart,630.000,N/A,,630.000,,640.000,,640.000,640.000
Jatta,Stürmer,Hamburger SV,1.450.000,0,,1.440.000,,1.460.000,,1.470.000,1.460.000
Jeltsch,Abwehr,VfB Stuttgart,2.420.000,N/A,,2.400.000,,2.430.000,,2.460.000,2.430.000
Jenz,Abwehr,VfL Wolfsburg,2.050.000,N/A,,2.030.000,,2.060.000,,2.090.000,2.060.000
Jeong,Stürmer,1.FC Union Berlin,1.540.000,1,,1.550.000,,1.550.000,,1.550.000,1.550.000
João Palhinha,Mittelfeld,FC Bayern München,1.550.000,N/A,,1.570.000,,1.570.000,,1.570.000,1.570.000
Jóhannesson,Mittelfeld,1. FC Köln,3.830.000,N/A,,3.750.000,,3.810.000,,3.870.000,3.810.000
Jones,Stürmer,FC St. Pauli,970.000,N/A,,980.000,,980.000,,980.000,980.000
Juranović,Abwehr,1.FC Union Berlin,1.160.000,N/A,,1.140.000,,1.160.000,,1.170.000,1.160.000
K. Müller,Torhüter,1.FC Heidenheim,1.320.000,N/A,,1.260.000,,1.320.000,,1.370.000,1.320.000
K. Schlotterbeck,Abwehr,FC Augsburg,2.620.000,N/A,,2.550.000,,2.590.000,,2.630.000,2.590.000
Kabadayi,Stürmer,FC Augsburg,360.000,N/A,,360.000,,360.000,,360.000,360.000
Kabak,Abwehr,TSG Hoffenheim,960.000,N/A,,950.000,,950.000,,960.000,950.000
Kabar,Abwehr,Borussia Dortmund,270.000,N/A,,270.000,,270.000,,270.000,270.000
Kainz,Mittelfeld,1. FC Köln,3.400.000,19,,3.350.000,,3.430.000,,3.510.000,3.430.000
Kamiński,Mittelfeld,VfL Wolfsburg,1.830.000,N/A,,1.800.000,,1.840.000,,1.880.000,1.840.000
Kampl,Mittelfeld,RB Leipzig,1.410.000,N/A,,1.420.000,,1.420.000,,1.420.000,1.420.000
Kane,Stürmer,FC Bayern München,19.050.000,N/A,,18.440.000,,19.050.000,,19.670.000,19.050.000
Karazor,Mittelfeld,VfB Stuttgart,5.570.000,N/A,,5.310.000,,5.470.000,,5.640.000,5.470.000
Karl,Mittelfeld,FC Bayern München,1.140.000,N/A,,1.180.000,,1.180.000,,1.190.000,1.180.000
Kastanaras,Stürmer,VfB Stuttgart,170.000,N/A,,170.000,,170.000,,170.000,170.000
Katterbach,Abwehr,Hamburger SV,460.000,N/A,,460.000,,460.000,,460.000,460.000
Kauã Santos,Torhüter,Eintracht Frankfurt,720.000,N/A,,720.000,,720.000,,730.000,720.000
Kaufmann,Stürmer,1.FC Heidenheim,290.000,N/A,,290.000,,290.000,,290.000,290.000
Keitel,Mittelfeld,VfB Stuttgart,340.000,-1,,340.000,,340.000,,340.000,340.000
Keller,Abwehr,1.FC Heidenheim,250.000,N/A,,250.000,,250.000,,250.000,250.000
Kemlein,Mittelfeld,1.FC Union Berlin,550.000,N/A,,550.000,,550.000,,550.000,550.000
Kerber,Mittelfeld,1.FC Heidenheim,790.000,N/A,,810.000,,810.000,,810.000,810.000
Khedira,Mittelfeld,1.FC Union Berlin,2.130.000,0,,2.080.000,,2.130.000,,2.180.000,2.130.000
Kiala,Abwehr,FC Bayern München,340.000,N/A,,340.000,,340.000,,340.000,340.000
Kilian,Abwehr,1. FC Köln,210.000,N/A,,210.000,,210.000,,210.000,210.000
Kim,Abwehr,FC Bayern München,3.700.000,N/A,,3.590.000,,3.640.000,,3.700.000,3.640.000
Kimmich,Mittelfeld,FC Bayern München,16.980.000,9,,16.190.000,,16.870.000,,17.550.000,16.870.000
Klanac,Torhüter,FC Bayern München,160.000,N/A,,160.000,,160.000,,160.000,160.000
Klaus,Torhüter,1.FC Union Berlin,170.000,N/A,,170.000,,170.000,,170.000,170.000
Kleindienst,Stürmer,Borussia Mönchengladbach,10.450.000,N/A,,10.210.000,,10.360.000,,10.520.000,10.360.000
Klostermann,Abwehr,RB Leipzig,2.060.000,7,,2.030.000,,2.060.000,,2.090.000,2.060.000
Knauff,Mittelfeld,Eintracht Frankfurt,5.260.000,N/A,,5.190.000,,5.340.000,,5.490.000,5.340.000
Köbbing,Torhüter,1. FC Köln,170.000,N/A,,170.000,,170.000,,170.000,170.000
Kobel,Torhüter,Borussia Dortmund,2.640.000,1,,2.550.000,,2.660.000,,2.760.000,2.660.000
Koch,Abwehr,Eintracht Frankfurt,5.470.000,N/A,,5.180.000,,5.380.000,,5.580.000,5.380.000
Köhler,Abwehr,RB Leipzig,170.000,N/A,,170.000,,170.000,,170.000,170.000
Kohr,Abwehr,1. FSV Mainz 05,3.260.000,0,,3.130.000,,3.180.000,,3.230.000,3.180.000
Kolke,Torhüter,SV Werder Bremen,160.000,N/A,,160.000,,160.000,,160.000,160.000
Kölle,Abwehr,1.FC Heidenheim,170.000,N/A,,170.000,,170.000,,170.000,170.000
Kömür,Mittelfeld,FC Augsburg,2.150.000,N/A,,2.080.000,,2.130.000,,2.180.000,2.130.000
König,Abwehr,TSG Hoffenheim,180.000,N/A,,180.000,,180.000,,180.000,180.000
Königsdörffer,Stürmer,Hamburger SV,3.340.000,N/A,,3.280.000,,3.330.000,,3.380.000,3.330.000
Koudossou,Abwehr,FC Augsburg,520.000,N/A,,520.000,,520.000,,520.000,520.000
Koulierakis,Abwehr,VfL Wolfsburg,3.210.000,N/A,,3.120.000,,3.170.000,,3.230.000,3.170.000
Kovář,Torhüter,Bayer 04 Leverkusen,180.000,N/A,,180.000,,180.000,,180.000,180.000
Kownacki,Stürmer,SV Werder Bremen,670.000,1,,670.000,,670.000,,670.000,670.000
Král,Mittelfeld,1.FC Union Berlin,260.000,N/A,,260.000,,260.000,,260.000,260.000
Kramarić,Stürmer,TSG Hoffenheim,8.370.000,3,,8.010.000,,8.280.000,,8.550.000,8.280.000
Krattenmacher,Mittelfeld,FC Bayern München,1.200.000,N/A,,1.190.000,,1.200.000,,1.200.000,1.200.000
Krauß,Mittelfeld,1. FSV Mainz 05,2.440.000,N/A,,2.400.000,,2.430.000,,2.470.000,2.430.000
Kristensen,Abwehr,Eintracht Frankfurt,5.590.000,N/A,,5.290.000,,5.490.000,,5.700.000,5.490.000
Kübler,Abwehr,Sport-Club Freiburg,2.590.000,2,,2.560.000,,2.600.000,,2.640.000,2.600.000
Kücüksahin,Mittelfeld,FC Augsburg,160.000,N/A,,160.000,,160.000,,160.000,160.000
Kusi-Asare,Stürmer,FC Bayern München,510.000,N/A,,510.000,,510.000,,510.000,510.000
Kyereh,Mittelfeld,Sport-Club Freiburg,340.000,N/A,,340.000,,340.000,,340.000,340.000
L. Grill,Torhüter,1.FC Union Berlin,160.000,N/A,,160.000,,160.000,,160.000,160.000
L. Philipp,Torhüter,TSG Hoffenheim,220.000,N/A,,220.000,,220.000,,220.000,220.000
La. Günther,Abwehr,FC Augsburg,180.000,N/A,,180.000,,180.000,,180.000,180.000
Labrović,Torhüter,FC Augsburg,240.000,N/A,,240.000,,240.000,,240.000,240.000
Lade,Torhüter,TSG Hoffenheim,160.000,N/A,,160.000,,160.000,,160.000,160.000
Laimer,Abwehr,FC Bayern München,3.560.000,1,,3.480.000,,3.530.000,,3.590.000,3.530.000
Larsson,Mittelfeld,Eintracht Frankfurt,4.920.000,N/A,,4.770.000,,4.880.000,,5.000.000,4.880.000
Lee,Mittelfeld,1. FSV Mainz 05,7.470.000,1,,7.280.000,,7.500.000,,7.710.000,7.500.000
Leitsch,Abwehr,1. FSV Mainz 05,420.000,N/A,,420.000,,420.000,,420.000,420.000
Lemperle,Stürmer,TSG Hoffenheim,3.200.000,N/A,,3.090.000,,3.140.000,,3.180.000,3.140.000
Leweling,Mittelfeld,VfB Stuttgart,5.570.000,1,,5.380.000,,5.540.000,,5.700.000,5.540.000
Lienhart,Abwehr,Sport-Club Freiburg,3.110.000,5,,3.070.000,,3.120.000,,3.170.000,3.120.000
Lisewski,Torhüter,Borussia Dortmund,160.000,N/A,,160.000,,160.000,,160.000,160.000
Lisztes,Mittelfeld,Eintracht Frankfurt,200.000,N/A,,200.000,,200.000,,200.000,200.000
Ljubičić,Stürmer,1.FC Union Berlin,490.000,N/A,,490.000,,500.000,,500.000,500.000
Lomb,Torhüter,Bayer 04 Leverkusen,160.000,N/A,,160.000,,160.000,,160.000,160.000
Lührs,Abwehr,Borussia Dortmund,170.000,N/A,,170.000,,170.000,,170.000,170.000
Lukeba,Abwehr,RB Leipzig,2.300.000,N/A,,2.280.000,,2.310.000,,2.350.000,2.310.000
Lynen,Mittelfeld,SV Werder Bremen,1.880.000,N/A,,1.810.000,,1.850.000,,1.890.000,1.850.000
M. Eggestein,Mittelfeld,Sport-Club Freiburg,3.390.000,0,,3.290.000,,3.370.000,,3.450.000,3.370.000
M. El Mala,Stürmer,1. FC Köln,750.000,N/A,,740.000,,740.000,,740.000,740.000
M. Philipp,Stürmer,Sport-Club Freiburg,260.000,0,,260.000,,260.000,,260.000,260.000
M. Wolf,Abwehr,FC Augsburg,1.960.000,N/A,,1.920.000,,1.950.000,,1.970.000,1.950.000
Ma. Müller,Torhüter,VfL Wolfsburg,200.000,N/A,,200.000,,200.000,,200.000,200.000
Machida,Abwehr,TSG Hoffenheim,5.000.000,N/A,,4.920.000,,4.990.000,,5.070.000,7.220.000
Maier,Mittelfeld,FC Augsburg,570.000,N/A,,570.000,,570.000,,570.000,570.000
Maina,Mittelfeld,1. FC Köln,2.390.000,0,,2.330.000,,2.390.000,,2.450.000,2.390.000
Mainka,Abwehr,1.FC Heidenheim,4.170.000,N/A,,3.930.000,,4.080.000,,4.230.000,4.080.000
Majer,Mittelfeld,VfL Wolfsburg,4.170.000,N/A,,4.100.000,,4.200.000,,4.300.000,4.200.000
Makengo,Abwehr,Sport-Club Freiburg,1.160.000,N/A,,1.120.000,,1.140.000,,1.150.000,1.140.000
Malanga,Stürmer,VfB Stuttgart,240.000,N/A,,240.000,,240.000,,240.000,240.000
Malatini,Abwehr,SV Werder Bremen,500.000,N/A,,500.000,,500.000,,500.000,500.000
Maloney,Mittelfeld,1. FSV Mainz 05,310.000,N/A,,310.000,,310.000,,310.000,310.000
Mané,Abwehr,Borussia Dortmund,300.000,N/A,,300.000,,300.000,,300.000,300.000
Manzambi,Mittelfeld,Sport-Club Freiburg,2.920.000,N/A,,2.840.000,,2.910.000,,2.970.000,2.910.000
Martel,Mittelfeld,1. FC Köln,4.450.000,N/A,,4.370.000,,4.480.000,,4.580.000,4.480.000
Masanka Bungi,Mittelfeld,RB Leipzig,170.000,N/A,,170.000,,170.000,,170.000,170.000
Matanović,Stürmer,Eintracht Frankfurt,3.070.000,N/A,,3.020.000,,3.060.000,,3.110.000,3.060.000
Matsima,Abwehr,FC Augsburg,4.200.000,N/A,,3.960.000,,4.120.000,,4.270.000,4.120.000
Maurides,Stürmer,FC St. Pauli,180.000,N/A,,180.000,,180.000,,180.000,180.000
Maza,Mittelfeld,Bayer 04 Leverkusen,7.870.000,N/A,,7.710.000,,7.830.000,,7.940.000,7.830.000
Meffert,Mittelfeld,Hamburger SV,1.540.000,N/A,,1.570.000,,1.570.000,,1.580.000,1.570.000
Metcalfe,Mittelfeld,FC St. Pauli,400.000,N/A,,400.000,,400.000,,400.000,400.000
Mets,Abwehr,FC St. Pauli,500.000,N/A,,490.000,,500.000,,500.000,500.000
Meyer,Torhüter,Borussia Dortmund,210.000,N/A,,210.000,,210.000,,210.000,210.000
Michaelis,Stürmer,Borussia Mönchengladbach,170.000,N/A,,170.000,,170.000,,170.000,170.000
Micheler,Mittelfeld,TSG Hoffenheim,180.000,N/A,,180.000,,180.000,,180.000,180.000
Mikelbrencis,Abwehr,Hamburger SV,750.000,N/A,,750.000,,750.000,,750.000,750.000
Millot,Mittelfeld,VfB Stuttgart,4.420.000,2,,4.240.000,,4.340.000,,4.450.000,4.340.000
Milošević,Stürmer,VfB Stuttgart,200.000,N/A,,200.000,,200.000,,200.000,200.000
Mittelstädt,Abwehr,VfB Stuttgart,7.330.000,N/A,,6.890.000,,7.150.000,,7.420.000,7.150.000
Moerstedt,Stürmer,TSG Hoffenheim,1.290.000,N/A,,1.300.000,,1.300.000,,1.300.000,1.300.000
Mokwa,Stürmer,TSG Hoffenheim,190.000,N/A,,190.000,,190.000,,190.000,190.000
Moukoko,Stürmer,Borussia Dortmund,1.240.000,1,,1.230.000,,1.230.000,,1.230.000,1.230.000
Mounié,Stürmer,FC Augsburg,390.000,N/A,,390.000,,390.000,,400.000,390.000
Muheim,Abwehr,Hamburger SV,3.610.000,N/A,,3.480.000,,3.540.000,,3.590.000,3.540.000
Musiala,Mittelfeld,FC Bayern München,13.790.000,4,,13.670.000,,13.880.000,,14.090.000,13.880.000
Muslija,Mittelfeld,Sport-Club Freiburg,590.000,2,,560.000,,560.000,,560.000,560.000
Mwene,Abwehr,1. FSV Mainz 05,2.340.000,N/A,,2.320.000,,2.350.000,,2.380.000,2.350.000
Mæhle,Abwehr,VfL Wolfsburg,2.480.000,N/A,,2.470.000,,2.500.000,,2.530.000,2.500.000
N. Banks,Abwehr,FC Augsburg,500.000,N/A,,510.000,,510.000,,510.000,510.000
N. Collins,Abwehr,Eintracht Frankfurt,2.030.000,N/A,,2.030.000,,2.060.000,,2.090.000,2.060.000
N. Schlotterbeck,Abwehr,Borussia Dortmund,5.130.000,4,,4.910.000,,4.980.000,,5.060.000,4.980.000
Nacho Ferri,Stürmer,Eintracht Frankfurt,170.000,N/A,,170.000,,170.000,,170.000,170.000
Nartey,Mittelfeld,VfB Stuttgart,470.000,N/A,,480.000,,480.000,,480.000,480.000
Netz,Abwehr,Borussia Mönchengladbach,860.000,-1,,860.000,,860.000,,860.000,860.000
Neuer,Torhüter,FC Bayern München,2.000.000,3,,1.900.000,,1.980.000,,2.060.000,1.980.000
Neuhaus,Mittelfeld,Borussia Mönchengladbach,2.500.000,1,,2.430.000,,2.490.000,,2.550.000,2.490.000
Ngankam,Stürmer,Eintracht Frankfurt,240.000,N/A,,240.000,,240.000,,240.000,240.000
Ngoumou,Stürmer,Borussia Mönchengladbach,780.000,N/A,,780.000,,780.000,,780.000,780.000
Nicolas,Torhüter,Borussia Mönchengladbach,2.330.000,N/A,,2.290.000,,2.320.000,,2.360.000,2.320.000
Niehues,Mittelfeld,1.FC Heidenheim,180.000,N/A,,180.000,,180.000,,180.000,180.000
Njinmah,Stürmer,SV Werder Bremen,2.220.000,N/A,,2.190.000,,2.230.000,,2.270.000,2.230.000
Nkounkou,Abwehr,Eintracht Frankfurt,450.000,N/A,,450.000,,450.000,,450.000,450.000
Noll,Torhüter,TSG Hoffenheim,160.000,N/A,,160.000,,160.000,,160.000,160.000
Nordin,Mittelfeld,1. FSV Mainz 05,250.000,N/A,,250.000,,250.000,,250.000,250.000
Nsoki,Abwehr,TSG Hoffenheim,420.000,N/A,,420.000,,420.000,,420.000,420.000
Nübel,Torhüter,VfB Stuttgart,2.390.000,N/A,,2.270.000,,2.370.000,,2.460.000,2.370.000
Nusa,Mittelfeld,RB Leipzig,5.900.000,N/A,,5.750.000,,5.920.000,,6.090.000,5.920.000
Obert,Torhüter,Eintracht Frankfurt,160.000,N/A,,160.000,,160.000,,160.000,160.000
Odogu,Abwehr,VfL Wolfsburg,720.000,N/A,,720.000,,720.000,,730.000,720.000
Ogbemudia,Abwehr,1.FC Union Berlin,180.000,N/A,,180.000,,180.000,,180.000,180.000
Ogbus,Abwehr,Sport-Club Freiburg,320.000,N/A,,320.000,,320.000,,320.000,320.000
Olise,Stürmer,FC Bayern München,18.650.000,N/A,,18.170.000,,18.770.000,,19.370.000,18.770.000
Oliveira,Abwehr,Hamburger SV,180.000,N/A,,180.000,,180.000,,180.000,180.000
Olschowsky,Torhüter,Borussia Mönchengladbach,170.000,N/A,,170.000,,170.000,,170.000,170.000
Omlin,Torhüter,Borussia Mönchengladbach,550.000,N/A,,550.000,,560.000,,570.000,560.000
Onuoha,Stürmer,1. FC Köln,160.000,N/A,,160.000,,160.000,,160.000,160.000
Openda,Stürmer,RB Leipzig,9.850.000,N/A,,9.530.000,,9.850.000,,10.170.000,9.850.000
Opitz,Mittelfeld,SV Werder Bremen,200.000,N/A,,200.000,,200.000,,200.000,200.000
Osterhage,Mittelfeld,Sport-Club Freiburg,1.480.000,N/A,,1.440.000,,1.450.000,,1.450.000,1.450.000
Ouédraogo,Mittelfeld,RB Leipzig,1.930.000,N/A,,1.910.000,,1.910.000,,1.910.000,1.910.000
Özcan,Mittelfeld,Borussia Dortmund,1.030.000,1,,1.020.000,,1.020.000,,1.030.000,1.020.000
Öztunali,Mittelfeld,Hamburger SV,170.000,1,,170.000,,170.000,,170.000,170.000
P. Aaronson,Mittelfeld,Eintracht Frankfurt,1.870.000,N/A,,1.860.000,,1.870.000,,1.870.000,1.870.000
P. Nebel,Mittelfeld,1. FSV Mainz 05,9.590.000,0,,9.210.000,,9.600.000,,9.980.000,9.600.000
P. Schulz,Mittelfeld,1. FSV Mainz 05,170.000,N/A,,170.000,,170.000,,170.000,170.000
Paçarada,Abwehr,1. FC Köln,1.400.000,N/A,,1.400.000,,1.410.000,,1.430.000,1.410.000
Palacios,Mittelfeld,Bayer 04 Leverkusen,5.720.000,3,,5.520.000,,5.690.000,,5.850.000,5.690.000
Paredes,Mittelfeld,VfL Wolfsburg,990.000,N/A,,980.000,,980.000,,980.000,980.000
Pauli,Abwehr,1. FC Köln,740.000,N/A,,740.000,,740.000,,750.000,740.000
Pavlešić,Torhüter,FC Bayern München,410.000,N/A,,420.000,,420.000,,420.000,420.000
Pavlović,Mittelfeld,FC Bayern München,6.860.000,N/A,,6.660.000,,6.860.000,,7.060.000,6.860.000
Pedersen,Abwehr,FC Augsburg,220.000,1,,220.000,,220.000,,220.000,220.000
Pejčinović,Stürmer,VfL Wolfsburg,540.000,N/A,,540.000,,540.000,,540.000,540.000
Perea,Stürmer,VfB Stuttgart,170.000,N/A,,170.000,,170.000,,170.000,170.000
Pereira Cardoso,Torhüter,Borussia Mönchengladbach,340.000,N/A,,340.000,,340.000,,340.000,340.000
Pereira Lage,Mittelfeld,FC St. Pauli,2.830.000,N/A,,2.850.000,,2.890.000,,2.930.000,2.890.000
Peretz,Torhüter,FC Bayern München,170.000,N/A,,170.000,,170.000,,170.000,170.000
Perrin,Abwehr,Hamburger SV,380.000,N/A,,380.000,,380.000,,380.000,380.000
Pervan,Torhüter,VfL Wolfsburg,160.000,N/A,,160.000,,160.000,,160.000,160.000
Pesch,Stürmer,Borussia Mönchengladbach,160.000,N/A,,160.000,,160.000,,160.000,160.000
Petersson,Torhüter,TSG Hoffenheim,160.000,N/A,,160.000,,160.000,,160.000,160.000
Pherai,Mittelfeld,Hamburger SV,850.000,N/A,,860.000,,860.000,,860.000,860.000
Pieper,Abwehr,SV Werder Bremen,1.580.000,2,,1.540.000,,1.560.000,,1.580.000,1.560.000
Pieringer,Stürmer,1.FC Heidenheim,3.190.000,N/A,,3.150.000,,3.220.000,,3.280.000,3.220.000
Pléa,Stürmer,Borussia Mönchengladbach,5.620.000,2,,5.390.000,,5.570.000,,5.750.000,5.570.000
Poller,Mittelfeld,TSG Hoffenheim,160.000,N/A,,160.000,,160.000,,160.000,160.000
Poręba,Mittelfeld,Hamburger SV,280.000,N/A,,280.000,,280.000,,280.000,280.000
Potočnik,Stürmer,1. FC Köln,290.000,N/A,,290.000,,290.000,,290.000,290.000
Poulsen,Stürmer,RB Leipzig,1.080.000,1,,1.090.000,,1.100.000,,1.110.000,1.100.000
Prass,Abwehr,TSG Hoffenheim,940.000,N/A,,940.000,,950.000,,970.000,950.000
Preu,Mittelfeld,1.FC Union Berlin,310.000,N/A,,310.000,,310.000,,310.000,310.000
Prömel,Mittelfeld,TSG Hoffenheim,1.430.000,N/A,,1.450.000,,1.450.000,,1.450.000,1.450.000
Pyrka,Abwehr,FC St. Pauli,660.000,N/A,,650.000,,660.000,,660.000,660.000
Querfeld,Abwehr,1.FC Union Berlin,3.200.000,N/A,,3.150.000,,3.200.000,,3.250.000,3.200.000
Raab,Torhüter,Hamburger SV,180.000,N/A,,180.000,,180.000,,180.000,180.000
Ramaj,Torhüter,Borussia Dortmund,380.000,N/A,,380.000,,380.000,,380.000,380.000
Ranos,Stürmer,Borussia Mönchengladbach,340.000,N/A,,340.000,,340.000,,340.000,340.000
Raphaël Guerreiro,Abwehr,FC Bayern München,3.900.000,2,,3.840.000,,3.900.000,,3.960.000,3.900.000
Rapsch,Torhüter,Bayer 04 Leverkusen,160.000,N/A,,160.000,,160.000,,160.000,160.000
Raum,Abwehr,RB Leipzig,5.240.000,3,,5.070.000,,5.260.000,,5.460.000,5.260.000
Reitz,Mittelfeld,Borussia Mönchengladbach,5.400.000,N/A,,5.180.000,,5.330.000,,5.490.000,5.330.000
Remberg,Mittelfeld,Hamburger SV,2.220.000,N/A,,2.180.000,,2.210.000,,2.240.000,2.210.000
Rexhbecaj,Mittelfeld,FC Augsburg,1.190.000,2,,1.190.000,,1.190.000,,1.200.000,1.190.000
Reyna,Stürmer,Borussia Dortmund,780.000,6,,760.000,,770.000,,780.000,770.000
Richter,Stürmer,1. FSV Mainz 05,630.000,3,,630.000,,630.000,,630.000,630.000
Rieß,Torhüter,1. FSV Mainz 05,240.000,N/A,,240.000,,240.000,,240.000,240.000
Ritzka,Abwehr,FC St. Pauli,580.000,N/A,,580.000,,590.000,,600.000,590.000
Robatsch,Abwehr,FC St. Pauli,440.000,N/A,,440.000,,440.000,,440.000,440.000
Rogério,Abwehr,VfL Wolfsburg,270.000,N/A,,270.000,,270.000,,270.000,270.000
Röhl,Mittelfeld,Sport-Club Freiburg,1.870.000,N/A,,1.810.000,,1.860.000,,1.900.000,1.860.000
Rondić,Stürmer,1. FC Köln,250.000,N/A,,250.000,,250.000,,250.000,250.000
Rönnow,Torhüter,1.FC Union Berlin,2.120.000,N/A,,2.110.000,,2.140.000,,2.170.000,2.140.000
Rosenfelder,Abwehr,Sport-Club Freiburg,2.210.000,N/A,,2.160.000,,2.190.000,,2.220.000,2.190.000
Rothe,Abwehr,1.FC Union Berlin,1.960.000,N/A,,1.950.000,,1.980.000,,2.000.000,1.980.000
Rothweiler,Mittelfeld,1.FC Heidenheim,180.000,N/A,,180.000,,180.000,,180.000,180.000
Ryerson,Abwehr,Borussia Dortmund,3.990.000,1,,3.960.000,,4.020.000,,4.090.000,4.020.000
Røssing-Lelesiit,Stürmer,Hamburger SV,310.000,N/A,,310.000,,310.000,,310.000,310.000
S. Banks,Stürmer,FC St. Pauli,220.000,N/A,,220.000,,220.000,,220.000,220.000
S. Coulibaly,Abwehr,Borussia Dortmund,440.000,N/A,,440.000,,440.000,,440.000,440.000
S. El Mala,Stürmer,1. FC Köln,1.970.000,N/A,,1.970.000,,1.980.000,,1.980.000,1.980.000
Saad,Stürmer,FC Augsburg,1.930.000,N/A,,1.900.000,,1.910.000,,1.910.000,1.910.000
Sabitzer,Mittelfeld,Borussia Dortmund,2.610.000,1,,2.570.000,,2.630.000,,2.690.000,2.630.000
Sahiti,Stürmer,Hamburger SV,770.000,N/A,,770.000,,770.000,,770.000,770.000
Sakar,Mittelfeld,RB Leipzig,170.000,N/A,,170.000,,170.000,,170.000,170.000
Saliakas,Abwehr,FC St. Pauli,2.220.000,N/A,,2.220.000,,2.250.000,,2.270.000,2.250.000
Salifou,Mittelfeld,SV Werder Bremen,180.000,N/A,,180.000,,180.000,,180.000,180.000
Sander,Mittelfeld,Borussia Mönchengladbach,1.670.000,N/A,,1.630.000,,1.670.000,,1.710.000,1.670.000
Sands,Mittelfeld,FC St. Pauli,500.000,N/A,,500.000,,500.000,,500.000,500.000
Sano,Mittelfeld,1. FSV Mainz 05,3.540.000,N/A,,3.420.000,,3.500.000,,3.590.000,3.500.000
Santos Daiber,Mittelfeld,FC Bayern München,160.000,N/A,,160.000,,160.000,,160.000,160.000
Sarco,Stürmer,Bayer 04 Leverkusen,230.000,N/A,,230.000,,230.000,,230.000,230.000
Scally,Abwehr,Borussia Mönchengladbach,1.360.000,-2,,1.360.000,,1.380.000,,1.390.000,1.380.000
Schäfer,Mittelfeld,1.FC Union Berlin,1.270.000,N/A,,1.270.000,,1.270.000,,1.280.000,1.270.000
Scherhant,Stürmer,Sport-Club Freiburg,2.230.000,N/A,,2.130.000,,2.160.000,,2.190.000,2.160.000
Schick,Stürmer,Bayer 04 Leverkusen,11.900.000,6,,11.670.000,,12.050.000,,12.440.000,12.050.000
Schimmer,Stürmer,1.FC Heidenheim,190.000,N/A,,190.000,,190.000,,190.000,190.000
Schlager,Mittelfeld,RB Leipzig,3.460.000,3,,3.420.000,,3.470.000,,3.530.000,3.470.000
Schmid,Mittelfeld,SV Werder Bremen,6.440.000,0,,6.360.000,,6.550.000,,6.740.000,6.550.000
Schmied,Abwehr,1. FC Köln,450.000,N/A,,450.000,,450.000,,450.000,450.000
Schmitt,Torhüter,FC Bayern München,160.000,N/A,,160.000,,160.000,,160.000,160.000
Schmitz,Mittelfeld,FC St. Pauli,160.000,N/A,,160.000,,160.000,,160.000,160.000
Schonlau,Abwehr,Hamburger SV,1.190.000,N/A,,1.190.000,,1.190.000,,1.200.000,1.190.000
Schopp,Abwehr,1. FSV Mainz 05,530.000,N/A,,520.000,,530.000,,530.000,530.000
Schöppner,Mittelfeld,1.FC Heidenheim,2.400.000,N/A,,2.340.000,,2.400.000,,2.450.000,2.400.000
Schwäbe,Torhüter,1. FC Köln,2.620.000,N/A,,2.420.000,,2.520.000,,2.630.000,2.520.000
Scienza,Stürmer,1.FC Heidenheim,2.780.000,N/A,,2.780.000,,2.830.000,,2.880.000,2.830.000
Seibt,Torhüter,FC St. Pauli,160.000,N/A,,160.000,,160.000,,160.000,160.000
Seiwald,Mittelfeld,RB Leipzig,1.930.000,N/A,,1.880.000,,1.920.000,,1.970.000,1.920.000
Šeško,Stürmer,RB Leipzig,9.250.000,N/A,,8.840.000,,9.130.000,,9.430.000,9.130.000
Sieb,Stürmer,1. FSV Mainz 05,1.270.000,N/A,,1.260.000,,1.270.000,,1.270.000,1.270.000
Siersleben,Abwehr,1.FC Heidenheim,620.000,N/A,,620.000,,630.000,,640.000,630.000
Silas,Mittelfeld,VfB Stuttgart,1.660.000,N/A,,1.640.000,,1.650.000,,1.650.000,1.650.000
Sildillia,Abwehr,Sport-Club Freiburg,1.230.000,N/A,,1.220.000,,1.220.000,,1.220.000,1.220.000
Siljević,Torhüter,Eintracht Frankfurt,160.000,N/A,,160.000,,160.000,,160.000,160.000
Sinani,Stürmer,FC St. Pauli,2.760.000,N/A,,2.760.000,,2.810.000,,2.870.000,2.810.000
Skarke,Stürmer,1.FC Union Berlin,850.000,N/A,,840.000,,850.000,,850.000,850.000
Skhiri,Mittelfeld,Eintracht Frankfurt,3.530.000,5,,3.450.000,,3.530.000,,3.610.000,3.530.000
Skov,Mittelfeld,1.FC Union Berlin,940.000,N/A,,920.000,,920.000,,930.000,920.000
Skov Olsen,Stürmer,VfL Wolfsburg,1.750.000,N/A,,1.700.000,,1.730.000,,1.770.000,1.730.000
Smith,Abwehr,FC St. Pauli,3.710.000,N/A,,3.650.000,,3.710.000,,3.770.000,3.710.000
Smolčić,Abwehr,Eintracht Frankfurt,180.000,N/A,,180.000,,180.000,,180.000,180.000
Soumahoro,Abwehr,Hamburger SV,490.000,N/A,,490.000,,490.000,,490.000,490.000
Spari,Torhüter,FC St. Pauli,400.000,N/A,,400.000,,400.000,,400.000,400.000
Stach,Mittelfeld,TSG Hoffenheim,5.010.000,N/A,,4.840.000,,4.990.000,,5.130.000,4.990.000
Stage,Mittelfeld,SV Werder Bremen,5.790.000,N/A,,5.710.000,,5.880.000,,6.050.000,5.880.000
Stanišić,Abwehr,FC Bayern München,4.060.000,0,,3.930.000,,4.080.000,,4.220.000,4.080.000
Stark,Abwehr,SV Werder Bremen,2.100.000,2,,2.050.000,,2.080.000,,2.110.000,2.080.000
Stein,Torhüter,1.FC Union Berlin,170.000,N/A,,170.000,,170.000,,170.000,170.000
Stenzel,Abwehr,VfB Stuttgart,420.000,0,,420.000,,420.000,,420.000,420.000
Stergiou,Abwehr,VfB Stuttgart,840.000,N/A,,830.000,,830.000,,830.000,830.000
Stevens,Abwehr,FC St. Pauli,180.000,N/A,,180.000,,180.000,,180.000,180.000
Stiller,Mittelfeld,VfB Stuttgart,10.640.000,4,,10.440.000,,10.610.000,,10.770.000,10.610.000
Stöger,Mittelfeld,Borussia Mönchengladbach,4.930.000,3,,4.840.000,,4.950.000,,5.070.000,4.950.000
Suhonen,Mittelfeld,Hamburger SV,170.000,N/A,,170.000,,170.000,,170.000,170.000
Süle,Abwehr,Borussia Dortmund,3.120.000,4,,3.080.000,,3.130.000,,3.180.000,3.130.000
Suzuki,Mittelfeld,Sport-Club Freiburg,5.250.000,N/A,,5.130.000,,5.210.000,,5.290.000,5.210.000
Svanberg,Mittelfeld,VfL Wolfsburg,1.380.000,N/A,,1.380.000,,1.380.000,,1.380.000,1.380.000
Svensson,Abwehr,Borussia Dortmund,4.550.000,N/A,,4.390.000,,4.560.000,,4.720.000,4.560.000
Swider,Mittelfeld,Borussia Mönchengladbach,170.000,N/A,,170.000,,170.000,,170.000,170.000
T. Drexler,Abwehr,TSG Hoffenheim,370.000,N/A,,370.000,,370.000,,370.000,370.000
T. Philipp,Torhüter,TSG Hoffenheim,170.000,N/A,,170.000,,170.000,,170.000,170.000
Tabaković,Stürmer,TSG Hoffenheim,1.250.000,N/A,,1.240.000,,1.240.000,,1.250.000,1.240.000
Tah,Abwehr,FC Bayern München,7.380.000,4,,7.050.000,,7.310.000,,7.580.000,7.310.000
Tape,Abwehr,Bayer 04 Leverkusen,3.130.000,N/A,,3.030.000,,3.080.000,,3.120.000,3.080.000
Tapsoba,Abwehr,Bayer 04 Leverkusen,3.660.000,N/A,,3.650.000,,3.710.000,,3.760.000,3.710.000
Tauer,Abwehr,1. FSV Mainz 05,180.000,1,,180.000,,180.000,,180.000,180.000
Tella,Mittelfeld,Bayer 04 Leverkusen,3.190.000,N/A,,3.080.000,,3.160.000,,3.230.000,3.160.000
Telle,Abwehr,1. FC Köln,180.000,N/A,,180.000,,180.000,,180.000,180.000
Terrier,Stürmer,Bayer 04 Leverkusen,2.530.000,N/A,,2.500.000,,2.540.000,,2.580.000,2.540.000
Theate,Abwehr,Eintracht Frankfurt,4.620.000,N/A,,4.450.000,,4.620.000,,4.790.000,4.620.000
Thielmann,Stürmer,1. FC Köln,1.610.000,5,,1.590.000,,1.620.000,,1.650.000,1.620.000
Tiago Tomás,Stürmer,VfL Wolfsburg,3.220.000,N/A,,3.200.000,,3.240.000,,3.290.000,3.240.000
Tietz,Stürmer,FC Augsburg,3.860.000,N/A,,3.860.000,,3.940.000,,4.010.000,3.940.000
Tigges,Stürmer,1. FC Köln,290.000,N/A,,300.000,,300.000,,310.000,300.000
Tohumcu,Mittelfeld,TSG Hoffenheim,370.000,N/A,,390.000,,390.000,,390.000,390.000
Topp,Stürmer,SV Werder Bremen,1.990.000,N/A,,1.970.000,,2.010.000,,2.050.000,2.010.000
Torunarigha,Abwehr,Hamburger SV,3.060.000,0,,3.030.000,,3.080.000,,3.130.000,3.080.000
Tousart,Mittelfeld,1.FC Union Berlin,220.000,0,,230.000,,230.000,,230.000,230.000
Traoré,Abwehr,1.FC Heidenheim,1.250.000,N/A,,1.220.000,,1.240.000,,1.260.000,1.240.000
Trapp,Torhüter,Eintracht Frankfurt,1.900.000,2,,1.800.000,,1.880.000,,1.950.000,1.880.000
Treu,Abwehr,FC St. Pauli,2.800.000,N/A,,2.750.000,,2.790.000,,2.840.000,2.790.000
Trimmel,Abwehr,1.FC Union Berlin,1.120.000,2,,1.110.000,,1.120.000,,1.130.000,1.120.000
Tschernuth,Torhüter,1.FC Heidenheim,170.000,N/A,,170.000,,170.000,,170.000,170.000
Tuta,Abwehr,Eintracht Frankfurt,2.970.000,N/A,,2.900.000,,2.940.000,,2.990.000,2.940.000
Ullrich,Abwehr,Borussia Mönchengladbach,1.650.000,N/A,,1.650.000,,1.670.000,,1.690.000,1.670.000
Ulrich,Mittelfeld,VfB Stuttgart,180.000,N/A,,180.000,,180.000,,180.000,180.000
Undav,Stürmer,VfB Stuttgart,8.540.000,N/A,,8.340.000,,8.620.000,,8.890.000,8.620.000
Upamecano,Abwehr,FC Bayern München,4.800.000,2,,4.730.000,,4.800.000,,4.870.000,4.800.000
Urbig,Torhüter,FC Bayern München,880.000,N/A,,890.000,,890.000,,890.000,890.000
Uzun,Stürmer,Eintracht Frankfurt,3.630.000,N/A,,3.610.000,,3.670.000,,3.720.000,3.670.000
Vagnoman,Abwehr,VfB Stuttgart,1.410.000,N/A,,1.400.000,,1.410.000,,1.430.000,1.410.000
Vandevoordt,Torhüter,RB Leipzig,1.160.000,N/A,,1.170.000,,1.170.000,,1.170.000,1.170.000
Vasilj,Torhüter,FC St. Pauli,2.430.000,N/A,,2.340.000,,2.430.000,,2.530.000,2.430.000
Vavro,Abwehr,VfL Wolfsburg,4.670.000,N/A,,4.480.000,,4.650.000,,4.820.000,4.650.000
Veratschnig,Mittelfeld,1. FSV Mainz 05,310.000,N/A,,320.000,,320.000,,320.000,320.000
Vermeeren,Mittelfeld,RB Leipzig,1.540.000,N/A,,1.500.000,,1.540.000,,1.570.000,1.540.000
Vidić,Mittelfeld,Borussia Mönchengladbach,280.000,N/A,,280.000,,280.000,,280.000,280.000
Vogt,Abwehr,1.FC Union Berlin,800.000,2,,800.000,,800.000,,810.000,800.000
Voll,Torhüter,FC St. Pauli,220.000,N/A,,220.000,,220.000,,220.000,220.000
Vranckx,Mittelfeld,VfL Wolfsburg,480.000,N/A,,480.000,,480.000,,480.000,480.000
W. Orbán,Abwehr,RB Leipzig,5.760.000,4,,5.820.000,,5.910.000,,5.990.000,5.910.000
Wahi,Stürmer,Eintracht Frankfurt,2.720.000,N/A,,2.690.000,,2.740.000,,2.790.000,2.740.000
Wahl,Abwehr,FC St. Pauli,2.790.000,N/A,,2.770.000,,2.820.000,,2.860.000,2.820.000
Waldschmidt,Stürmer,1. FC Köln,2.010.000,N/A,,1.970.000,,2.000.000,,2.030.000,2.000.000
Wanner,Mittelfeld,FC Bayern München,3.820.000,N/A,,3.740.000,,3.830.000,,3.920.000,3.830.000
Weigl,Mittelfeld,Borussia Mönchengladbach,3.710.000,N/A,,3.600.000,,3.690.000,,3.780.000,3.690.000
Weiser,Abwehr,SV Werder Bremen,5.570.000,N/A,,5.310.000,,5.520.000,,5.720.000,5.520.000
Weißhaupt,Mittelfeld,Sport-Club Freiburg,1.750.000,N/A,,1.690.000,,1.730.000,,1.770.000,1.730.000
Werner,Stürmer,RB Leipzig,2.580.000,N/A,,2.550.000,,2.590.000,,2.620.000,2.590.000
Widmer,Abwehr,1. FSV Mainz 05,490.000,3,,490.000,,490.000,,500.000,490.000
Wimmer,Stürmer,VfL Wolfsburg,4.180.000,N/A,,4.100.000,,4.180.000,,4.260.000,4.180.000
Wind,Stürmer,VfL Wolfsburg,5.080.000,N/A,,4.960.000,,5.040.000,,5.120.000,5.040.000
Woltemade,Stürmer,VfB Stuttgart,14.360.000,N/A,,14.050.000,,14.510.000,,14.980.000,14.510.000
Xavi Simons,Mittelfeld,RB Leipzig,10.190.000,N/A,,9.690.000,,10.100.000,,10.500.000,10.100.000
Xhaka,Mittelfeld,Bayer 04 Leverkusen,8.810.000,N/A,,8.620.000,,8.750.000,,8.880.000,8.750.000
Yalçınkaya,Mittelfeld,Hamburger SV,170.000,N/A,,170.000,,170.000,,170.000,170.000
Yardımcı,Stürmer,TSG Hoffenheim,280.000,N/A,,280.000,,280.000,,280.000,280.000
Zagadou,Abwehr,VfB Stuttgart,1.660.000,N/A,,1.650.000,,1.660.000,,1.660.000,1.660.000
Zaragoza,Stürmer,FC Bayern München,680.000,N/A,,680.000,,680.000,,680.000,680.000
Zentner,Torhüter,1. FSV Mainz 05,2.960.000,1,,2.730.000,,2.850.000,,2.970.000,2.850.000
Zesiger,Abwehr,FC Augsburg,1.740.000,N/A,,1.730.000,,1.750.000,,1.770.000,1.750.000
Zetterer,Torhüter,SV Werder Bremen,2.010.000,N/A,,1.930.000,,2.010.000,,2.090.000,2.010.000
Zieliński,Torhüter,VfL Wolfsburg,580.000,N/A,,590.000,,590.000,,590.000,610.000
Zingerle,Torhüter,RB Leipzig,160.000,-2,,160.000,,160.000,,160.000,160.000
Zivzivadze,Stürmer,1.FC Heidenheim,2.460.000,N/A,,2.450.000,,2.500.000,,2.550.000,2.500.000
Zvonarek,Mittelfeld,FC Bayern München,450.000,N/A,,450.000,,450.000,,450.000,450.000
Đurić,Mittelfeld,TSG Hoffenheim,160.000,N/A,,160.000,,160.000,,160.000,160.000
