SPIELER;POSITION;TEAM;PUNKTE;MARKTWERT;ZIELWERT;PUNKTE / SPIEL;KAUFEMPFEHLUNG;PREIS-LEISSTUNG;GEBOTSVORHERSAGE;BESITZER;Datum;Unnamed: 12;Unnamed: 13;Unnamed: 14;Unnamed: 15;Unnamed: 16;Unnamed: 17;Unnamed: 18;Unnamed: 19;Unnamed: 20;Unnamed: 21;Unnamed: 22;Unnamed: 23;Unnamed: 24;Unnamed: 25;Unnamed: 26;Unnamed: 27;Unnamed: 28;Unnamed: 29;Unnamed: 30;Unnamed: 31;Unnamed: 32;Unnamed: 33;Unnamed: 34;Unnamed: 35;Unnamed: 36;Unnamed: 37;Unnamed: 38;Unnamed: 39;Unnamed: 40;Unnamed: 41;Unnamed: 42;Unnamed: 43;Unnamed: 44;Unnamed: 45;Unnamed: 46;Unnamed: 47;Unnamed: 48;Unnamed: 49;Unnamed: 50;Unnamed: 51;Unnamed: 52;Unnamed: 53;Unnamed: 54;Unnamed: 55;Unnamed: 56;Unnamed: 57;Unnamed: 58;Unnamed: 59;Unnamed: 60;Unnamed: 61;Unnamed: 62;Unnamed: 63;Unnamed: 64;Unnamed: 65;Unnamed: 66;Unnamed: 67;Unnamed: 68;Unnamed: 69;Unnamed: 70;Unnamed: 71;Unnamed: 72;Unnamed: 73;Unnamed: 74;
Akpoguma;Abwehr;TSG Hoffenheim;91;1.830.000;1.830.000;3,0;Halten;Gut;0;Computer;;;;;;;;;;;;;;;;;;;;;;;;;;;;;;;;;;;;;;;;;;;;;;;;;;;;;;;;;;;;;;;;;
Hradecky;Torhüter;Bayer 04 Leverkusen;82;910.000;920.000;2,8;Halten;Gut;1;Computer;;;;;;;;;;;;;;;;;;;;;;;;;;;;;;;;;;;;;;;;;;;;;;;;;;;;;;;;;;;;;;;;;
Kobel;Torhüter;Borussia Dortmund;81;2.640.000;2.660.000;2,5;Halten;Schlecht;2;Computer;;;;;;;;;;;;;;;;;;;;;;;;;;;;;;;;;;;;;;;;;;;;;;;;;;;;;;;;;;;;;;;;;
Kownacki;Stürmer;SV Werder Bremen;0;670.000;670.000;1,5;Halten;Durchschnittlich;0;Computer;;;;;;;;;;;;;;;;;;;;;;;;;;;;;;;;;;;;;;;;;;;;;;;;;;;;;;;;;;;;;;;;;
Palacios;Mittelfeld;Bayer 04 Leverkusen;95;5.720.000;5.690.000;4,5;Halten;Gut;0;Computer;;;;;;;;;;;;;;;;;;;;;;;;;;;;;;;;;;;;;;;;;;;;;;;;;;;;;;;;;;;;;;;;;
Widmer;Abwehr;1. FSV Mainz 05;37;490.000;490.000;1,9;Halten;Gut;0;Computer;;;;;;;;;;;;;;;;;;;;;;;;;;;;;;;;;;;;;;;;;;;;;;;;;;;;;;;;;;;;;;;;;
Nacho Ferri;Stürmer;Eintracht Frankfurt;0;170.000;170.000;2,0;Halten;Gut;0;Computer;;;;;;;;;;;;;;;;;;;;;;;;;;;;;;;;;;;;;;;;;;;;;;;;;;;;;;;;;;;;;;;;;
Diogo Leite;Abwehr;1.FC Union Berlin;148;3.770.000;3.680.000;4,9;Halten;Gut;0;Computer;;;;;;;;;;;;;;;;;;;;;;;;;;;;;;;;;;;;;;;;;;;;;;;;;;;;;;;;;;;;;;;;;
Paçarada;Abwehr;1. FC Köln;0;1.400.000;1.410.000;1,6;Halten;Schlecht;0;Computer;;;;;;;;;;;;;;;;;;;;;;;;;;;;;;;;;;;;;;;;;;;;;;;;;;;;;;;;;;;;;;;;;
Breunig;Stürmer;1.FC Heidenheim;32;390.000;390.000;2,7;Halten;Gut;0;Computer;;;;;;;;;;;;;;;;;;;;;;;;;;;;;;;;;;;;;;;;;;;;;;;;;;;;;;;;;;;;;;;;;
Petersson;Torhüter;TSG Hoffenheim;0;160.000;160.000;0,0;Halten;Schlecht;0;Computer;;;;;;;;;;;;;;;;;;;;;;;;;;;;;;;;;;;;;;;;;;;;;;;;;;;;;;;;;;;;;;;;;
Campbell;Stürmer;Borussia Dortmund;3;200.000;200.000;1,5;Halten;Durchschnittlich;0;Computer;;;;;;;;;;;;;;;;;;;;;;;;;;;;;;;;;;;;;;;;;;;;;;;;;;;;;;;;;;;;;;;;;
Ilić;Stürmer;1.FC Union Berlin;79;4.710.000;4.810.000;4,3;Halten;Gut;0;Computer;;;;;;;;;;;;;;;;;;;;;;;;;;;;;;;;;;;;;;;;;;;;;;;;;;;;;;;;;;;;;;;;;
Oliveira;Abwehr;Hamburger SV;0;180.000;180.000;0,0;Halten;Schlecht;0;Computer;;;;;;;;;;;;;;;;;;;;;;;;;;;;;;;;;;;;;;;;;;;;;;;;;;;;;;;;;;;;;;;;;
Irié;Stürmer;Sport-Club Freiburg;0;2.820.000;2.820.000;0,0;Halten;Schlecht;0;Computer;;;;;;;;;;;;;;;;;;;;;;;;;;;;;;;;;;;;;;;;;;;;;;;;;;;;;;;;;;;;;;;;;
Akpoguma;Abwehr;TSG Hoffenheim;91;1.830.000;1.840.000;3,0;Halten;Gut;0;Computer;29.06.2025;;;;;;;;;;;;;;;;;;;;;;;;;;;;;;;;;;;;;;;;;;;;;;;;;;;;;;;;;;;;;;;;
Henrichs;Abwehr;RB Leipzig;49;2.320.000;2.230.000;3,3;Halten;Gut;0;Computer;29.06.2025;;;;;;;;;;;;;;;;;;;;;;;;;;;;;;;;;;;;;;;;;;;;;;;;;;;;;;;;;;;;;;;;
Hradecky;Torhüter;Bayer 04 Leverkusen;82;940.000;950.000;2,8;Halten;Gut;1;Computer;29.06.2025;;;;;;;;;;;;;;;;;;;;;;;;;;;;;;;;;;;;;;;;;;;;;;;;;;;;;;;;;;;;;;;;
Kownacki;Stürmer;SV Werder Bremen;0;650.000;640.000;1,5;Halten;Durchschnittlich;0;Computer;29.06.2025;;;;;;;;;;;;;;;;;;;;;;;;;;;;;;;;;;;;;;;;;;;;;;;;;;;;;;;;;;;;;;;;
Stanišić;Abwehr;FC Bayern München;54;4.140.000;4.130.000;3,9;Halten;Durchschnittlich;0;Computer;29.06.2025;;;;;;;;;;;;;;;;;;;;;;;;;;;;;;;;;;;;;;;;;;;;;;;;;;;;;;;;;;;;;;;;
Widmer;Abwehr;1. FSV Mainz 05;37;490.000;500.000;1,9;Halten;Gut;0;Computer;29.06.2025;;;;;;;;;;;;;;;;;;;;;;;;;;;;;;;;;;;;;;;;;;;;;;;;;;;;;;;;;;;;;;;;
Diogo Leite;Abwehr;1.FC Union Berlin;148;3.770.000;3.700.000;4,9;Halten;Gut;0;Computer;29.06.2025;;;;;;;;;;;;;;;;;;;;;;;;;;;;;;;;;;;;;;;;;;;;;;;;;;;;;;;;;;;;;;;;
Paçarada;Abwehr;1. FC Köln;0;1.400.000;1.390.000;1,6;Halten;Schlecht;0;Computer;29.06.2025;;;;;;;;;;;;;;;;;;;;;;;;;;;;;;;;;;;;;;;;;;;;;;;;;;;;;;;;;;;;;;;;
Majer;Mittelfeld;VfL Wolfsburg;42;4.360.000;4.430.000;4,7;Halten;Gut;0;Computer;29.06.2025;;;;;;;;;;;;;;;;;;;;;;;;;;;;;;;;;;;;;;;;;;;;;;;;;;;;;;;;;;;;;;;;
Breunig;Stürmer;1.FC Heidenheim;32;370.000;370.000;2,7;Halten;Gut;0;Computer;29.06.2025;;;;;;;;;;;;;;;;;;;;;;;;;;;;;;;;;;;;;;;;;;;;;;;;;;;;;;;;;;;;;;;;
Elmas;Mittelfeld;RB Leipzig;4;710.000;730.000;2,0;Halten;Durchschnittlich;0;Computer;29.06.2025;;;;;;;;;;;;;;;;;;;;;;;;;;;;;;;;;;;;;;;;;;;;;;;;;;;;;;;;;;;;;;;;
Ilić;Stürmer;1.FC Union Berlin;79;4.500.000;4.560.000;4,3;Halten;Gut;0;Computer;29.06.2025;;;;;;;;;;;;;;;;;;;;;;;;;;;;;;;;;;;;;;;;;;;;;;;;;;;;;;;;;;;;;;;;
Oliveira;Abwehr;Hamburger SV;0;180.000;180.000;0,0;Halten;Schlecht;0;Computer;29.06.2025;;;;;;;;;;;;;;;;;;;;;;;;;;;;;;;;;;;;;;;;;;;;;;;;;;;;;;;;;;;;;;;;
Sahiti;Stürmer;Hamburger SV;0;770.000;760.000;0,0;Halten;Schlecht;0;Computer;29.06.2025;;;;;;;;;;;;;;;;;;;;;;;;;;;;;;;;;;;;;;;;;;;;;;;;;;;;;;;;;;;;;;;;
Irié;Stürmer;Sport-Club Freiburg;0;2.850.000;2.780.000;0,0;Halten;Schlecht;0;Computer;29.06.2025;;;;;;;;;;;;;;;;;;;;;;;;;;;;;;;;;;;;;;;;;;;;;;;;;;;;;;;;;;;;;;;;
da Costa;Abwehr;1. FSV Mainz 05;67;1.080.000;1.070.000;2,8;Halten;Gut;0;Computer;30.06.2025;;;;;;;;;;;;;;;;;;;;;;;;;;;;;;;;;;;;;;;;;;;;;;;;;;;;;;;;;;;;;;;;
Henrichs;Abwehr;RB Leipzig;49;2.320.000;2.230.000;3,3;Halten;Gut;0;Computer;30.06.2025;;;;;;;;;;;;;;;;;;;;;;;;;;;;;;;;;;;;;;;;;;;;;;;;;;;;;;;;;;;;;;;;
Kownacki;Stürmer;SV Werder Bremen;0;650.000;640.000;1,5;Halten;Durchschnittlich;0;Computer;30.06.2025;;;;;;;;;;;;;;;;;;;;;;;;;;;;;;;;;;;;;;;;;;;;;;;;;;;;;;;;;;;;;;;;
Scally;Abwehr;Borussia Mönchengladbach;73;1.310.000;1.320.000;2,3;Halten;Durchschnittlich;0;Computer;30.06.2025;;;;;;;;;;;;;;;;;;;;;;;;;;;;;;;;;;;;;;;;;;;;;;;;;;;;;;;;;;;;;;;;
Stanišić;Abwehr;FC Bayern München;54;4.140.000;4.130.000;3,9;Halten;Durchschnittlich;0;Computer;30.06.2025;;;;;;;;;;;;;;;;;;;;;;;;;;;;;;;;;;;;;;;;;;;;;;;;;;;;;;;;;;;;;;;;
Widmer;Abwehr;1. FSV Mainz 05;37;490.000;500.000;1,9;Halten;Gut;0;Computer;30.06.2025;;;;;;;;;;;;;;;;;;;;;;;;;;;;;;;;;;;;;;;;;;;;;;;;;;;;;;;;;;;;;;;;
Faghir;Stürmer;VfB Stuttgart;0;190.000;190.000;2,8;Halten;Gut;0;Computer;30.06.2025;;;;;;;;;;;;;;;;;;;;;;;;;;;;;;;;;;;;;;;;;;;;;;;;;;;;;;;;;;;;;;;;
Diogo Leite;Abwehr;1.FC Union Berlin;148;3.770.000;3.700.000;4,9;Halten;Gut;0;Computer;30.06.2025;;;;;;;;;;;;;;;;;;;;;;;;;;;;;;;;;;;;;;;;;;;;;;;;;;;;;;;;;;;;;;;;
Stein;Torhüter;1.FC Union Berlin;0;180.000;180.000;0,0;Halten;Schlecht;0;Computer;30.06.2025;;;;;;;;;;;;;;;;;;;;;;;;;;;;;;;;;;;;;;;;;;;;;;;;;;;;;;;;;;;;;;;;
Majer;Mittelfeld;VfL Wolfsburg;42;4.360.000;4.430.000;4,7;Halten;Gut;0;Computer;30.06.2025;;;;;;;;;;;;;;;;;;;;;;;;;;;;;;;;;;;;;;;;;;;;;;;;;;;;;;;;;;;;;;;;
Breunig;Stürmer;1.FC Heidenheim;32;370.000;370.000;2,7;Halten;Gut;0;Computer;30.06.2025;;;;;;;;;;;;;;;;;;;;;;;;;;;;;;;;;;;;;;;;;;;;;;;;;;;;;;;;;;;;;;;;
Elmas;Mittelfeld;RB Leipzig;4;710.000;730.000;2,0;Halten;Durchschnittlich;0;Computer;30.06.2025;;;;;;;;;;;;;;;;;;;;;;;;;;;;;;;;;;;;;;;;;;;;;;;;;;;;;;;;;;;;;;;;
Krattenmacher;Mittelfeld;FC Bayern München;0;1.160.000;1.150.000;0,0;Halten;Schlecht;0;Computer;30.06.2025;;;;;;;;;;;;;;;;;;;;;;;;;;;;;;;;;;;;;;;;;;;;;;;;;;;;;;;;;;;;;;;;
Sahiti;Stürmer;Hamburger SV;0;770.000;760.000;0,0;Halten;Schlecht;0;Computer;30.06.2025;;;;;;;;;;;;;;;;;;;;;;;;;;;;;;;;;;;;;;;;;;;;;;;;;;;;;;;;;;;;;;;;
Spari;Torhüter;FC St. Pauli;0;380.000;380.000;0,0;Halten;Schlecht;0;Computer;30.06.2025;;;;;;;;;;;;;;;;;;;;;;;;;;;;;;;;;;;;;;;;;;;;;;;;;;;;;;;;;;;;;;;;
da Costa;Abwehr;1. FSV Mainz 05;67;1.140.000;1.130.000;2,8;Halten;Gut;0;Computer;02.07.2025;;;;;;;;;;;;;;;;;;;;;;;;;;;;;;;;;;;;;;;;;;;;;;;;;;;;;;;;;;;;;;;;
Jatta;Stürmer;Hamburger SV;0;1.510.000;1.510.000;1,0;Halten;Schlecht;0;Computer;02.07.2025;;;;;;;;;;;;;;;;;;;;;;;;;;;;;;;;;;;;;;;;;;;;;;;;;;;;;;;;;;;;;;;;
Muslija;Mittelfeld;Sport-Club Freiburg;20;630.000;630.000;2,5;Halten;Gut;0;Computer;02.07.2025;;;;;;;;;;;;;;;;;;;;;;;;;;;;;;;;;;;;;;;;;;;;;;;;;;;;;;;;;;;;;;;;
Schick;Stürmer;Bayer 04 Leverkusen;190;12.810.000;13.070.000;6,3;Halten;Durchschnittlich;2;Computer;02.07.2025;;;;;;;;;;;;;;;;;;;;;;;;;;;;;;;;;;;;;;;;;;;;;;;;;;;;;;;;;;;;;;;;
Scally;Abwehr;Borussia Mönchengladbach;73;1.280.000;1.280.000;2,3;Halten;Durchschnittlich;0;Computer;02.07.2025;;;;;;;;;;;;;;;;;;;;;;;;;;;;;;;;;;;;;;;;;;;;;;;;;;;;;;;;;;;;;;;;
Ache;Stürmer;1. FC Köln;0;4.980.000;4.900.000;1,5;Halten;Schlecht;0;Computer;02.07.2025;;;;;;;;;;;;;;;;;;;;;;;;;;;;;;;;;;;;;;;;;;;;;;;;;;;;;;;;;;;;;;;;
Hložek;Stürmer;TSG Hoffenheim;129;5.590.000;5.550.000;5,0;Halten;Gut;0;Computer;02.07.2025;;;;;;;;;;;;;;;;;;;;;;;;;;;;;;;;;;;;;;;;;;;;;;;;;;;;;;;;;;;;;;;;
Cozza;Abwehr;VfL Wolfsburg;0;190.000;190.000;0,8;Halten;Schlecht;0;Computer;02.07.2025;;;;;;;;;;;;;;;;;;;;;;;;;;;;;;;;;;;;;;;;;;;;;;;;;;;;;;;;;;;;;;;;
Stein;Torhüter;1.FC Union Berlin;0;170.000;170.000;0,0;Halten;Schlecht;0;Computer;02.07.2025;;;;;;;;;;;;;;;;;;;;;;;;;;;;;;;;;;;;;;;;;;;;;;;;;;;;;;;;;;;;;;;;
Treu;Abwehr;Sport-Club Freiburg;99;2.770.000;2.750.000;3,0;Halten;Durchschnittlich;0;Computer;02.07.2025;;;;;;;;;;;;;;;;;;;;;;;;;;;;;;;;;;;;;;;;;;;;;;;;;;;;;;;;;;;;;;;;
Krattenmacher;Mittelfeld;FC Bayern München;0;1.110.000;1.100.000;0,0;Halten;Schlecht;0;Computer;02.07.2025;;;;;;;;;;;;;;;;;;;;;;;;;;;;;;;;;;;;;;;;;;;;;;;;;;;;;;;;;;;;;;;;
Giannoulis;Abwehr;FC Augsburg;118;2.940.000;2.930.000;3,8;Halten;Gut;0;Computer;02.07.2025;;;;;;;;;;;;;;;;;;;;;;;;;;;;;;;;;;;;;;;;;;;;;;;;;;;;;;;;;;;;;;;;
Malanga;Stürmer;VfB Stuttgart;0;240.000;240.000;0,0;Halten;Schlecht;0;Computer;02.07.2025;;;;;;;;;;;;;;;;;;;;;;;;;;;;;;;;;;;;;;;;;;;;;;;;;;;;;;;;;;;;;;;;
Vidić;Mittelfeld;Borussia Mönchengladbach;0;270.000;270.000;0,0;Halten;Schlecht;0;Computer;02.07.2025;;;;;;;;;;;;;;;;;;;;;;;;;;;;;;;;;;;;;;;;;;;;;;;;;;;;;;;;;;;;;;;;
Spari;Torhüter;FC St. Pauli;0;370.000;370.000;0,0;Halten;Schlecht;0;Computer;02.07.2025;;;;;;;;;;;;;;;;;;;;;;;;;;;;;;;;;;;;;;;;;;;;;;;;;;;;;;;;;;;;;;;;
K. Müller;Torhüter;1.FC Heidenheim;82;1.480.000;1.450.000;2,5;Halten;Durchschnittlich;1;Computer;03.07.2025;;;;;;;;;;;;;;;;;;;;;;;;;;;;;;;;;;;;;;;;;;;;;;;;;;;;;;;;;;;;;;;;
Jatta;Stürmer;Hamburger SV;0;1.510.000;1.510.000;1,0;Halten;Schlecht;0;Computer;03.07.2025;;;;;;;;;;;;;;;;;;;;;;;;;;;;;;;;;;;;;;;;;;;;;;;;;;;;;;;;;;;;;;;;
Muslija;Mittelfeld;Sport-Club Freiburg;20;630.000;630.000;2,5;Halten;Gut;0;Computer;03.07.2025;;;;;;;;;;;;;;;;;;;;;;;;;;;;;;;;;;;;;;;;;;;;;;;;;;;;;;;;;;;;;;;;
Pedersen;Abwehr;FC Augsburg;3;210.000;210.000;0,6;Halten;Schlecht;0;Computer;03.07.2025;;;;;;;;;;;;;;;;;;;;;;;;;;;;;;;;;;;;;;;;;;;;;;;;;;;;;;;;;;;;;;;;
Schick;Stürmer;Bayer 04 Leverkusen;190;12.810.000;13.070.000;6,3;Halten;Durchschnittlich;2;Computer;03.07.2025;;;;;;;;;;;;;;;;;;;;;;;;;;;;;;;;;;;;;;;;;;;;;;;;;;;;;;;;;;;;;;;;
Ache;Stürmer;1. FC Köln;0;4.980.000;4.900.000;1,5;Halten;Schlecht;0;Computer;03.07.2025;;;;;;;;;;;;;;;;;;;;;;;;;;;;;;;;;;;;;;;;;;;;;;;;;;;;;;;;;;;;;;;;
Bischof;Mittelfeld;FC Bayern München;179;6.130.000;6.040.000;5,8;Halten;Gut;1;Computer;03.07.2025;;;;;;;;;;;;;;;;;;;;;;;;;;;;;;;;;;;;;;;;;;;;;;;;;;;;;;;;;;;;;;;;
Hložek;Stürmer;TSG Hoffenheim;129;5.590.000;5.550.000;5,0;Halten;Gut;0;Computer;03.07.2025;;;;;;;;;;;;;;;;;;;;;;;;;;;;;;;;;;;;;;;;;;;;;;;;;;;;;;;;;;;;;;;;
Maza;Mittelfeld;Bayer 04 Leverkusen;0;7.370.000;7.350.000;0,0;Halten;Schlecht;1;Computer;03.07.2025;;;;;;;;;;;;;;;;;;;;;;;;;;;;;;;;;;;;;;;;;;;;;;;;;;;;;;;;;;;;;;;;
Treu;Abwehr;Sport-Club Freiburg;99;2.770.000;2.750.000;3,0;Halten;Durchschnittlich;0;Computer;03.07.2025;;;;;;;;;;;;;;;;;;;;;;;;;;;;;;;;;;;;;;;;;;;;;;;;;;;;;;;;;;;;;;;;
Giannoulis;Abwehr;FC Augsburg;118;2.940.000;2.930.000;3,8;Halten;Gut;0;Computer;03.07.2025;;;;;;;;;;;;;;;;;;;;;;;;;;;;;;;;;;;;;;;;;;;;;;;;;;;;;;;;;;;;;;;;
Malanga;Stürmer;VfB Stuttgart;0;240.000;240.000;0,0;Halten;Schlecht;0;Computer;03.07.2025;;;;;;;;;;;;;;;;;;;;;;;;;;;;;;;;;;;;;;;;;;;;;;;;;;;;;;;;;;;;;;;;
Sarco;Stürmer;Bayer 04 Leverkusen;0;200.000;200.000;0,0;Halten;Schlecht;0;Computer;03.07.2025;;;;;;;;;;;;;;;;;;;;;;;;;;;;;;;;;;;;;;;;;;;;;;;;;;;;;;;;;;;;;;;;
Vidić;Mittelfeld;Borussia Mönchengladbach;0;270.000;270.000;0,0;Halten;Schlecht;0;Computer;03.07.2025;;;;;;;;;;;;;;;;;;;;;;;;;;;;;;;;;;;;;;;;;;;;;;;;;;;;;;;;;;;;;;;;
Hermann;Torhüter;Hamburger SV;0;170.000;170.000;0,0;Halten;Schlecht;0;Computer;03.07.2025;;;;;;;;;;;;;;;;;;;;;;;;;;;;;;;;;;;;;;;;;;;;;;;;;;;;;;;;;;;;;;;;
Bell;Abwehr;1. FSV Mainz 05;70;1.010.000;1.020.000;3,9;Halten;Gut;0;Computer;04.07.2025;;;;;;;;;;;;;;;;;;;;;;;;;;;;;;;;;;;;;;;;;;;;;;;;;;;;;;;;;;;;;;;;
K. Müller;Torhüter;1.FC Heidenheim;82;1.520.000;1.520.000;2,5;Halten;Durchschnittlich;1;Computer;04.07.2025;;;;;;;;;;;;;;;;;;;;;;;;;;;;;;;;;;;;;;;;;;;;;;;;;;;;;;;;;;;;;;;;
Flekken;Torhüter;Bayer 04 Leverkusen;0;2.600.000;2.550.000;3,3;Halten;Durchschnittlich;2;Computer;04.07.2025;;;;;;;;;;;;;;;;;;;;;;;;;;;;;;;;;;;;;;;;;;;;;;;;;;;;;;;;;;;;;;;;
Pedersen;Abwehr;FC Augsburg;3;220.000;220.000;0,6;Halten;Schlecht;0;Computer;04.07.2025;;;;;;;;;;;;;;;;;;;;;;;;;;;;;;;;;;;;;;;;;;;;;;;;;;;;;;;;;;;;;;;;
Ache;Stürmer;1. FC Köln;0;5.180.000;5.110.000;1,5;Halten;Schlecht;0;Computer;04.07.2025;;;;;;;;;;;;;;;;;;;;;;;;;;;;;;;;;;;;;;;;;;;;;;;;;;;;;;;;;;;;;;;;
Bischof;Mittelfeld;FC Bayern München;179;5.890.000;5.830.000;5,8;Halten;Gut;1;Computer;04.07.2025;;;;;;;;;;;;;;;;;;;;;;;;;;;;;;;;;;;;;;;;;;;;;;;;;;;;;;;;;;;;;;;;
Jakić;Mittelfeld;FC Augsburg;93;2.040.000;2.040.000;3,0;Halten;Gut;0;Computer;04.07.2025;;;;;;;;;;;;;;;;;;;;;;;;;;;;;;;;;;;;;;;;;;;;;;;;;;;;;;;;;;;;;;;;
Maza;Mittelfeld;Bayer 04 Leverkusen;0;6.940.000;6.890.000;0,0;Halten;Schlecht;1;Computer;04.07.2025;;;;;;;;;;;;;;;;;;;;;;;;;;;;;;;;;;;;;;;;;;;;;;;;;;;;;;;;;;;;;;;;
Grimaldo;Abwehr;Bayer 04 Leverkusen;170;7.840.000;7.840.000;5,3;Halten;Schlecht;1;Computer;04.07.2025;;;;;;;;;;;;;;;;;;;;;;;;;;;;;;;;;;;;;;;;;;;;;;;;;;;;;;;;;;;;;;;;
Giannoulis;Abwehr;FC Augsburg;118;2.940.000;2.940.000;3,8;Halten;Gut;0;Computer;04.07.2025;;;;;;;;;;;;;;;;;;;;;;;;;;;;;;;;;;;;;;;;;;;;;;;;;;;;;;;;;;;;;;;;
Pavlešić;Torhüter;FC Bayern München;0;370.000;370.000;0,0;Halten;Schlecht;0;Computer;04.07.2025;;;;;;;;;;;;;;;;;;;;;;;;;;;;;;;;;;;;;;;;;;;;;;;;;;;;;;;;;;;;;;;;
Malanga;Stürmer;VfB Stuttgart;0;240.000;240.000;0,0;Halten;Schlecht;0;Computer;04.07.2025;;;;;;;;;;;;;;;;;;;;;;;;;;;;;;;;;;;;;;;;;;;;;;;;;;;;;;;;;;;;;;;;
Sarco;Stürmer;Bayer 04 Leverkusen;0;200.000;200.000;0,0;Halten;Schlecht;0;Computer;04.07.2025;;;;;;;;;;;;;;;;;;;;;;;;;;;;;;;;;;;;;;;;;;;;;;;;;;;;;;;;;;;;;;;;
Hermann;Torhüter;Hamburger SV;0;170.000;170.000;0,0;Halten;Schlecht;0;Computer;04.07.2025;;;;;;;;;;;;;;;;;;;;;;;;;;;;;;;;;;;;;;;;;;;;;;;;;;;;;;;;;;;;;;;;
Jones;Stürmer;FC St. Pauli;0;770.000;760.000;0,0;Halten;Schlecht;0;Computer;04.07.2025;;;;;;;;;;;;;;;;;;;;;;;;;;;;;;;;;;;;;;;;;;;;;;;;;;;;;;;;;;;;;;;;
Bell;Abwehr;1. FSV Mainz 05;70;960.000;990.000;3,9;Halten;Gut;0;Computer;05.07.2025;;;;;;;;;;;;;;;;;;;;;;;;;;;;;;;;;;;;;;;;;;;;;;;;;;;;;;;;;;;;;;;;
K. Müller;Torhüter;1.FC Heidenheim;82;1.490.000;1.430.000;2,5;Halten;Durchschnittlich;1;Computer;05.07.2025;;;;;;;;;;;;;;;;;;;;;;;;;;;;;;;;;;;;;;;;;;;;;;;;;;;;;;;;;;;;;;;;
Maier;Mittelfeld;FC Augsburg;59;480.000;480.000;2,1;Halten;Gut;0;Computer;05.07.2025;;;;;;;;;;;;;;;;;;;;;;;;;;;;;;;;;;;;;;;;;;;;;;;;;;;;;;;;;;;;;;;;
Flekken;Torhüter;Bayer 04 Leverkusen;0;2.760.000;2.720.000;3,3;Halten;Schlecht;2;Computer;05.07.2025;;;;;;;;;;;;;;;;;;;;;;;;;;;;;;;;;;;;;;;;;;;;;;;;;;;;;;;;;;;;;;;;
Pedersen;Abwehr;FC Augsburg;3;210.000;210.000;0,6;Halten;Schlecht;0;Computer;05.07.2025;;;;;;;;;;;;;;;;;;;;;;;;;;;;;;;;;;;;;;;;;;;;;;;;;;;;;;;;;;;;;;;;
Bischof;Mittelfeld;FC Bayern München;179;5.360.000;5.340.000;5,8;Halten;Gut;1;Computer;05.07.2025;;;;;;;;;;;;;;;;;;;;;;;;;;;;;;;;;;;;;;;;;;;;;;;;;;;;;;;;;;;;;;;;
Jakić;Mittelfeld;FC Augsburg;93;2.030.000;2.040.000;3,0;Halten;Gut;0;Computer;05.07.2025;;;;;;;;;;;;;;;;;;;;;;;;;;;;;;;;;;;;;;;;;;;;;;;;;;;;;;;;;;;;;;;;
F. Becker;Mittelfeld;TSG Hoffenheim;32;350.000;350.000;2,9;Halten;Gut;0;Computer;05.07.2025;;;;;;;;;;;;;;;;;;;;;;;;;;;;;;;;;;;;;;;;;;;;;;;;;;;;;;;;;;;;;;;;
Maza;Mittelfeld;Bayer 04 Leverkusen;0;6.140.000;5.930.000;0,0;Halten;Schlecht;1;Computer;05.07.2025;;;;;;;;;;;;;;;;;;;;;;;;;;;;;;;;;;;;;;;;;;;;;;;;;;;;;;;;;;;;;;;;
Grimaldo;Abwehr;Bayer 04 Leverkusen;170;7.880.000;7.830.000;5,3;Halten;Schlecht;1;Computer;05.07.2025;;;;;;;;;;;;;;;;;;;;;;;;;;;;;;;;;;;;;;;;;;;;;;;;;;;;;;;;;;;;;;;;
Pavlešić;Torhüter;FC Bayern München;0;330.000;330.000;0,0;Halten;Schlecht;0;Computer;05.07.2025;;;;;;;;;;;;;;;;;;;;;;;;;;;;;;;;;;;;;;;;;;;;;;;;;;;;;;;;;;;;;;;;
Sarco;Stürmer;Bayer 04 Leverkusen;0;190.000;190.000;0,0;Halten;Schlecht;0;Computer;05.07.2025;;;;;;;;;;;;;;;;;;;;;;;;;;;;;;;;;;;;;;;;;;;;;;;;;;;;;;;;;;;;;;;;
Čović;Mittelfeld;SV Werder Bremen;0;160.000;160.000;0,0;Halten;Schlecht;0;Computer;05.07.2025;;;;;;;;;;;;;;;;;;;;;;;;;;;;;;;;;;;;;;;;;;;;;;;;;;;;;;;;;;;;;;;;
Hermann;Torhüter;Hamburger SV;0;160.000;160.000;0,0;Halten;Schlecht;0;Computer;05.07.2025;;;;;;;;;;;;;;;;;;;;;;;;;;;;;;;;;;;;;;;;;;;;;;;;;;;;;;;;;;;;;;;;
Jones;Stürmer;FC St. Pauli;0;700.000;690.000;0,0;Halten;Schlecht;0;Computer;05.07.2025;;;;;;;;;;;;;;;;;;;;;;;;;;;;;;;;;;;;;;;;;;;;;;;;;;;;;;;;;;;;;;;;
Bell;Abwehr;1. FSV Mainz 05;70;960.000;990.000;3,9;Halten;Gut;0;Computer;06.07.2025;;;;;;;;;;;;;;;;;;;;;;;;;;;;;;;;;;;;;;;;;;;;;;;;;;;;;;;;;;;;;;;;
M. Philipp;Stürmer;Sport-Club Freiburg;0;280.000;280.000;0,0;Halten;Schlecht;0;Computer;06.07.2025;;;;;;;;;;;;;;;;;;;;;;;;;;;;;;;;;;;;;;;;;;;;;;;;;;;;;;;;;;;;;;;;
Maier;Mittelfeld;FC Augsburg;59;480.000;480.000;2,1;Halten;Gut;0;Computer;06.07.2025;;;;;;;;;;;;;;;;;;;;;;;;;;;;;;;;;;;;;;;;;;;;;;;;;;;;;;;;;;;;;;;;
Davies;Abwehr;FC Bayern München;98;3.600.000;3.640.000;5,2;Halten;Gut;0;Computer;06.07.2025;;;;;;;;;;;;;;;;;;;;;;;;;;;;;;;;;;;;;;;;;;;;;;;;;;;;;;;;;;;;;;;;
Rieß;Torhüter;1. FSV Mainz 05;6;210.000;210.000;3,0;Halten;Gut;0;Computer;06.07.2025;;;;;;;;;;;;;;;;;;;;;;;;;;;;;;;;;;;;;;;;;;;;;;;;;;;;;;;;;;;;;;;;
Jakić;Mittelfeld;FC Augsburg;93;2.030.000;2.040.000;3,0;Halten;Gut;0;Computer;06.07.2025;;;;;;;;;;;;;;;;;;;;;;;;;;;;;;;;;;;;;;;;;;;;;;;;;;;;;;;;;;;;;;;;
Weiper;Stürmer;1. FSV Mainz 05;61;3.310.000;3.390.000;3,1;;Gut;0;Computer;06.07.2025;;;;;;;;;;;;;;;;;;;;;;;;;;;;;;;;;;;;;;;;;;;;;;;;;;;;;;;;;;;;;;;;
F. Becker;Mittelfeld;TSG Hoffenheim;32;350.000;350.000;2,9;Halten;Gut;0;Computer;06.07.2025;;;;;;;;;;;;;;;;;;;;;;;;;;;;;;;;;;;;;;;;;;;;;;;;;;;;;;;;;;;;;;;;
Köhler;Abwehr;RB Leipzig;0;170.000;170.000;0,0;Halten;Schlecht;0;Computer;06.07.2025;;;;;;;;;;;;;;;;;;;;;;;;;;;;;;;;;;;;;;;;;;;;;;;;;;;;;;;;;;;;;;;;
Ogbemudia;Abwehr;1.FC Union Berlin;0;180.000;180.000;0,0;Halten;Schlecht;0;Computer;06.07.2025;;;;;;;;;;;;;;;;;;;;;;;;;;;;;;;;;;;;;;;;;;;;;;;;;;;;;;;;;;;;;;;;
Pavlešić;Torhüter;FC Bayern München;0;330.000;330.000;0,0;Halten;Schlecht;0;Computer;06.07.2025;;;;;;;;;;;;;;;;;;;;;;;;;;;;;;;;;;;;;;;;;;;;;;;;;;;;;;;;;;;;;;;;
Čović;Mittelfeld;SV Werder Bremen;0;160.000;160.000;0,0;Halten;Schlecht;0;Computer;06.07.2025;;;;;;;;;;;;;;;;;;;;;;;;;;;;;;;;;;;;;;;;;;;;;;;;;;;;;;;;;;;;;;;;
Gazibegović;Abwehr;1. FC Köln;0;830.000;820.000;0,0;Halten;Schlecht;0;Computer;06.07.2025;;;;;;;;;;;;;;;;;;;;;;;;;;;;;;;;;;;;;;;;;;;;;;;;;;;;;;;;;;;;;;;;
Mikelbrencis;Abwehr;Hamburger SV;0;650.000;650.000;0,0;Halten;Schlecht;0;Computer;06.07.2025;;;;;;;;;;;;;;;;;;;;;;;;;;;;;;;;;;;;;;;;;;;;;;;;;;;;;;;;;;;;;;;;
Jones;Stürmer;FC St. Pauli;0;700.000;690.000;0,0;Halten;Schlecht;0;Computer;06.07.2025;;;;;;;;;;;;;;;;;;;;;;;;;;;;;;;;;;;;;;;;;;;;;;;;;;;;;;;;;;;;;;;;
M. Philipp;Stürmer;Sport-Club Freiburg;0;280.000;280.000;0,0;Halten;Schlecht;0;Computer;07.07.2025;;;;;;;;;;;;;;;;;;;;;;;;;;;;;;;;;;;;;;;;;;;;;;;;;;;;;;;;;;;;;;;;
Hradecky;Torhüter;Bayer 04 Leverkusen;82;1.040.000;1.030.000;2,8;Halten;Gut;1;Computer;07.07.2025;;;;;;;;;;;;;;;;;;;;;;;;;;;;;;;;;;;;;;;;;;;;;;;;;;;;;;;;;;;;;;;;
Maier;Mittelfeld;FC Augsburg;59;470.000;470.000;2,1;Halten;Gut;0;Computer;07.07.2025;;;;;;;;;;;;;;;;;;;;;;;;;;;;;;;;;;;;;;;;;;;;;;;;;;;;;;;;;;;;;;;;
Davies;Abwehr;FC Bayern München;98;3.540.000;3.480.000;5,2;Halten;Gut;0;Computer;07.07.2025;;;;;;;;;;;;;;;;;;;;;;;;;;;;;;;;;;;;;;;;;;;;;;;;;;;;;;;;;;;;;;;;
Rieß;Torhüter;1. FSV Mainz 05;6;210.000;210.000;3,0;Halten;Gut;0;Computer;07.07.2025;;;;;;;;;;;;;;;;;;;;;;;;;;;;;;;;;;;;;;;;;;;;;;;;;;;;;;;;;;;;;;;;
Weiper;Stürmer;1. FSV Mainz 05;61;3.490.000;3.490.000;3,1;;Gut;0;Computer;07.07.2025;;;;;;;;;;;;;;;;;;;;;;;;;;;;;;;;;;;;;;;;;;;;;;;;;;;;;;;;;;;;;;;;
F. Becker;Mittelfeld;TSG Hoffenheim;32;340.000;340.000;2,9;Halten;Gut;0;Computer;07.07.2025;;;;;;;;;;;;;;;;;;;;;;;;;;;;;;;;;;;;;;;;;;;;;;;;;;;;;;;;;;;;;;;;
Pejčinović;Stürmer;VfL Wolfsburg;0;440.000;440.000;1,5;Halten;Durchschnittlich;0;Computer;07.07.2025;;;;;;;;;;;;;;;;;;;;;;;;;;;;;;;;;;;;;;;;;;;;;;;;;;;;;;;;;;;;;;;;
Breithaupt;Mittelfeld;FC Augsburg;6;280.000;280.000;3,0;Halten;Gut;0;Computer;07.07.2025;;;;;;;;;;;;;;;;;;;;;;;;;;;;;;;;;;;;;;;;;;;;;;;;;;;;;;;;;;;;;;;;
Köhler;Abwehr;RB Leipzig;0;170.000;170.000;0,0;Halten;Schlecht;0;Computer;07.07.2025;;;;;;;;;;;;;;;;;;;;;;;;;;;;;;;;;;;;;;;;;;;;;;;;;;;;;;;;;;;;;;;;
Ogbemudia;Abwehr;1.FC Union Berlin;0;170.000;170.000;0,0;Halten;Schlecht;0;Computer;07.07.2025;;;;;;;;;;;;;;;;;;;;;;;;;;;;;;;;;;;;;;;;;;;;;;;;;;;;;;;;;;;;;;;;
Gebel;Mittelfeld;RB Leipzig;1;170.000;170.000;1,0;Halten;Schlecht;0;Computer;07.07.2025;;;;;;;;;;;;;;;;;;;;;;;;;;;;;;;;;;;;;;;;;;;;;;;;;;;;;;;;;;;;;;;;
H. Behrens;Abwehr;TSG Hoffenheim;2;200.000;200.000;2,0;Halten;Gut;0;Computer;07.07.2025;;;;;;;;;;;;;;;;;;;;;;;;;;;;;;;;;;;;;;;;;;;;;;;;;;;;;;;;;;;;;;;;
Gazibegović;Abwehr;1. FC Köln;0;760.000;750.000;0,0;Halten;Schlecht;0;Computer;07.07.2025;;;;;;;;;;;;;;;;;;;;;;;;;;;;;;;;;;;;;;;;;;;;;;;;;;;;;;;;;;;;;;;;
Mikelbrencis;Abwehr;Hamburger SV;0;690.000;670.000;0,0;Halten;Schlecht;0;Computer;07.07.2025;;;;;;;;;;;;;;;;;;;;;;;;;;;;;;;;;;;;;;;;;;;;;;;;;;;;;;;;;;;;;;;;
Hradecky;Torhüter;Bayer 04 Leverkusen;82;960.000;970.000;2,8;Halten;Gut;1;Computer;08.07.2025;;;;;;;;;;;;;;;;;;;;;;;;;;;;;;;;;;;;;;;;;;;;;;;;;;;;;;;;;;;;;;;;
Gnabry;Stürmer;FC Bayern München;124;7.460.000;7.400.000;4,8;Halten;Gut;1;Computer;08.07.2025;;;;;;;;;;;;;;;;;;;;;;;;;;;;;;;;;;;;;;;;;;;;;;;;;;;;;;;;;;;;;;;;
Jeong;Stürmer;1.FC Union Berlin;76;1.840.000;1.890.000;3,5;Halten;Gut;0;Computer;08.07.2025;;;;;;;;;;;;;;;;;;;;;;;;;;;;;;;;;;;;;;;;;;;;;;;;;;;;;;;;;;;;;;;;
Rieß;Torhüter;1. FSV Mainz 05;6;210.000;210.000;3,0;Halten;Gut;0;Computer;08.07.2025;;;;;;;;;;;;;;;;;;;;;;;;;;;;;;;;;;;;;;;;;;;;;;;;;;;;;;;;;;;;;;;;
Pejčinović;Stürmer;VfL Wolfsburg;0;420.000;420.000;1,5;Halten;Durchschnittlich;0;Computer;08.07.2025;;;;;;;;;;;;;;;;;;;;;;;;;;;;;;;;;;;;;;;;;;;;;;;;;;;;;;;;;;;;;;;;
Beljo;Stürmer;FC Augsburg;0;500.000;500.000;2,1;Halten;Gut;0;Computer;08.07.2025;;;;;;;;;;;;;;;;;;;;;;;;;;;;;;;;;;;;;;;;;;;;;;;;;;;;;;;;;;;;;;;;
Breithaupt;Mittelfeld;FC Augsburg;6;270.000;270.000;3,0;Halten;Gut;0;Computer;08.07.2025;;;;;;;;;;;;;;;;;;;;;;;;;;;;;;;;;;;;;;;;;;;;;;;;;;;;;;;;;;;;;;;;
Honorat;Stürmer;Borussia Mönchengladbach;122;6.860.000;6.800.000;6,4;Halten;Gut;1;Computer;08.07.2025;;;;;;;;;;;;;;;;;;;;;;;;;;;;;;;;;;;;;;;;;;;;;;;;;;;;;;;;;;;;;;;;
Köhler;Abwehr;RB Leipzig;0;170.000;170.000;0,0;Halten;Schlecht;0;Computer;08.07.2025;;;;;;;;;;;;;;;;;;;;;;;;;;;;;;;;;;;;;;;;;;;;;;;;;;;;;;;;;;;;;;;;
Ogbemudia;Abwehr;1.FC Union Berlin;0;170.000;170.000;0,0;Halten;Schlecht;0;Computer;08.07.2025;;;;;;;;;;;;;;;;;;;;;;;;;;;;;;;;;;;;;;;;;;;;;;;;;;;;;;;;;;;;;;;;
Gebel;Mittelfeld;RB Leipzig;1;160.000;160.000;1,0;Halten;Schlecht;0;Computer;08.07.2025;;;;;;;;;;;;;;;;;;;;;;;;;;;;;;;;;;;;;;;;;;;;;;;;;;;;;;;;;;;;;;;;
Tabaković;Stürmer;TSG Hoffenheim;68;1.080.000;1.060.000;3,1;Halten;Gut;0;Computer;08.07.2025;;;;;;;;;;;;;;;;;;;;;;;;;;;;;;;;;;;;;;;;;;;;;;;;;;;;;;;;;;;;;;;;
H. Behrens;Abwehr;TSG Hoffenheim;2;190.000;190.000;2,0;Halten;Gut;0;Computer;08.07.2025;;;;;;;;;;;;;;;;;;;;;;;;;;;;;;;;;;;;;;;;;;;;;;;;;;;;;;;;;;;;;;;;
Gazibegović;Abwehr;1. FC Köln;0;710.000;710.000;0,0;Halten;Schlecht;0;Computer;08.07.2025;;;;;;;;;;;;;;;;;;;;;;;;;;;;;;;;;;;;;;;;;;;;;;;;;;;;;;;;;;;;;;;;
Raab;Torhüter;Hamburger SV;0;160.000;160.000;0,0;Halten;Schlecht;0;Computer;08.07.2025;;;;;;;;;;;;;;;;;;;;;;;;;;;;;;;;;;;;;;;;;;;;;;;;;;;;;;;;;;;;;;;;
Hradecky;Torhüter;Bayer 04 Leverkusen;82;960.000;970.000;2,8;Halten;Gut;1;Computer;09.07.2025;;;;;;;;;;;;;;;;;;;;;;;;;;;;;;;;;;;;;;;;;;;;;;;;;;;;;;;;;;;;;;;;
Guirassy;Stürmer;Borussia Dortmund;207;15.330.000;15.220.000;6,9;Halten;Schlecht;2;Computer;09.07.2025;;;;;;;;;;;;;;;;;;;;;;;;;;;;;;;;;;;;;;;;;;;;;;;;;;;;;;;;;;;;;;;;
Gnabry;Stürmer;FC Bayern München;124;7.460.000;7.400.000;4,8;Halten;Gut;1;Computer;09.07.2025;;;;;;;;;;;;;;;;;;;;;;;;;;;;;;;;;;;;;;;;;;;;;;;;;;;;;;;;;;;;;;;;
Jeong;Stürmer;1.FC Union Berlin;76;1.840.000;1.890.000;3,5;Halten;Gut;0;Computer;09.07.2025;;;;;;;;;;;;;;;;;;;;;;;;;;;;;;;;;;;;;;;;;;;;;;;;;;;;;;;;;;;;;;;;
Woltemade;Stürmer;VfB Stuttgart;134;15.250.000;15.200.000;4,8;Halten;Schlecht;2;Computer;09.07.2025;;;;;;;;;;;;;;;;;;;;;;;;;;;;;;;;;;;;;;;;;;;;;;;;;;;;;;;;;;;;;;;;
Pejčinović;Stürmer;VfL Wolfsburg;0;420.000;420.000;1,5;Halten;Durchschnittlich;0;Computer;09.07.2025;;;;;;;;;;;;;;;;;;;;;;;;;;;;;;;;;;;;;;;;;;;;;;;;;;;;;;;;;;;;;;;;
Beljo;Stürmer;FC Augsburg;0;500.000;500.000;2,1;Halten;Gut;0;Computer;09.07.2025;;;;;;;;;;;;;;;;;;;;;;;;;;;;;;;;;;;;;;;;;;;;;;;;;;;;;;;;;;;;;;;;
Maza;Mittelfeld;Bayer 04 Leverkusen;0;5.790.000;5.640.000;0,0;Halten;Schlecht;1;Computer;09.07.2025;;;;;;;;;;;;;;;;;;;;;;;;;;;;;;;;;;;;;;;;;;;;;;;;;;;;;;;;;;;;;;;;
Breithaupt;Mittelfeld;FC Augsburg;6;270.000;270.000;3,0;Halten;Gut;0;Computer;09.07.2025;;;;;;;;;;;;;;;;;;;;;;;;;;;;;;;;;;;;;;;;;;;;;;;;;;;;;;;;;;;;;;;;
Honorat;Stürmer;Borussia Mönchengladbach;122;6.860.000;6.800.000;6,4;Halten;Gut;1;Computer;09.07.2025;;;;;;;;;;;;;;;;;;;;;;;;;;;;;;;;;;;;;;;;;;;;;;;;;;;;;;;;;;;;;;;;
Gebel;Mittelfeld;RB Leipzig;1;160.000;160.000;1,0;Halten;Schlecht;0;Computer;09.07.2025;;;;;;;;;;;;;;;;;;;;;;;;;;;;;;;;;;;;;;;;;;;;;;;;;;;;;;;;;;;;;;;;
Tabaković;Stürmer;TSG Hoffenheim;68;1.080.000;1.060.000;3,1;Halten;Gut;0;Computer;09.07.2025;;;;;;;;;;;;;;;;;;;;;;;;;;;;;;;;;;;;;;;;;;;;;;;;;;;;;;;;;;;;;;;;
Schmitz;Mittelfeld;FC St. Pauli;0;160.000;160.000;0,0;Halten;Schlecht;0;Computer;09.07.2025;;;;;;;;;;;;;;;;;;;;;;;;;;;;;;;;;;;;;;;;;;;;;;;;;;;;;;;;;;;;;;;;
H. Behrens;Abwehr;TSG Hoffenheim;2;190.000;190.000;2,0;Halten;Gut;0;Computer;09.07.2025;;;;;;;;;;;;;;;;;;;;;;;;;;;;;;;;;;;;;;;;;;;;;;;;;;;;;;;;;;;;;;;;
Raab;Torhüter;Hamburger SV;0;160.000;160.000;0,0;Halten;Schlecht;0;Computer;09.07.2025;;;;;;;;;;;;;;;;;;;;;;;;;;;;;;;;;;;;;;;;;;;;;;;;;;;;;;;;;;;;;;;;
Ma. Müller;Torhüter;VfL Wolfsburg;22;160.000;160.000;3,7;Halten;Gut;0;Computer;10.07.2025;;;;;;;;;;;;;;;;;;;;;;;;;;;;;;;;;;;;;;;;;;;;;;;;;;;;;;;;;;;;;;;;
Guirassy;Stürmer;Borussia Dortmund;207;15.610.000;15.490.000;6,9;Halten;Schlecht;2;Computer;10.07.2025;;;;;;;;;;;;;;;;;;;;;;;;;;;;;;;;;;;;;;;;;;;;;;;;;;;;;;;;;;;;;;;;
Pléa;Stürmer;Borussia Mönchengladbach;139;5.720.000;5.630.000;4,8;Halten;Gut;0;Computer;10.07.2025;;;;;;;;;;;;;;;;;;;;;;;;;;;;;;;;;;;;;;;;;;;;;;;;;;;;;;;;;;;;;;;;
Woltemade;Stürmer;VfB Stuttgart;134;15.580.000;15.650.000;4,8;Halten;Schlecht;2;Computer;10.07.2025;;;;;;;;;;;;;;;;;;;;;;;;;;;;;;;;;;;;;;;;;;;;;;;;;;;;;;;;;;;;;;;;
Leweling;Mittelfeld;VfB Stuttgart;98;4.940.000;4.900.000;3,6;Halten;Durchschnittlich;0;Computer;10.07.2025;;;;;;;;;;;;;;;;;;;;;;;;;;;;;;;;;;;;;;;;;;;;;;;;;;;;;;;;;;;;;;;;
Smolčić;Abwehr;Eintracht Frankfurt;0;180.000;180.000;3,0;Halten;Gut;0;Computer;10.07.2025;;;;;;;;;;;;;;;;;;;;;;;;;;;;;;;;;;;;;;;;;;;;;;;;;;;;;;;;;;;;;;;;
Beljo;Stürmer;FC Augsburg;0;480.000;480.000;2,1;Halten;Gut;0;Computer;10.07.2025;;;;;;;;;;;;;;;;;;;;;;;;;;;;;;;;;;;;;;;;;;;;;;;;;;;;;;;;;;;;;;;;
Maza;Mittelfeld;Bayer 04 Leverkusen;0;5.330.000;5.260.000;0,0;Halten;Schlecht;1;Computer;10.07.2025;;;;;;;;;;;;;;;;;;;;;;;;;;;;;;;;;;;;;;;;;;;;;;;;;;;;;;;;;;;;;;;;
Honorat;Stürmer;Borussia Mönchengladbach;122;6.630.000;6.560.000;6,4;Halten;Gut;1;Computer;10.07.2025;;;;;;;;;;;;;;;;;;;;;;;;;;;;;;;;;;;;;;;;;;;;;;;;;;;;;;;;;;;;;;;;
Bitshiabu;Abwehr;RB Leipzig;61;2.750.000;2.730.000;3,2;Halten;Durchschnittlich;0;Computer;10.07.2025;;;;;;;;;;;;;;;;;;;;;;;;;;;;;;;;;;;;;;;;;;;;;;;;;;;;;;;;;;;;;;;;
Tabaković;Stürmer;TSG Hoffenheim;68;1.060.000;1.040.000;3,1;Halten;Gut;0;Computer;10.07.2025;;;;;;;;;;;;;;;;;;;;;;;;;;;;;;;;;;;;;;;;;;;;;;;;;;;;;;;;;;;;;;;;
Vermeeren;Mittelfeld;RB Leipzig;56;1.550.000;1.530.000;2,0;Halten;Durchschnittlich;0;Computer;10.07.2025;;;;;;;;;;;;;;;;;;;;;;;;;;;;;;;;;;;;;;;;;;;;;;;;;;;;;;;;;;;;;;;;
Sakar;Mittelfeld;RB Leipzig;0;160.000;160.000;0,0;Halten;Schlecht;0;Computer;10.07.2025;;;;;;;;;;;;;;;;;;;;;;;;;;;;;;;;;;;;;;;;;;;;;;;;;;;;;;;;;;;;;;;;
Schmitz;Mittelfeld;FC St. Pauli;0;160.000;160.000;0,0;Halten;Schlecht;0;Computer;10.07.2025;;;;;;;;;;;;;;;;;;;;;;;;;;;;;;;;;;;;;;;;;;;;;;;;;;;;;;;;;;;;;;;;
Vini Souza;Mittelfeld;VfL Wolfsburg;0;5.230.000;5.480.000;0,0;;Schlecht;1;Computer;10.07.2025;;;;;;;;;;;;;;;;;;;;;;;;;;;;;;;;;;;;;;;;;;;;;;;;;;;;;;;;;;;;;;;;
Ma. Müller;Torhüter;VfL Wolfsburg;22;160.000;160.000;3,7;Halten;Gut;0;Computer;11.07.2025;;;;;;;;;;;;;;;;;;;;;;;;;;;;;;;;;;;;;;;;;;;;;;;;;;;;;;;;;;;;;;;;
Henrichs;Abwehr;RB Leipzig;49;2.460.000;2.450.000;3,3;Halten;Gut;0;Computer;11.07.2025;;;;;;;;;;;;;;;;;;;;;;;;;;;;;;;;;;;;;;;;;;;;;;;;;;;;;;;;;;;;;;;;
Guirassy;Stürmer;Borussia Dortmund;207;15.610.000;15.490.000;6,9;Halten;Schlecht;2;Computer;11.07.2025;;;;;;;;;;;;;;;;;;;;;;;;;;;;;;;;;;;;;;;;;;;;;;;;;;;;;;;;;;;;;;;;
Pléa;Stürmer;Borussia Mönchengladbach;139;5.720.000;5.630.000;4,8;Halten;Gut;0;Computer;11.07.2025;;;;;;;;;;;;;;;;;;;;;;;;;;;;;;;;;;;;;;;;;;;;;;;;;;;;;;;;;;;;;;;;
Woltemade;Stürmer;VfB Stuttgart;134;15.580.000;15.650.000;4,8;Halten;Schlecht;2;Computer;11.07.2025;;;;;;;;;;;;;;;;;;;;;;;;;;;;;;;;;;;;;;;;;;;;;;;;;;;;;;;;;;;;;;;;
Leweling;Mittelfeld;VfB Stuttgart;98;4.940.000;4.900.000;3,6;Halten;Durchschnittlich;0;Computer;11.07.2025;;;;;;;;;;;;;;;;;;;;;;;;;;;;;;;;;;;;;;;;;;;;;;;;;;;;;;;;;;;;;;;;
Smolčić;Abwehr;Eintracht Frankfurt;0;180.000;180.000;3,0;Halten;Gut;0;Computer;11.07.2025;;;;;;;;;;;;;;;;;;;;;;;;;;;;;;;;;;;;;;;;;;;;;;;;;;;;;;;;;;;;;;;;
Maza;Mittelfeld;Bayer 04 Leverkusen;0;5.330.000;5.260.000;0,0;Halten;Schlecht;1;Computer;11.07.2025;;;;;;;;;;;;;;;;;;;;;;;;;;;;;;;;;;;;;;;;;;;;;;;;;;;;;;;;;;;;;;;;
Bitshiabu;Abwehr;RB Leipzig;61;2.750.000;2.730.000;3,2;Halten;Durchschnittlich;0;Computer;11.07.2025;;;;;;;;;;;;;;;;;;;;;;;;;;;;;;;;;;;;;;;;;;;;;;;;;;;;;;;;;;;;;;;;
Sinani;Stürmer;FC St. Pauli;94;2.510.000;2.510.000;3,9;Halten;Gut;0;Computer;11.07.2025;;;;;;;;;;;;;;;;;;;;;;;;;;;;;;;;;;;;;;;;;;;;;;;;;;;;;;;;;;;;;;;;
Vermeeren;Mittelfeld;RB Leipzig;56;1.550.000;1.530.000;2,0;Halten;Durchschnittlich;0;Computer;11.07.2025;;;;;;;;;;;;;;;;;;;;;;;;;;;;;;;;;;;;;;;;;;;;;;;;;;;;;;;;;;;;;;;;
Hong;Mittelfeld;1. FSV Mainz 05;38;340.000;350.000;1,9;Halten;Gut;0;Computer;11.07.2025;;;;;;;;;;;;;;;;;;;;;;;;;;;;;;;;;;;;;;;;;;;;;;;;;;;;;;;;;;;;;;;;
Sakar;Mittelfeld;RB Leipzig;0;160.000;160.000;0,0;Halten;Schlecht;0;Computer;11.07.2025;;;;;;;;;;;;;;;;;;;;;;;;;;;;;;;;;;;;;;;;;;;;;;;;;;;;;;;;;;;;;;;;
Schmitz;Mittelfeld;FC St. Pauli;0;160.000;160.000;0,0;Halten;Schlecht;0;Computer;11.07.2025;;;;;;;;;;;;;;;;;;;;;;;;;;;;;;;;;;;;;;;;;;;;;;;;;;;;;;;;;;;;;;;;
Vini Souza;Mittelfeld;VfL Wolfsburg;0;5.230.000;5.480.000;0,0;;Schlecht;1;Computer;11.07.2025;;;;;;;;;;;;;;;;;;;;;;;;;;;;;;;;;;;;;;;;;;;;;;;;;;;;;;;;;;;;;;;;
Henrichs;Abwehr;RB Leipzig;49;2.490.000;2.420.000;3,3;Halten;Gut;0;Computer;12.07.2025;;;;;;;;;;;;;;;;;;;;;;;;;;;;;;;;;;;;;;;;;;;;;;;;;;;;;;;;;;;;;;;;
Hradecky;Torhüter;Bayer 04 Leverkusen;82;960.000;970.000;2,8;Halten;Gut;0;Computer;12.07.2025;;;;;;;;;;;;;;;;;;;;;;;;;;;;;;;;;;;;;;;;;;;;;;;;;;;;;;;;;;;;;;;;
Pléa;Stürmer;Borussia Mönchengladbach;139;6.100.000;6.050.000;4,8;Halten;Gut;1;Computer;12.07.2025;;;;;;;;;;;;;;;;;;;;;;;;;;;;;;;;;;;;;;;;;;;;;;;;;;;;;;;;;;;;;;;;
Skov;Mittelfeld;1.FC Union Berlin;61;980.000;930.000;4,1;Halten;Gut;0;Computer;12.07.2025;;;;;;;;;;;;;;;;;;;;;;;;;;;;;;;;;;;;;;;;;;;;;;;;;;;;;;;;;;;;;;;;
Beier;Stürmer;Borussia Dortmund;115;6.490.000;6.410.000;4,0;Halten;Durchschnittlich;1;Computer;12.07.2025;;;;;;;;;;;;;;;;;;;;;;;;;;;;;;;;;;;;;;;;;;;;;;;;;;;;;;;;;;;;;;;;
Leweling;Mittelfeld;VfB Stuttgart;98;4.710.000;4.680.000;3,6;Halten;Gut;0;Computer;12.07.2025;;;;;;;;;;;;;;;;;;;;;;;;;;;;;;;;;;;;;;;;;;;;;;;;;;;;;;;;;;;;;;;;
Černý;Stürmer;VfL Wolfsburg;0;540.000;540.000;2,5;Halten;Gut;0;Computer;12.07.2025;;;;;;;;;;;;;;;;;;;;;;;;;;;;;;;;;;;;;;;;;;;;;;;;;;;;;;;;;;;;;;;;
Nkounkou;Abwehr;Eintracht Frankfurt;31;390.000;390.000;2,6;Halten;Gut;0;Computer;12.07.2025;;;;;;;;;;;;;;;;;;;;;;;;;;;;;;;;;;;;;;;;;;;;;;;;;;;;;;;;;;;;;;;;
Sinani;Stürmer;FC St. Pauli;94;2.630.000;2.670.000;3,9;Halten;Gut;0;Computer;12.07.2025;;;;;;;;;;;;;;;;;;;;;;;;;;;;;;;;;;;;;;;;;;;;;;;;;;;;;;;;;;;;;;;;
Vermeeren;Mittelfeld;RB Leipzig;56;1.530.000;1.530.000;2,0;Halten;Durchschnittlich;0;Computer;12.07.2025;;;;;;;;;;;;;;;;;;;;;;;;;;;;;;;;;;;;;;;;;;;;;;;;;;;;;;;;;;;;;;;;
Hong;Mittelfeld;1. FSV Mainz 05;38;340.000;340.000;1,9;Halten;Gut;0;Computer;12.07.2025;;;;;;;;;;;;;;;;;;;;;;;;;;;;;;;;;;;;;;;;;;;;;;;;;;;;;;;;;;;;;;;;
Sakar;Mittelfeld;RB Leipzig;0;160.000;160.000;0,0;Halten;Schlecht;0;Computer;12.07.2025;;;;;;;;;;;;;;;;;;;;;;;;;;;;;;;;;;;;;;;;;;;;;;;;;;;;;;;;;;;;;;;;
Hennrich;Stürmer;TSG Hoffenheim;1;170.000;170.000;1,0;Halten;Schlecht;0;Computer;12.07.2025;;;;;;;;;;;;;;;;;;;;;;;;;;;;;;;;;;;;;;;;;;;;;;;;;;;;;;;;;;;;;;;;
Diks;Abwehr;Borussia Mönchengladbach;0;2.770.000;2.770.000;0,0;Halten;Schlecht;0;Computer;12.07.2025;;;;;;;;;;;;;;;;;;;;;;;;;;;;;;;;;;;;;;;;;;;;;;;;;;;;;;;;;;;;;;;;
Vini Souza;Mittelfeld;VfL Wolfsburg;0;5.220.000;5.390.000;0,0;;Schlecht;1;Computer;12.07.2025;;;;;;;;;;;;;;;;;;;;;;;;;;;;;;;;;;;;;;;;;;;;;;;;;;;;;;;;;;;;;;;;
Henrichs;Abwehr;RB Leipzig;49;2.300.000;2.250.000;3,3;Halten;Gut;0;Computer;13.07.2025;;;;;;;;;;;;;;;;;;;;;;;;;;;;;;;;;;;;;;;;;;;;;;;;;;;;;;;;;;;;;;;;
Hradecky;Torhüter;Bayer 04 Leverkusen;82;950.000;950.000;2,8;Halten;Gut;1;Computer;13.07.2025;;;;;;;;;;;;;;;;;;;;;;;;;;;;;;;;;;;;;;;;;;;;;;;;;;;;;;;;;;;;;;;;
Hack;Stürmer;Borussia Mönchengladbach;127;5.000.000;4.950.000;3,8;Halten;Gut;0;Computer;13.07.2025;;;;;;;;;;;;;;;;;;;;;;;;;;;;;;;;;;;;;;;;;;;;;;;;;;;;;;;;;;;;;;;;
Skov;Mittelfeld;1.FC Union Berlin;61;980.000;980.000;4,1;Halten;Gut;0;Computer;13.07.2025;;;;;;;;;;;;;;;;;;;;;;;;;;;;;;;;;;;;;;;;;;;;;;;;;;;;;;;;;;;;;;;;
Beier;Stürmer;Borussia Dortmund;115;5.940.000;5.880.000;4,0;Halten;Durchschnittlich;1;Computer;13.07.2025;;;;;;;;;;;;;;;;;;;;;;;;;;;;;;;;;;;;;;;;;;;;;;;;;;;;;;;;;;;;;;;;
Sildillia;Abwehr;Sport-Club Freiburg;59;1.240.000;1.240.000;4,2;Halten;Gut;0;Computer;13.07.2025;;;;;;;;;;;;;;;;;;;;;;;;;;;;;;;;;;;;;;;;;;;;;;;;;;;;;;;;;;;;;;;;
Černý;Stürmer;VfL Wolfsburg;0;520.000;520.000;2,5;Halten;Gut;0;Computer;13.07.2025;;;;;;;;;;;;;;;;;;;;;;;;;;;;;;;;;;;;;;;;;;;;;;;;;;;;;;;;;;;;;;;;
Nkounkou;Abwehr;Eintracht Frankfurt;31;400.000;400.000;2,6;Halten;Gut;0;Computer;13.07.2025;;;;;;;;;;;;;;;;;;;;;;;;;;;;;;;;;;;;;;;;;;;;;;;;;;;;;;;;;;;;;;;;
Petersson;Torhüter;TSG Hoffenheim;0;160.000;160.000;0,0;Halten;Schlecht;0;Computer;13.07.2025;;;;;;;;;;;;;;;;;;;;;;;;;;;;;;;;;;;;;;;;;;;;;;;;;;;;;;;;;;;;;;;;
Sinani;Stürmer;FC St. Pauli;94;2.540.000;2.550.000;3,9;Halten;Gut;0;Computer;13.07.2025;;;;;;;;;;;;;;;;;;;;;;;;;;;;;;;;;;;;;;;;;;;;;;;;;;;;;;;;;;;;;;;;
Brown;Abwehr;Eintracht Frankfurt;140;5.620.000;5.570.000;5,4;Halten;Gut;1;Computer;13.07.2025;;;;;;;;;;;;;;;;;;;;;;;;;;;;;;;;;;;;;;;;;;;;;;;;;;;;;;;;;;;;;;;;
Hong;Mittelfeld;1. FSV Mainz 05;38;320.000;330.000;1,9;Halten;Gut;0;Computer;13.07.2025;;;;;;;;;;;;;;;;;;;;;;;;;;;;;;;;;;;;;;;;;;;;;;;;;;;;;;;;;;;;;;;;
Hennrich;Stürmer;TSG Hoffenheim;1;170.000;170.000;1,0;Halten;Schlecht;0;Computer;13.07.2025;;;;;;;;;;;;;;;;;;;;;;;;;;;;;;;;;;;;;;;;;;;;;;;;;;;;;;;;;;;;;;;;
Diks;Abwehr;Borussia Mönchengladbach;0;2.630.000;2.620.000;0,0;Halten;Schlecht;0;Computer;13.07.2025;;;;;;;;;;;;;;;;;;;;;;;;;;;;;;;;;;;;;;;;;;;;;;;;;;;;;;;;;;;;;;;;
Capaldo;Mittelfeld;Hamburger SV;0;4.440.000;5.430.000;0,0;;Schlecht;0;Computer;13.07.2025;;;;;;;;;;;;;;;;;;;;;;;;;;;;;;;;;;;;;;;;;;;;;;;;;;;;;;;;;;;;;;;;
Hradecky;Torhüter;Bayer 04 Leverkusen;82;900.000;900.000;2,8;Halten;Gut;0;Computer;14.07.2025;;;;;;;;;;;;;;;;;;;;;;;;;;;;;;;;;;;;;;;;;;;;;;;;;;;;;;;;;;;;;;;;
Hack;Stürmer;Borussia Mönchengladbach;127;4.560.000;4.580.000;3,8;Halten;Gut;0;Computer;14.07.2025;;;;;;;;;;;;;;;;;;;;;;;;;;;;;;;;;;;;;;;;;;;;;;;;;;;;;;;;;;;;;;;;
Nartey;Mittelfeld;VfB Stuttgart;1;220.000;220.000;1,0;Halten;Schlecht;0;Computer;14.07.2025;;;;;;;;;;;;;;;;;;;;;;;;;;;;;;;;;;;;;;;;;;;;;;;;;;;;;;;;;;;;;;;;
Skov;Mittelfeld;1.FC Union Berlin;61;910.000;940.000;4,1;Halten;Gut;0;Computer;14.07.2025;;;;;;;;;;;;;;;;;;;;;;;;;;;;;;;;;;;;;;;;;;;;;;;;;;;;;;;;;;;;;;;;
Bensebaini;Abwehr;Borussia Dortmund;116;3.380.000;3.420.000;3,9;Halten;Gut;0;Computer;14.07.2025;;;;;;;;;;;;;;;;;;;;;;;;;;;;;;;;;;;;;;;;;;;;;;;;;;;;;;;;;;;;;;;;
Beier;Stürmer;Borussia Dortmund;115;5.750.000;5.700.000;4,0;Halten;Gut;1;Computer;14.07.2025;;;;;;;;;;;;;;;;;;;;;;;;;;;;;;;;;;;;;;;;;;;;;;;;;;;;;;;;;;;;;;;;
Sildillia;Abwehr;Sport-Club Freiburg;59;1.190.000;1.180.000;4,2;Halten;Gut;0;Computer;14.07.2025;;;;;;;;;;;;;;;;;;;;;;;;;;;;;;;;;;;;;;;;;;;;;;;;;;;;;;;;;;;;;;;;
Stein;Torhüter;1.FC Union Berlin;0;160.000;160.000;0,0;Halten;Schlecht;0;Computer;14.07.2025;;;;;;;;;;;;;;;;;;;;;;;;;;;;;;;;;;;;;;;;;;;;;;;;;;;;;;;;;;;;;;;;
Černý;Stürmer;VfL Wolfsburg;0;560.000;560.000;2,5;Halten;Gut;0;Computer;14.07.2025;;;;;;;;;;;;;;;;;;;;;;;;;;;;;;;;;;;;;;;;;;;;;;;;;;;;;;;;;;;;;;;;
Petersson;Torhüter;TSG Hoffenheim;0;160.000;160.000;0,0;Halten;Schlecht;0;Computer;14.07.2025;;;;;;;;;;;;;;;;;;;;;;;;;;;;;;;;;;;;;;;;;;;;;;;;;;;;;;;;;;;;;;;;
Brown;Abwehr;Eintracht Frankfurt;140;5.600.000;5.570.000;5,4;Halten;Gut;1;Computer;14.07.2025;;;;;;;;;;;;;;;;;;;;;;;;;;;;;;;;;;;;;;;;;;;;;;;;;;;;;;;;;;;;;;;;
Hennrich;Stürmer;TSG Hoffenheim;1;170.000;170.000;1,0;Halten;Durchschnittlich;0;Computer;14.07.2025;;;;;;;;;;;;;;;;;;;;;;;;;;;;;;;;;;;;;;;;;;;;;;;;;;;;;;;;;;;;;;;;
Diks;Abwehr;Borussia Mönchengladbach;0;2.510.000;2.460.000;0,0;Halten;Schlecht;0;Computer;14.07.2025;;;;;;;;;;;;;;;;;;;;;;;;;;;;;;;;;;;;;;;;;;;;;;;;;;;;;;;;;;;;;;;;
Maluze;Mittelfeld;Eintracht Frankfurt;0;160.000;160.000;0,0;Halten;Schlecht;0;Computer;14.07.2025;;;;;;;;;;;;;;;;;;;;;;;;;;;;;;;;;;;;;;;;;;;;;;;;;;;;;;;;;;;;;;;;
Capaldo;Mittelfeld;Hamburger SV;0;4.480.000;5.020.000;0,0;;Schlecht;1;Computer;14.07.2025;;;;;;;;;;;;;;;;;;;;;;;;;;;;;;;;;;;;;;;;;;;;;;;;;;;;;;;;;;;;;;;;
Hack;Stürmer;Borussia Mönchengladbach;127;4.350.000;4.380.000;3,8;Halten;Gut;0;Computer;15.07.2025;;;;;;;;;;;;;;;;;;;;;;;;;;;;;;;;;;;;;;;;;;;;;;;;;;;;;;;;;;;;;;;;
Laimer;Abwehr;FC Bayern München;99;5.270.000;5.230.000;3,5;Halten;Schlecht;1;Computer;15.07.2025;;;;;;;;;;;;;;;;;;;;;;;;;;;;;;;;;;;;;;;;;;;;;;;;;;;;;;;;;;;;;;;;
Nartey;Mittelfeld;VfB Stuttgart;1;220.000;220.000;1,0;Halten;Schlecht;0;Computer;15.07.2025;;;;;;;;;;;;;;;;;;;;;;;;;;;;;;;;;;;;;;;;;;;;;;;;;;;;;;;;;;;;;;;;
Bensebaini;Abwehr;Borussia Dortmund;116;3.230.000;3.250.000;3,9;Halten;Gut;0;Computer;15.07.2025;;;;;;;;;;;;;;;;;;;;;;;;;;;;;;;;;;;;;;;;;;;;;;;;;;;;;;;;;;;;;;;;
Bauer;Abwehr;FC Augsburg;21;240.000;240.000;1,9;Halten;Gut;0;Computer;15.07.2025;;;;;;;;;;;;;;;;;;;;;;;;;;;;;;;;;;;;;;;;;;;;;;;;;;;;;;;;;;;;;;;;
Weißhaupt;Mittelfeld;Sport-Club Freiburg;73;2.090.000;2.080.000;3,3;Halten;Gut;0;Computer;15.07.2025;;;;;;;;;;;;;;;;;;;;;;;;;;;;;;;;;;;;;;;;;;;;;;;;;;;;;;;;;;;;;;;;
Sildillia;Abwehr;Sport-Club Freiburg;59;1.140.000;1.130.000;4,2;Halten;Gut;0;Computer;15.07.2025;;;;;;;;;;;;;;;;;;;;;;;;;;;;;;;;;;;;;;;;;;;;;;;;;;;;;;;;;;;;;;;;
Stein;Torhüter;1.FC Union Berlin;0;160.000;160.000;0,0;Halten;Schlecht;0;Computer;15.07.2025;;;;;;;;;;;;;;;;;;;;;;;;;;;;;;;;;;;;;;;;;;;;;;;;;;;;;;;;;;;;;;;;
Kovář;Torhüter;Bayer 04 Leverkusen;13;160.000;160.000;2,6;Halten;Gut;0;Computer;15.07.2025;;;;;;;;;;;;;;;;;;;;;;;;;;;;;;;;;;;;;;;;;;;;;;;;;;;;;;;;;;;;;;;;
Petersson;Torhüter;TSG Hoffenheim;0;170.000;170.000;0,0;Halten;Schlecht;0;Computer;15.07.2025;;;;;;;;;;;;;;;;;;;;;;;;;;;;;;;;;;;;;;;;;;;;;;;;;;;;;;;;;;;;;;;;
Brown;Abwehr;Eintracht Frankfurt;140;5.580.000;5.590.000;5,4;Halten;Gut;1;Computer;15.07.2025;;;;;;;;;;;;;;;;;;;;;;;;;;;;;;;;;;;;;;;;;;;;;;;;;;;;;;;;;;;;;;;;
Gebel;Mittelfeld;RB Leipzig;1;160.000;160.000;1,0;Halten;Schlecht;0;Computer;15.07.2025;;;;;;;;;;;;;;;;;;;;;;;;;;;;;;;;;;;;;;;;;;;;;;;;;;;;;;;;;;;;;;;;
Banzuzi;Mittelfeld;RB Leipzig;0;3.010.000;2.990.000;0,0;Halten;Schlecht;0;Computer;15.07.2025;;;;;;;;;;;;;;;;;;;;;;;;;;;;;;;;;;;;;;;;;;;;;;;;;;;;;;;;;;;;;;;;
Maluze;Mittelfeld;Eintracht Frankfurt;0;160.000;160.000;0,0;Halten;Schlecht;0;Computer;15.07.2025;;;;;;;;;;;;;;;;;;;;;;;;;;;;;;;;;;;;;;;;;;;;;;;;;;;;;;;;;;;;;;;;
Capaldo;Mittelfeld;Hamburger SV;0;4.570.000;4.940.000;0,0;;Schlecht;1;Computer;15.07.2025;;;;;;;;;;;;;;;;;;;;;;;;;;;;;;;;;;;;;;;;;;;;;;;;;;;;;;;;;;;;;;;;
Gnabry;Stürmer;FC Bayern München;124;5.770.000;5.710.000;4,8;Halten;Gut;0;Computer;16.07.2025;;;;;;;;;;;;;;;;;;;;;;;;;;;;;;;;;;;;;;;;;;;;;;;;;;;;;;;;;;;;;;;;
Laimer;Abwehr;FC Bayern München;99;5.270.000;5.230.000;3,5;Halten;Schlecht;1;Computer;16.07.2025;;;;;;;;;;;;;;;;;;;;;;;;;;;;;;;;;;;;;;;;;;;;;;;;;;;;;;;;;;;;;;;;
Nartey;Mittelfeld;VfB Stuttgart;1;220.000;220.000;1,0;Halten;Schlecht;0;Computer;16.07.2025;;;;;;;;;;;;;;;;;;;;;;;;;;;;;;;;;;;;;;;;;;;;;;;;;;;;;;;;;;;;;;;;
Bensebaini;Abwehr;Borussia Dortmund;116;3.230.000;3.250.000;3,9;Halten;Gut;0;Computer;16.07.2025;;;;;;;;;;;;;;;;;;;;;;;;;;;;;;;;;;;;;;;;;;;;;;;;;;;;;;;;;;;;;;;;
Bauer;Abwehr;FC Augsburg;21;240.000;240.000;1,9;Halten;Gut;0;Computer;16.07.2025;;;;;;;;;;;;;;;;;;;;;;;;;;;;;;;;;;;;;;;;;;;;;;;;;;;;;;;;;;;;;;;;
Weißhaupt;Mittelfeld;Sport-Club Freiburg;73;2.090.000;2.080.000;3,3;Halten;Gut;0;Computer;16.07.2025;;;;;;;;;;;;;;;;;;;;;;;;;;;;;;;;;;;;;;;;;;;;;;;;;;;;;;;;;;;;;;;;
Zehnter;Abwehr;VfL Wolfsburg;0;2.780.000;2.730.000;0,0;Halten;Schlecht;0;Computer;16.07.2025;;;;;;;;;;;;;;;;;;;;;;;;;;;;;;;;;;;;;;;;;;;;;;;;;;;;;;;;;;;;;;;;
Stein;Torhüter;1.FC Union Berlin;0;160.000;160.000;0,0;Halten;Schlecht;0;Computer;16.07.2025;;;;;;;;;;;;;;;;;;;;;;;;;;;;;;;;;;;;;;;;;;;;;;;;;;;;;;;;;;;;;;;;
Kane;Stürmer;FC Bayern München;275;17.960.000;17.800.000;8,9;Halten;Durchschnittlich;2;Computer;16.07.2025;;;;;;;;;;;;;;;;;;;;;;;;;;;;;;;;;;;;;;;;;;;;;;;;;;;;;;;;;;;;;;;;
Kovář;Torhüter;Bayer 04 Leverkusen;13;160.000;160.000;2,6;Halten;Gut;0;Computer;16.07.2025;;;;;;;;;;;;;;;;;;;;;;;;;;;;;;;;;;;;;;;;;;;;;;;;;;;;;;;;;;;;;;;;
Gebel;Mittelfeld;RB Leipzig;1;160.000;160.000;1,0;Halten;Schlecht;0;Computer;16.07.2025;;;;;;;;;;;;;;;;;;;;;;;;;;;;;;;;;;;;;;;;;;;;;;;;;;;;;;;;;;;;;;;;
Čović;Mittelfeld;SV Werder Bremen;0;200.000;200.000;0,0;Halten;Schlecht;0;Computer;16.07.2025;;;;;;;;;;;;;;;;;;;;;;;;;;;;;;;;;;;;;;;;;;;;;;;;;;;;;;;;;;;;;;;;
Aigbekaen;Stürmer;FC St. Pauli;0;170.000;170.000;0,0;Halten;Schlecht;0;Computer;16.07.2025;;;;;;;;;;;;;;;;;;;;;;;;;;;;;;;;;;;;;;;;;;;;;;;;;;;;;;;;;;;;;;;;
Banzuzi;Mittelfeld;RB Leipzig;0;3.010.000;2.990.000;0,0;Halten;Schlecht;0;Computer;16.07.2025;;;;;;;;;;;;;;;;;;;;;;;;;;;;;;;;;;;;;;;;;;;;;;;;;;;;;;;;;;;;;;;;
Maluze;Mittelfeld;Eintracht Frankfurt;0;160.000;160.000;0,0;Halten;Schlecht;0;Computer;16.07.2025;;;;;;;;;;;;;;;;;;;;;;;;;;;;;;;;;;;;;;;;;;;;;;;;;;;;;;;;;;;;;;;;
Anton;Abwehr;Borussia Dortmund;127;4.800.000;4.700.000;4,9;Halten;Gut;1;Computer;17.07.2025;;;;;;;;;;;;;;;;;;;;;;;;;;;;;;;;;;;;;;;;;;;;;;;;;;;;;;;;;;;;;;;;
Gnabry;Stürmer;FC Bayern München;124;5.630.000;5.620.000;4,8;Halten;Gut;1;Computer;17.07.2025;;;;;;;;;;;;;;;;;;;;;;;;;;;;;;;;;;;;;;;;;;;;;;;;;;;;;;;;;;;;;;;;
Laimer;Abwehr;FC Bayern München;99;5.170.000;5.100.000;3,5;Halten;Schlecht;1;Computer;17.07.2025;;;;;;;;;;;;;;;;;;;;;;;;;;;;;;;;;;;;;;;;;;;;;;;;;;;;;;;;;;;;;;;;
Kilian;Abwehr;1. FC Köln;0;210.000;210.000;0,9;Halten;Schlecht;0;Computer;17.07.2025;;;;;;;;;;;;;;;;;;;;;;;;;;;;;;;;;;;;;;;;;;;;;;;;;;;;;;;;;;;;;;;;
Bauer;Abwehr;FC Augsburg;21;240.000;240.000;1,9;Halten;Gut;0;Computer;17.07.2025;;;;;;;;;;;;;;;;;;;;;;;;;;;;;;;;;;;;;;;;;;;;;;;;;;;;;;;;;;;;;;;;
Weißhaupt;Mittelfeld;Sport-Club Freiburg;73;2.160.000;2.140.000;3,3;Halten;Gut;0;Computer;17.07.2025;;;;;;;;;;;;;;;;;;;;;;;;;;;;;;;;;;;;;;;;;;;;;;;;;;;;;;;;;;;;;;;;
Zehnter;Abwehr;VfL Wolfsburg;0;2.680.000;2.650.000;0,0;Halten;Schlecht;0;Computer;17.07.2025;;;;;;;;;;;;;;;;;;;;;;;;;;;;;;;;;;;;;;;;;;;;;;;;;;;;;;;;;;;;;;;;
Rosenfelder;Abwehr;Sport-Club Freiburg;54;1.990.000;1.990.000;2,3;Halten;Durchschnittlich;0;Computer;17.07.2025;;;;;;;;;;;;;;;;;;;;;;;;;;;;;;;;;;;;;;;;;;;;;;;;;;;;;;;;;;;;;;;;
Kane;Stürmer;FC Bayern München;275;17.590.000;17.620.000;8,9;Halten;Durchschnittlich;2;Computer;17.07.2025;;;;;;;;;;;;;;;;;;;;;;;;;;;;;;;;;;;;;;;;;;;;;;;;;;;;;;;;;;;;;;;;
Kovář;Torhüter;Bayer 04 Leverkusen;13;160.000;160.000;2,6;Halten;Gut;0;Computer;17.07.2025;;;;;;;;;;;;;;;;;;;;;;;;;;;;;;;;;;;;;;;;;;;;;;;;;;;;;;;;;;;;;;;;
S. Banks;Stürmer;FC St. Pauli;12;310.000;320.000;1,3;Halten;Durchschnittlich;0;Computer;17.07.2025;;;;;;;;;;;;;;;;;;;;;;;;;;;;;;;;;;;;;;;;;;;;;;;;;;;;;;;;;;;;;;;;
Skov Olsen;Stürmer;VfL Wolfsburg;41;1.910.000;1.920.000;3,4;Halten;Gut;0;Computer;17.07.2025;;;;;;;;;;;;;;;;;;;;;;;;;;;;;;;;;;;;;;;;;;;;;;;;;;;;;;;;;;;;;;;;
Čović;Mittelfeld;SV Werder Bremen;0;200.000;200.000;0,0;Halten;Schlecht;0;Computer;17.07.2025;;;;;;;;;;;;;;;;;;;;;;;;;;;;;;;;;;;;;;;;;;;;;;;;;;;;;;;;;;;;;;;;
Aigbekaen;Stürmer;FC St. Pauli;0;170.000;170.000;0,0;Halten;Schlecht;0;Computer;17.07.2025;;;;;;;;;;;;;;;;;;;;;;;;;;;;;;;;;;;;;;;;;;;;;;;;;;;;;;;;;;;;;;;;
Kusi-Asare;Stürmer;FC Bayern München;0;290.000;290.000;0,0;Halten;Schlecht;0;Computer;17.07.2025;;;;;;;;;;;;;;;;;;;;;;;;;;;;;;;;;;;;;;;;;;;;;;;;;;;;;;;;;;;;;;;;
Anton;Abwehr;Borussia Dortmund;127;4.880.000;4.890.000;4,9;Halten;Gut;1;Computer;18.07.2025;;;;;;;;;;;;;;;;;;;;;;;;;;;;;;;;;;;;;;;;;;;;;;;;;;;;;;;;;;;;;;;;
Sabitzer;Mittelfeld;Borussia Dortmund;69;2.640.000;2.680.000;2,7;Halten;Gut;0;Computer;18.07.2025;;;;;;;;;;;;;;;;;;;;;;;;;;;;;;;;;;;;;;;;;;;;;;;;;;;;;;;;;;;;;;;;
Karazor;Mittelfeld;VfB Stuttgart;133;5.750.000;5.690.000;4,2;Halten;Gut;1;Computer;18.07.2025;;;;;;;;;;;;;;;;;;;;;;;;;;;;;;;;;;;;;;;;;;;;;;;;;;;;;;;;;;;;;;;;
Kilian;Abwehr;1. FC Köln;0;210.000;210.000;0,9;Halten;Schlecht;0;Computer;18.07.2025;;;;;;;;;;;;;;;;;;;;;;;;;;;;;;;;;;;;;;;;;;;;;;;;;;;;;;;;;;;;;;;;
Zehnter;Abwehr;VfL Wolfsburg;0;2.560.000;2.500.000;0,0;Halten;Schlecht;0;Computer;18.07.2025;;;;;;;;;;;;;;;;;;;;;;;;;;;;;;;;;;;;;;;;;;;;;;;;;;;;;;;;;;;;;;;;
Scherhant;Stürmer;Sport-Club Freiburg;0;1.730.000;1.730.000;0,6;Halten;Schlecht;0;Computer;18.07.2025;;;;;;;;;;;;;;;;;;;;;;;;;;;;;;;;;;;;;;;;;;;;;;;;;;;;;;;;;;;;;;;;
Zesiger;Abwehr;FC Augsburg;70;2.040.000;2.040.000;3,3;Halten;Gut;0;Computer;18.07.2025;;;;;;;;;;;;;;;;;;;;;;;;;;;;;;;;;;;;;;;;;;;;;;;;;;;;;;;;;;;;;;;;
Rosenfelder;Abwehr;Sport-Club Freiburg;54;2.000.000;1.990.000;2,3;Halten;Durchschnittlich;0;Computer;18.07.2025;;;;;;;;;;;;;;;;;;;;;;;;;;;;;;;;;;;;;;;;;;;;;;;;;;;;;;;;;;;;;;;;
Kane;Stürmer;FC Bayern München;275;18.230.000;18.110.000;8,9;Halten;Durchschnittlich;2;Computer;18.07.2025;;;;;;;;;;;;;;;;;;;;;;;;;;;;;;;;;;;;;;;;;;;;;;;;;;;;;;;;;;;;;;;;
S. Banks;Stürmer;FC St. Pauli;12;330.000;350.000;1,3;Halten;Durchschnittlich;0;Computer;18.07.2025;;;;;;;;;;;;;;;;;;;;;;;;;;;;;;;;;;;;;;;;;;;;;;;;;;;;;;;;;;;;;;;;
Skov Olsen;Stürmer;VfL Wolfsburg;41;2.080.000;2.060.000;3,4;Halten;Gut;0;Computer;18.07.2025;;;;;;;;;;;;;;;;;;;;;;;;;;;;;;;;;;;;;;;;;;;;;;;;;;;;;;;;;;;;;;;;
Aigbekaen;Stürmer;FC St. Pauli;0;170.000;170.000;0,0;Halten;Schlecht;0;Computer;18.07.2025;;;;;;;;;;;;;;;;;;;;;;;;;;;;;;;;;;;;;;;;;;;;;;;;;;;;;;;;;;;;;;;;
Pereira Cardoso;Torhüter;Borussia Mönchengladbach;23;290.000;290.000;4,6;Halten;Gut;0;Computer;18.07.2025;;;;;;;;;;;;;;;;;;;;;;;;;;;;;;;;;;;;;;;;;;;;;;;;;;;;;;;;;;;;;;;;
Kusi-Asare;Stürmer;FC Bayern München;0;280.000;280.000;0,0;Halten;Schlecht;0;Computer;18.07.2025;;;;;;;;;;;;;;;;;;;;;;;;;;;;;;;;;;;;;;;;;;;;;;;;;;;;;;;;;;;;;;;;
Pyrka;Abwehr;FC St. Pauli;0;420.000;420.000;0,0;Halten;Schlecht;0;Computer;18.07.2025;;;;;;;;;;;;;;;;;;;;;;;;;;;;;;;;;;;;;;;;;;;;;;;;;;;;;;;;;;;;;;;;
Mwene;Abwehr;1. FSV Mainz 05;98;2.000.000;2.000.000;3,1;Halten;Gut;0;Computer;19.07.2025;;;;;;;;;;;;;;;;;;;;;;;;;;;;;;;;;;;;;;;;;;;;;;;;;;;;;;;;;;;;;;;;
Sabitzer;Mittelfeld;Borussia Dortmund;69;2.490.000;2.530.000;2,7;Halten;Gut;0;Computer;19.07.2025;;;;;;;;;;;;;;;;;;;;;;;;;;;;;;;;;;;;;;;;;;;;;;;;;;;;;;;;;;;;;;;;
Karazor;Mittelfeld;VfB Stuttgart;133;5.320.000;5.310.000;4,2;Halten;Gut;1;Computer;19.07.2025;;;;;;;;;;;;;;;;;;;;;;;;;;;;;;;;;;;;;;;;;;;;;;;;;;;;;;;;;;;;;;;;
Kilian;Abwehr;1. FC Köln;0;200.000;200.000;0,9;Halten;Schlecht;0;Computer;19.07.2025;;;;;;;;;;;;;;;;;;;;;;;;;;;;;;;;;;;;;;;;;;;;;;;;;;;;;;;;;;;;;;;;
Raum;Abwehr;RB Leipzig;105;5.460.000;5.460.000;4,8;Halten;Gut;1;Computer;19.07.2025;;;;;;;;;;;;;;;;;;;;;;;;;;;;;;;;;;;;;;;;;;;;;;;;;;;;;;;;;;;;;;;;
Borges Sanches;Stürmer;Borussia Mönchengladbach;0;180.000;180.000;2,0;Halten;Gut;0;Computer;19.07.2025;;;;;;;;;;;;;;;;;;;;;;;;;;;;;;;;;;;;;;;;;;;;;;;;;;;;;;;;;;;;;;;;
Scherhant;Stürmer;Sport-Club Freiburg;0;1.630.000;1.600.000;0,6;Halten;Schlecht;0;Computer;19.07.2025;;;;;;;;;;;;;;;;;;;;;;;;;;;;;;;;;;;;;;;;;;;;;;;;;;;;;;;;;;;;;;;;
Zesiger;Abwehr;FC Augsburg;70;2.080.000;2.060.000;3,3;Halten;Gut;0;Computer;19.07.2025;;;;;;;;;;;;;;;;;;;;;;;;;;;;;;;;;;;;;;;;;;;;;;;;;;;;;;;;;;;;;;;;
Milošević;Stürmer;VfB Stuttgart;0;190.000;190.000;1,3;Halten;Durchschnittlich;0;Computer;19.07.2025;;;;;;;;;;;;;;;;;;;;;;;;;;;;;;;;;;;;;;;;;;;;;;;;;;;;;;;;;;;;;;;;
Rosenfelder;Abwehr;Sport-Club Freiburg;54;1.980.000;1.970.000;2,3;Halten;Durchschnittlich;0;Computer;19.07.2025;;;;;;;;;;;;;;;;;;;;;;;;;;;;;;;;;;;;;;;;;;;;;;;;;;;;;;;;;;;;;;;;
Uzun;Stürmer;Eintracht Frankfurt;77;3.800.000;3.910.000;3,9;Halten;Gut;0;Computer;19.07.2025;;;;;;;;;;;;;;;;;;;;;;;;;;;;;;;;;;;;;;;;;;;;;;;;;;;;;;;;;;;;;;;;
Pereira Cardoso;Torhüter;Borussia Mönchengladbach;23;280.000;280.000;4,6;Halten;Gut;0;Computer;19.07.2025;;;;;;;;;;;;;;;;;;;;;;;;;;;;;;;;;;;;;;;;;;;;;;;;;;;;;;;;;;;;;;;;
Kusi-Asare;Stürmer;FC Bayern München;0;260.000;260.000;0,0;Halten;Schlecht;0;Computer;19.07.2025;;;;;;;;;;;;;;;;;;;;;;;;;;;;;;;;;;;;;;;;;;;;;;;;;;;;;;;;;;;;;;;;
Pyrka;Abwehr;FC St. Pauli;0;400.000;400.000;0,0;Halten;Schlecht;0;Computer;19.07.2025;;;;;;;;;;;;;;;;;;;;;;;;;;;;;;;;;;;;;;;;;;;;;;;;;;;;;;;;;;;;;;;;
Avdullahu;Mittelfeld;TSG Hoffenheim;0;1.970.000;1.960.000;0,0;Halten;Schlecht;0;Computer;19.07.2025;;;;;;;;;;;;;;;;;;;;;;;;;;;;;;;;;;;;;;;;;;;;;;;;;;;;;;;;;;;;;;;;
Andrich;Mittelfeld;Bayer 04 Leverkusen;84;2.950.000;2.920.000;3,8;Halten;Gut;0;Computer;20.07.2025;;;;;;;;;;;;;;;;;;;;;;;;;;;;;;;;;;;;;;;;;;;;;;;;;;;;;;;;;;;;;;;;
Mwene;Abwehr;1. FSV Mainz 05;98;1.960.000;1.960.000;3,1;Halten;Gut;0;Computer;20.07.2025;;;;;;;;;;;;;;;;;;;;;;;;;;;;;;;;;;;;;;;;;;;;;;;;;;;;;;;;;;;;;;;;
Sabitzer;Mittelfeld;Borussia Dortmund;69;2.270.000;2.300.000;2,7;Halten;Gut;0;Computer;20.07.2025;;;;;;;;;;;;;;;;;;;;;;;;;;;;;;;;;;;;;;;;;;;;;;;;;;;;;;;;;;;;;;;;
Karazor;Mittelfeld;VfB Stuttgart;133;5.000.000;5.010.000;4,2;Halten;Gut;1;Computer;20.07.2025;;;;;;;;;;;;;;;;;;;;;;;;;;;;;;;;;;;;;;;;;;;;;;;;;;;;;;;;;;;;;;;;
Raum;Abwehr;RB Leipzig;105;5.390.000;5.330.000;4,8;Halten;Gut;1;Computer;20.07.2025;;;;;;;;;;;;;;;;;;;;;;;;;;;;;;;;;;;;;;;;;;;;;;;;;;;;;;;;;;;;;;;;
Borges Sanches;Stürmer;Borussia Mönchengladbach;0;180.000;180.000;2,0;Halten;Gut;0;Computer;20.07.2025;;;;;;;;;;;;;;;;;;;;;;;;;;;;;;;;;;;;;;;;;;;;;;;;;;;;;;;;;;;;;;;;
Scherhant;Stürmer;Sport-Club Freiburg;0;1.650.000;1.630.000;0,6;Halten;Schlecht;0;Computer;20.07.2025;;;;;;;;;;;;;;;;;;;;;;;;;;;;;;;;;;;;;;;;;;;;;;;;;;;;;;;;;;;;;;;;
Nsoki;Abwehr;TSG Hoffenheim;36;600.000;600.000;1,8;Halten;Durchschnittlich;0;Computer;20.07.2025;;;;;;;;;;;;;;;;;;;;;;;;;;;;;;;;;;;;;;;;;;;;;;;;;;;;;;;;;;;;;;;;
Milošević;Stürmer;VfB Stuttgart;0;190.000;190.000;1,3;Halten;Durchschnittlich;0;Computer;20.07.2025;;;;;;;;;;;;;;;;;;;;;;;;;;;;;;;;;;;;;;;;;;;;;;;;;;;;;;;;;;;;;;;;
Kabadayi;Stürmer;FC Augsburg;16;300.000;300.000;3,2;Kaufen;Gut;0;Computer;20.07.2025;;;;;;;;;;;;;;;;;;;;;;;;;;;;;;;;;;;;;;;;;;;;;;;;;;;;;;;;;;;;;;;;
Uzun;Stürmer;Eintracht Frankfurt;77;3.890.000;3.900.000;3,9;Halten;Gut;0;Computer;20.07.2025;;;;;;;;;;;;;;;;;;;;;;;;;;;;;;;;;;;;;;;;;;;;;;;;;;;;;;;;;;;;;;;;
Pereira Cardoso;Torhüter;Borussia Mönchengladbach;23;260.000;260.000;4,6;Halten;Gut;0;Computer;20.07.2025;;;;;;;;;;;;;;;;;;;;;;;;;;;;;;;;;;;;;;;;;;;;;;;;;;;;;;;;;;;;;;;;
Pyrka;Abwehr;FC St. Pauli;0;390.000;390.000;0,0;Halten;Schlecht;0;Computer;20.07.2025;;;;;;;;;;;;;;;;;;;;;;;;;;;;;;;;;;;;;;;;;;;;;;;;;;;;;;;;;;;;;;;;
Avdullahu;Mittelfeld;TSG Hoffenheim;0;1.860.000;1.870.000;0,0;Halten;Schlecht;0;Computer;20.07.2025;;;;;;;;;;;;;;;;;;;;;;;;;;;;;;;;;;;;;;;;;;;;;;;;;;;;;;;;;;;;;;;;
Oppie;Abwehr;FC St. Pauli;0;2.160.000;2.160.000;0,0;Halten;Schlecht;0;Computer;20.07.2025;;;;;;;;;;;;;;;;;;;;;;;;;;;;;;;;;;;;;;;;;;;;;;;;;;;;;;;;;;;;;;;;
Andrich;Mittelfeld;Bayer 04 Leverkusen;84;2.940.000;2.920.000;3,8;Halten;Gut;0;Computer;21.07.2025;;;;;;;;;;;;;;;;;;;;;;;;;;;;;;;;;;;;;;;;;;;;;;;;;;;;;;;;;;;;;;;;
Mwene;Abwehr;1. FSV Mainz 05;98;1.860.000;1.870.000;3,1;Halten;Gut;0;Computer;21.07.2025;;;;;;;;;;;;;;;;;;;;;;;;;;;;;;;;;;;;;;;;;;;;;;;;;;;;;;;;;;;;;;;;
Schonlau;Abwehr;Hamburger SV;0;800.000;790.000;4,2;Halten;Gut;0;Computer;21.07.2025;;;;;;;;;;;;;;;;;;;;;;;;;;;;;;;;;;;;;;;;;;;;;;;;;;;;;;;;;;;;;;;;
Bernardo;Abwehr;TSG Hoffenheim;84;3.450.000;3.450.000;4,1;Halten;Gut;0;Computer;21.07.2025;;;;;;;;;;;;;;;;;;;;;;;;;;;;;;;;;;;;;;;;;;;;;;;;;;;;;;;;;;;;;;;;
Raum;Abwehr;RB Leipzig;105;5.870.000;5.810.000;4,8;Halten;Schlecht;1;Computer;21.07.2025;;;;;;;;;;;;;;;;;;;;;;;;;;;;;;;;;;;;;;;;;;;;;;;;;;;;;;;;;;;;;;;;
Adeyemi;Stürmer;Borussia Dortmund;126;7.290.000;7.160.000;5,0;Halten;Gut;1;Computer;21.07.2025;;;;;;;;;;;;;;;;;;;;;;;;;;;;;;;;;;;;;;;;;;;;;;;;;;;;;;;;;;;;;;;;
Nsoki;Abwehr;TSG Hoffenheim;36;600.000;620.000;1,8;Halten;Durchschnittlich;0;Computer;21.07.2025;;;;;;;;;;;;;;;;;;;;;;;;;;;;;;;;;;;;;;;;;;;;;;;;;;;;;;;;;;;;;;;;
Paçarada;Abwehr;1. FC Köln;0;1.520.000;1.520.000;1,6;Halten;Schlecht;0;Computer;21.07.2025;;;;;;;;;;;;;;;;;;;;;;;;;;;;;;;;;;;;;;;;;;;;;;;;;;;;;;;;;;;;;;;;
Milošević;Stürmer;VfB Stuttgart;0;190.000;190.000;1,3;Halten;Durchschnittlich;0;Computer;21.07.2025;;;;;;;;;;;;;;;;;;;;;;;;;;;;;;;;;;;;;;;;;;;;;;;;;;;;;;;;;;;;;;;;
Kabadayi;Stürmer;FC Augsburg;16;300.000;300.000;3,2;Halten;Gut;0;Computer;21.07.2025;;;;;;;;;;;;;;;;;;;;;;;;;;;;;;;;;;;;;;;;;;;;;;;;;;;;;;;;;;;;;;;;
Giannoulis;Abwehr;FC Augsburg;118;3.090.000;3.100.000;3,8;Halten;Gut;0;Computer;21.07.2025;;;;;;;;;;;;;;;;;;;;;;;;;;;;;;;;;;;;;;;;;;;;;;;;;;;;;;;;;;;;;;;;
Vavro;Abwehr;VfL Wolfsburg;142;4.710.000;4.700.000;5,1;Halten;Gut;0;Computer;21.07.2025;;;;;;;;;;;;;;;;;;;;;;;;;;;;;;;;;;;;;;;;;;;;;;;;;;;;;;;;;;;;;;;;
Tape;Abwehr;Bayer 04 Leverkusen;0;1.940.000;1.950.000;0,0;Halten;Schlecht;0;Computer;21.07.2025;;;;;;;;;;;;;;;;;;;;;;;;;;;;;;;;;;;;;;;;;;;;;;;;;;;;;;;;;;;;;;;;
Avdullahu;Mittelfeld;TSG Hoffenheim;0;1.880.000;1.850.000;0,0;Halten;Schlecht;0;Computer;21.07.2025;;;;;;;;;;;;;;;;;;;;;;;;;;;;;;;;;;;;;;;;;;;;;;;;;;;;;;;;;;;;;;;;
Oppie;Abwehr;FC St. Pauli;0;2.160.000;2.150.000;0,0;Halten;Schlecht;0;Computer;21.07.2025;;;;;;;;;;;;;;;;;;;;;;;;;;;;;;;;;;;;;;;;;;;;;;;;;;;;;;;;;;;;;;;;
Heintz;Abwehr;1. FC Köln;0;690.000;700.000;1,8;Halten;Durchschnittlich;0;Computer;22.07.2025;;;;;;;;;;;;;;;;;;;;;;;;;;;;;;;;;;;;;;;;;;;;;;;;;;;;;;;;;;;;;;;;
Andrich;Mittelfeld;Bayer 04 Leverkusen;84;2.940.000;2.930.000;3,8;Halten;Gut;0;Computer;22.07.2025;;;;;;;;;;;;;;;;;;;;;;;;;;;;;;;;;;;;;;;;;;;;;;;;;;;;;;;;;;;;;;;;
Schonlau;Abwehr;Hamburger SV;0;770.000;770.000;4,2;Halten;Gut;0;Computer;22.07.2025;;;;;;;;;;;;;;;;;;;;;;;;;;;;;;;;;;;;;;;;;;;;;;;;;;;;;;;;;;;;;;;;
Bernardo;Abwehr;TSG Hoffenheim;84;3.300.000;3.300.000;4,1;Halten;Gut;0;Computer;22.07.2025;;;;;;;;;;;;;;;;;;;;;;;;;;;;;;;;;;;;;;;;;;;;;;;;;;;;;;;;;;;;;;;;
Krauß;Mittelfeld;1. FC Köln;52;2.600.000;2.620.000;3,7;Halten;Gut;0;Computer;22.07.2025;;;;;;;;;;;;;;;;;;;;;;;;;;;;;;;;;;;;;;;;;;;;;;;;;;;;;;;;;;;;;;;;
Adeyemi;Stürmer;Borussia Dortmund;126;7.380.000;7.260.000;5,0;Halten;Gut;1;Computer;22.07.2025;;;;;;;;;;;;;;;;;;;;;;;;;;;;;;;;;;;;;;;;;;;;;;;;;;;;;;;;;;;;;;;;
Paçarada;Abwehr;1. FC Köln;0;1.410.000;1.430.000;1,6;Halten;Schlecht;0;Computer;22.07.2025;;;;;;;;;;;;;;;;;;;;;;;;;;;;;;;;;;;;;;;;;;;;;;;;;;;;;;;;;;;;;;;;
Deman;Mittelfeld;SV Werder Bremen;10;290.000;290.000;1,7;Halten;Durchschnittlich;0;Computer;22.07.2025;;;;;;;;;;;;;;;;;;;;;;;;;;;;;;;;;;;;;;;;;;;;;;;;;;;;;;;;;;;;;;;;
Scienza;Stürmer;1.FC Heidenheim;102;2.670.000;2.740.000;4,1;Halten;Gut;0;Computer;22.07.2025;;;;;;;;;;;;;;;;;;;;;;;;;;;;;;;;;;;;;;;;;;;;;;;;;;;;;;;;;;;;;;;;
Giannoulis;Abwehr;FC Augsburg;118;3.080.000;3.110.000;3,8;Halten;Gut;0;Computer;22.07.2025;;;;;;;;;;;;;;;;;;;;;;;;;;;;;;;;;;;;;;;;;;;;;;;;;;;;;;;;;;;;;;;;
Vavro;Abwehr;VfL Wolfsburg;142;4.730.000;4.670.000;5,1;Halten;Gut;0;Computer;22.07.2025;;;;;;;;;;;;;;;;;;;;;;;;;;;;;;;;;;;;;;;;;;;;;;;;;;;;;;;;;;;;;;;;
Nordin;Mittelfeld;1. FSV Mainz 05;10;650.000;650.000;2,5;Halten;Gut;0;Computer;22.07.2025;;;;;;;;;;;;;;;;;;;;;;;;;;;;;;;;;;;;;;;;;;;;;;;;;;;;;;;;;;;;;;;;
Tape;Abwehr;Bayer 04 Leverkusen;0;1.900.000;1.910.000;0,0;Halten;Schlecht;0;Computer;22.07.2025;;;;;;;;;;;;;;;;;;;;;;;;;;;;;;;;;;;;;;;;;;;;;;;;;;;;;;;;;;;;;;;;
Oppie;Abwehr;FC St. Pauli;0;2.100.000;2.060.000;0,0;Halten;Schlecht;0;Computer;22.07.2025;;;;;;;;;;;;;;;;;;;;;;;;;;;;;;;;;;;;;;;;;;;;;;;;;;;;;;;;;;;;;;;;
Coulibaly;Abwehr;SV Werder Bremen;0;170.000;170.000;0,0;;Schlecht;0;Computer;22.07.2025;;;;;;;;;;;;;;;;;;;;;;;;;;;;;;;;;;;;;;;;;;;;;;;;;;;;;;;;;;;;;;;;
Heintz;Abwehr;1. FC Köln;0;690.000;710.000;1,8;Halten;Durchschnittlich;0;Computer;23.07.2025;;;;;;;;;;;;;;;;;;;;;;;;;;;;;;;;;;;;;;;;;;;;;;;;;;;;;;;;;;;;;;;;
Mwene;Abwehr;1. FSV Mainz 05;98;1.980.000;1.970.000;3,1;Halten;Gut;0;Computer;23.07.2025;;;;;;;;;;;;;;;;;;;;;;;;;;;;;;;;;;;;;;;;;;;;;;;;;;;;;;;;;;;;;;;;
Schonlau;Abwehr;Hamburger SV;0;770.000;760.000;4,2;Halten;Gut;0;Computer;23.07.2025;;;;;;;;;;;;;;;;;;;;;;;;;;;;;;;;;;;;;;;;;;;;;;;;;;;;;;;;;;;;;;;;
Bernardo;Abwehr;TSG Hoffenheim;84;3.140.000;3.130.000;4,1;Halten;Gut;0;Computer;23.07.2025;;;;;;;;;;;;;;;;;;;;;;;;;;;;;;;;;;;;;;;;;;;;;;;;;;;;;;;;;;;;;;;;
Krauß;Mittelfeld;1. FC Köln;52;2.600.000;2.610.000;3,7;Halten;Gut;0;Computer;23.07.2025;;;;;;;;;;;;;;;;;;;;;;;;;;;;;;;;;;;;;;;;;;;;;;;;;;;;;;;;;;;;;;;;
Adeyemi;Stürmer;Borussia Dortmund;126;7.390.000;7.300.000;5,0;Halten;Gut;1;Computer;23.07.2025;;;;;;;;;;;;;;;;;;;;;;;;;;;;;;;;;;;;;;;;;;;;;;;;;;;;;;;;;;;;;;;;
Paçarada;Abwehr;1. FC Köln;0;1.400.000;1.390.000;1,6;Halten;Schlecht;0;Computer;23.07.2025;;;;;;;;;;;;;;;;;;;;;;;;;;;;;;;;;;;;;;;;;;;;;;;;;;;;;;;;;;;;;;;;
Deman;Mittelfeld;SV Werder Bremen;10;280.000;280.000;1,7;Halten;Durchschnittlich;0;Computer;23.07.2025;;;;;;;;;;;;;;;;;;;;;;;;;;;;;;;;;;;;;;;;;;;;;;;;;;;;;;;;;;;;;;;;
Scienza;Stürmer;1.FC Heidenheim;102;2.710.000;2.750.000;4,1;Halten;Gut;0;Computer;23.07.2025;;;;;;;;;;;;;;;;;;;;;;;;;;;;;;;;;;;;;;;;;;;;;;;;;;;;;;;;;;;;;;;;
Giannoulis;Abwehr;FC Augsburg;118;3.060.000;3.040.000;3,8;Halten;Gut;0;Computer;23.07.2025;;;;;;;;;;;;;;;;;;;;;;;;;;;;;;;;;;;;;;;;;;;;;;;;;;;;;;;;;;;;;;;;
Vavro;Abwehr;VfL Wolfsburg;142;4.810.000;4.780.000;5,1;Halten;Gut;1;Computer;23.07.2025;;;;;;;;;;;;;;;;;;;;;;;;;;;;;;;;;;;;;;;;;;;;;;;;;;;;;;;;;;;;;;;;
Nordin;Mittelfeld;1. FSV Mainz 05;10;660.000;650.000;2,5;Halten;Gut;0;Computer;23.07.2025;;;;;;;;;;;;;;;;;;;;;;;;;;;;;;;;;;;;;;;;;;;;;;;;;;;;;;;;;;;;;;;;
Pyrka;Abwehr;FC St. Pauli;0;350.000;350.000;0,0;Halten;Schlecht;0;Computer;23.07.2025;;;;;;;;;;;;;;;;;;;;;;;;;;;;;;;;;;;;;;;;;;;;;;;;;;;;;;;;;;;;;;;;
Tape;Abwehr;Bayer 04 Leverkusen;0;1.810.000;1.800.000;0,0;Halten;Schlecht;0;Computer;23.07.2025;;;;;;;;;;;;;;;;;;;;;;;;;;;;;;;;;;;;;;;;;;;;;;;;;;;;;;;;;;;;;;;;
Coulibaly;Abwehr;SV Werder Bremen;0;160.000;160.000;0,0;;Schlecht;0;Computer;23.07.2025;;;;;;;;;;;;;;;;;;;;;;;;;;;;;;;;;;;;;;;;;;;;;;;;;;;;;;;;;;;;;;;;
Grahl;Torhüter;Eintracht Frankfurt;0;160.000;160.000;4,0;Halten;Gut;0;Computer;24.07.2025;;;;;;;;;;;;;;;;;;;;;;;;;;;;;;;;;;;;;;;;;;;;;;;;;;;;;;;;;;;;;;;;
Heintz;Abwehr;1. FC Köln;0;690.000;710.000;1,8;Halten;Durchschnittlich;0;Computer;24.07.2025;;;;;;;;;;;;;;;;;;;;;;;;;;;;;;;;;;;;;;;;;;;;;;;;;;;;;;;;;;;;;;;;
Mwene;Abwehr;1. FSV Mainz 05;98;1.980.000;1.970.000;3,1;Halten;Gut;0;Computer;24.07.2025;;;;;;;;;;;;;;;;;;;;;;;;;;;;;;;;;;;;;;;;;;;;;;;;;;;;;;;;;;;;;;;;
Jeong;Stürmer;1.FC Union Berlin;76;1.820.000;1.800.000;3,5;Halten;Gut;0;Computer;24.07.2025;;;;;;;;;;;;;;;;;;;;;;;;;;;;;;;;;;;;;;;;;;;;;;;;;;;;;;;;;;;;;;;;
Krauß;Mittelfeld;1. FC Köln;52;2.600.000;2.610.000;3,7;Halten;Gut;0;Computer;24.07.2025;;;;;;;;;;;;;;;;;;;;;;;;;;;;;;;;;;;;;;;;;;;;;;;;;;;;;;;;;;;;;;;;
Reyna;Stürmer;Borussia Dortmund;36;590.000;590.000;2,4;Halten;Gut;0;Computer;24.07.2025;;;;;;;;;;;;;;;;;;;;;;;;;;;;;;;;;;;;;;;;;;;;;;;;;;;;;;;;;;;;;;;;
Scherhant;Stürmer;Sport-Club Freiburg;0;1.520.000;1.500.000;0,6;Halten;Schlecht;0;Computer;24.07.2025;;;;;;;;;;;;;;;;;;;;;;;;;;;;;;;;;;;;;;;;;;;;;;;;;;;;;;;;;;;;;;;;
Mæhle;Abwehr;VfL Wolfsburg;91;2.290.000;2.270.000;3,4;Halten;Gut;0;Computer;24.07.2025;;;;;;;;;;;;;;;;;;;;;;;;;;;;;;;;;;;;;;;;;;;;;;;;;;;;;;;;;;;;;;;;
Deman;Mittelfeld;SV Werder Bremen;10;280.000;280.000;1,7;Halten;Durchschnittlich;0;Computer;24.07.2025;;;;;;;;;;;;;;;;;;;;;;;;;;;;;;;;;;;;;;;;;;;;;;;;;;;;;;;;;;;;;;;;
Scienza;Stürmer;1.FC Heidenheim;102;2.710.000;2.750.000;4,1;Halten;Gut;0;Computer;24.07.2025;;;;;;;;;;;;;;;;;;;;;;;;;;;;;;;;;;;;;;;;;;;;;;;;;;;;;;;;;;;;;;;;
Ogbemudia;Abwehr;1.FC Union Berlin;0;180.000;180.000;0,0;Halten;Schlecht;0;Computer;24.07.2025;;;;;;;;;;;;;;;;;;;;;;;;;;;;;;;;;;;;;;;;;;;;;;;;;;;;;;;;;;;;;;;;
Sarco;Stürmer;Bayer 04 Leverkusen;0;170.000;170.000;0,0;Halten;Schlecht;0;Computer;24.07.2025;;;;;;;;;;;;;;;;;;;;;;;;;;;;;;;;;;;;;;;;;;;;;;;;;;;;;;;;;;;;;;;;
Pyrka;Abwehr;FC St. Pauli;0;350.000;350.000;0,0;Halten;Schlecht;0;Computer;24.07.2025;;;;;;;;;;;;;;;;;;;;;;;;;;;;;;;;;;;;;;;;;;;;;;;;;;;;;;;;;;;;;;;;
Faye;Abwehr;Bayer 04 Leverkusen;0;1.050.000;1.040.000;0,0;Halten;Schlecht;0;Computer;24.07.2025;;;;;;;;;;;;;;;;;;;;;;;;;;;;;;;;;;;;;;;;;;;;;;;;;;;;;;;;;;;;;;;;
Coulibaly;Abwehr;SV Werder Bremen;0;160.000;160.000;0,0;;Schlecht;0;Computer;24.07.2025;;;;;;;;;;;;;;;;;;;;;;;;;;;;;;;;;;;;;;;;;;;;;;;;;;;;;;;;;;;;;;;;
Grahl;Torhüter;Eintracht Frankfurt;0;160.000;160.000;4,0;Halten;Gut;0;Computer;25.07.2025;;;;;;;;;;;;;;;;;;;;;;;;;;;;;;;;;;;;;;;;;;;;;;;;;;;;;;;;;;;;;;;;
Stark;Abwehr;SV Werder Bremen;95;2.150.000;2.140.000;3,7;Halten;Gut;0;Computer;25.07.2025;;;;;;;;;;;;;;;;;;;;;;;;;;;;;;;;;;;;;;;;;;;;;;;;;;;;;;;;;;;;;;;;
Mwene;Abwehr;1. FSV Mainz 05;98;2.010.000;2.020.000;3,1;Halten;Gut;0;Computer;25.07.2025;;;;;;;;;;;;;;;;;;;;;;;;;;;;;;;;;;;;;;;;;;;;;;;;;;;;;;;;;;;;;;;;
Beste;Mittelfeld;Sport-Club Freiburg;22;3.080.000;3.050.000;1,8;Halten;Schlecht;0;Computer;25.07.2025;;;;;;;;;;;;;;;;;;;;;;;;;;;;;;;;;;;;;;;;;;;;;;;;;;;;;;;;;;;;;;;;
Jeong;Stürmer;1.FC Union Berlin;76;1.910.000;1.920.000;3,5;Halten;Gut;0;Computer;25.07.2025;;;;;;;;;;;;;;;;;;;;;;;;;;;;;;;;;;;;;;;;;;;;;;;;;;;;;;;;;;;;;;;;
Reyna;Stürmer;Borussia Dortmund;36;550.000;550.000;2,4;Halten;Gut;0;Computer;25.07.2025;;;;;;;;;;;;;;;;;;;;;;;;;;;;;;;;;;;;;;;;;;;;;;;;;;;;;;;;;;;;;;;;
Scherhant;Stürmer;Sport-Club Freiburg;0;1.350.000;1.340.000;0,6;Halten;Schlecht;0;Computer;25.07.2025;;;;;;;;;;;;;;;;;;;;;;;;;;;;;;;;;;;;;;;;;;;;;;;;;;;;;;;;;;;;;;;;
Mæhle;Abwehr;VfL Wolfsburg;91;2.420.000;2.420.000;3,4;Halten;Gut;0;Computer;25.07.2025;;;;;;;;;;;;;;;;;;;;;;;;;;;;;;;;;;;;;;;;;;;;;;;;;;;;;;;;;;;;;;;;
Amenda;Abwehr;Eintracht Frankfurt;14;400.000;410.000;2,3;Halten;Gut;0;Computer;25.07.2025;;;;;;;;;;;;;;;;;;;;;;;;;;;;;;;;;;;;;;;;;;;;;;;;;;;;;;;;;;;;;;;;
Ogbemudia;Abwehr;1.FC Union Berlin;0;180.000;180.000;0,0;Halten;Schlecht;0;Computer;25.07.2025;;;;;;;;;;;;;;;;;;;;;;;;;;;;;;;;;;;;;;;;;;;;;;;;;;;;;;;;;;;;;;;;
Sarco;Stürmer;Bayer 04 Leverkusen;0;170.000;170.000;0,0;Halten;Schlecht;0;Computer;25.07.2025;;;;;;;;;;;;;;;;;;;;;;;;;;;;;;;;;;;;;;;;;;;;;;;;;;;;;;;;;;;;;;;;
T. Philipp;Torhüter;TSG Hoffenheim;0;160.000;160.000;0,0;Halten;Schlecht;0;Computer;25.07.2025;;;;;;;;;;;;;;;;;;;;;;;;;;;;;;;;;;;;;;;;;;;;;;;;;;;;;;;;;;;;;;;;
Hermann;Torhüter;Hamburger SV;0;160.000;160.000;0,0;Halten;Schlecht;0;Computer;25.07.2025;;;;;;;;;;;;;;;;;;;;;;;;;;;;;;;;;;;;;;;;;;;;;;;;;;;;;;;;;;;;;;;;
Pyrka;Abwehr;FC St. Pauli;0;320.000;320.000;0,0;Halten;Schlecht;0;Computer;25.07.2025;;;;;;;;;;;;;;;;;;;;;;;;;;;;;;;;;;;;;;;;;;;;;;;;;;;;;;;;;;;;;;;;
Faye;Abwehr;Bayer 04 Leverkusen;0;970.000;960.000;0,0;Halten;Schlecht;0;Computer;25.07.2025;;;;;;;;;;;;;;;;;;;;;;;;;;;;;;;;;;;;;;;;;;;;;;;;;;;;;;;;;;;;;;;;
Grahl;Torhüter;Eintracht Frankfurt;0;160.000;160.000;4,0;Halten;Gut;0;Computer;26.07.2025;;;;;;;;;;;;;;;;;;;;;;;;;;;;;;;;;;;;;;;;;;;;;;;;;;;;;;;;;;;;;;;;
Stark;Abwehr;SV Werder Bremen;95;2.160.000;2.160.000;3,7;Halten;Gut;0;Computer;26.07.2025;;;;;;;;;;;;;;;;;;;;;;;;;;;;;;;;;;;;;;;;;;;;;;;;;;;;;;;;;;;;;;;;
Beste;Mittelfeld;Sport-Club Freiburg;22;3.060.000;3.100.000;1,8;Halten;Schlecht;0;Computer;26.07.2025;;;;;;;;;;;;;;;;;;;;;;;;;;;;;;;;;;;;;;;;;;;;;;;;;;;;;;;;;;;;;;;;
Jeong;Stürmer;1.FC Union Berlin;76;1.790.000;1.810.000;3,5;Halten;Gut;0;Computer;26.07.2025;;;;;;;;;;;;;;;;;;;;;;;;;;;;;;;;;;;;;;;;;;;;;;;;;;;;;;;;;;;;;;;;
Reyna;Stürmer;Borussia Dortmund;36;520.000;520.000;2,4;Halten;Gut;0;Computer;26.07.2025;;;;;;;;;;;;;;;;;;;;;;;;;;;;;;;;;;;;;;;;;;;;;;;;;;;;;;;;;;;;;;;;
Scherhant;Stürmer;Sport-Club Freiburg;0;1.370.000;1.350.000;0,6;Halten;Schlecht;0;Computer;26.07.2025;;;;;;;;;;;;;;;;;;;;;;;;;;;;;;;;;;;;;;;;;;;;;;;;;;;;;;;;;;;;;;;;
Král;Mittelfeld;1.FC Union Berlin;0;420.000;420.000;1,3;Halten;Durchschnittlich;0;Computer;26.07.2025;;;;;;;;;;;;;;;;;;;;;;;;;;;;;;;;;;;;;;;;;;;;;;;;;;;;;;;;;;;;;;;;
Hansen-Aarøen;Mittelfeld;SV Werder Bremen;0;210.000;210.000;-1,5;Halten;Schlecht;0;Computer;26.07.2025;;;;;;;;;;;;;;;;;;;;;;;;;;;;;;;;;;;;;;;;;;;;;;;;;;;;;;;;;;;;;;;;
Amenda;Abwehr;Eintracht Frankfurt;14;390.000;400.000;2,3;Halten;Gut;0;Computer;26.07.2025;;;;;;;;;;;;;;;;;;;;;;;;;;;;;;;;;;;;;;;;;;;;;;;;;;;;;;;;;;;;;;;;
Ogbemudia;Abwehr;1.FC Union Berlin;0;180.000;180.000;0,0;Halten;Schlecht;0;Computer;26.07.2025;;;;;;;;;;;;;;;;;;;;;;;;;;;;;;;;;;;;;;;;;;;;;;;;;;;;;;;;;;;;;;;;
Sarco;Stürmer;Bayer 04 Leverkusen;0;160.000;160.000;0,0;Halten;Schlecht;0;Computer;26.07.2025;;;;;;;;;;;;;;;;;;;;;;;;;;;;;;;;;;;;;;;;;;;;;;;;;;;;;;;;;;;;;;;;
T. Philipp;Torhüter;TSG Hoffenheim;0;160.000;160.000;0,0;Halten;Schlecht;0;Computer;26.07.2025;;;;;;;;;;;;;;;;;;;;;;;;;;;;;;;;;;;;;;;;;;;;;;;;;;;;;;;;;;;;;;;;
Hermann;Torhüter;Hamburger SV;0;160.000;160.000;0,0;Halten;Schlecht;0;Computer;26.07.2025;;;;;;;;;;;;;;;;;;;;;;;;;;;;;;;;;;;;;;;;;;;;;;;;;;;;;;;;;;;;;;;;
Røssing-Lelesiit;Stürmer;Hamburger SV;0;280.000;280.000;0,0;Halten;Schlecht;0;Computer;26.07.2025;;;;;;;;;;;;;;;;;;;;;;;;;;;;;;;;;;;;;;;;;;;;;;;;;;;;;;;;;;;;;;;;
Faye;Abwehr;Bayer 04 Leverkusen;0;920.000;920.000;0,0;Halten;Schlecht;0;Computer;26.07.2025;;;;;;;;;;;;;;;;;;;;;;;;;;;;;;;;;;;;;;;;;;;;;;;;;;;;;;;;;;;;;;;;
Grifo;Mittelfeld;Sport-Club Freiburg;201;9.210.000;9.260.000;5,9;Halten;Gut;2;Computer;27.07.2025;;;;;;;;;;;;;;;;;;;;;;;;;;;;;;;;;;;;;;;;;;;;;;;;;;;;;;;;;;;;;;;;
Musiala;Mittelfeld;FC Bayern München;199;6.520.000;6.470.000;8,0;Halten;Gut;1;Computer;27.07.2025;;;;;;;;;;;;;;;;;;;;;;;;;;;;;;;;;;;;;;;;;;;;;;;;;;;;;;;;;;;;;;;;
Tillman;Mittelfeld;Bayer 04 Leverkusen;0;14.550.000;14.240.000;1,7;Halten;Schlecht;2;Computer;27.07.2025;;;;;;;;;;;;;;;;;;;;;;;;;;;;;;;;;;;;;;;;;;;;;;;;;;;;;;;;;;;;;;;;
Král;Mittelfeld;1.FC Union Berlin;0;430.000;430.000;1,3;Halten;Durchschnittlich;0;Computer;27.07.2025;;;;;;;;;;;;;;;;;;;;;;;;;;;;;;;;;;;;;;;;;;;;;;;;;;;;;;;;;;;;;;;;
Arthur;Abwehr;Bayer 04 Leverkusen;31;1.660.000;1.640.000;1,7;Halten;Schlecht;0;Computer;27.07.2025;;;;;;;;;;;;;;;;;;;;;;;;;;;;;;;;;;;;;;;;;;;;;;;;;;;;;;;;;;;;;;;;
Kane;Stürmer;FC Bayern München;275;16.810.000;16.660.000;8,9;Halten;Gut;2;Computer;27.07.2025;;;;;;;;;;;;;;;;;;;;;;;;;;;;;;;;;;;;;;;;;;;;;;;;;;;;;;;;;;;;;;;;
Hansen-Aarøen;Mittelfeld;SV Werder Bremen;0;210.000;210.000;-1,5;Halten;Schlecht;0;Computer;27.07.2025;;;;;;;;;;;;;;;;;;;;;;;;;;;;;;;;;;;;;;;;;;;;;;;;;;;;;;;;;;;;;;;;
Amenda;Abwehr;Eintracht Frankfurt;14;370.000;380.000;2,3;Halten;Gut;0;Computer;27.07.2025;;;;;;;;;;;;;;;;;;;;;;;;;;;;;;;;;;;;;;;;;;;;;;;;;;;;;;;;;;;;;;;;
João Palhinha;Mittelfeld;FC Bayern München;33;1.460.000;1.430.000;2,2;Halten;Gut;0;Computer;27.07.2025;;;;;;;;;;;;;;;;;;;;;;;;;;;;;;;;;;;;;;;;;;;;;;;;;;;;;;;;;;;;;;;;
Nusa;Mittelfeld;RB Leipzig;85;5.780.000;5.740.000;3,5;Halten;Durchschnittlich;1;Computer;27.07.2025;;;;;;;;;;;;;;;;;;;;;;;;;;;;;;;;;;;;;;;;;;;;;;;;;;;;;;;;;;;;;;;;
T. Philipp;Torhüter;TSG Hoffenheim;0;170.000;170.000;0,0;Halten;Schlecht;0;Computer;27.07.2025;;;;;;;;;;;;;;;;;;;;;;;;;;;;;;;;;;;;;;;;;;;;;;;;;;;;;;;;;;;;;;;;
Hermann;Torhüter;Hamburger SV;0;160.000;160.000;0,0;Verkaufen;Schlecht;0;Computer;27.07.2025;;;;;;;;;;;;;;;;;;;;;;;;;;;;;;;;;;;;;;;;;;;;;;;;;;;;;;;;;;;;;;;;
Røssing-Lelesiit;Stürmer;Hamburger SV;0;310.000;310.000;0,0;Halten;Schlecht;0;Computer;27.07.2025;;;;;;;;;;;;;;;;;;;;;;;;;;;;;;;;;;;;;;;;;;;;;;;;;;;;;;;;;;;;;;;;
Baldé;Stürmer;Hamburger SV;0;370.000;370.000;0,0;Halten;Schlecht;0;Computer;27.07.2025;;;;;;;;;;;;;;;;;;;;;;;;;;;;;;;;;;;;;;;;;;;;;;;;;;;;;;;;;;;;;;;;
Bos;Abwehr;1. FSV Mainz 05;0;390.000;390.000;0,0;Halten;Schlecht;0;Computer;27.07.2025;;;;;;;;;;;;;;;;;;;;;;;;;;;;;;;;;;;;;;;;;;;;;;;;;;;;;;;;;;;;;;;;
Kampl;Mittelfeld;RB Leipzig;82;1.470.000;1.510.000;3,3;Halten;Gut;0;Computer;28.07.2025;;;;;;;;;;;;;;;;;;;;;;;;;;;;;;;;;;;;;;;;;;;;;;;;;;;;;;;;;;;;;;;;
Grifo;Mittelfeld;Sport-Club Freiburg;201;9.210.000;9.260.000;5,9;Halten;Gut;2;Computer;28.07.2025;;;;;;;;;;;;;;;;;;;;;;;;;;;;;;;;;;;;;;;;;;;;;;;;;;;;;;;;;;;;;;;;
Musiala;Mittelfeld;FC Bayern München;199;6.520.000;6.470.000;8,0;Halten;Gut;1;Computer;28.07.2025;;;;;;;;;;;;;;;;;;;;;;;;;;;;;;;;;;;;;;;;;;;;;;;;;;;;;;;;;;;;;;;;
Lemperle;Stürmer;TSG Hoffenheim;0;2.190.000;2.180.000;1,1;Halten;Schlecht;0;Computer;28.07.2025;;;;;;;;;;;;;;;;;;;;;;;;;;;;;;;;;;;;;;;;;;;;;;;;;;;;;;;;;;;;;;;;
Tillman;Mittelfeld;Bayer 04 Leverkusen;0;14.550.000;14.240.000;1,7;Halten;Schlecht;2;Computer;28.07.2025;;;;;;;;;;;;;;;;;;;;;;;;;;;;;;;;;;;;;;;;;;;;;;;;;;;;;;;;;;;;;;;;
Arthur;Abwehr;Bayer 04 Leverkusen;31;1.660.000;1.640.000;1,7;Halten;Schlecht;0;Computer;28.07.2025;;;;;;;;;;;;;;;;;;;;;;;;;;;;;;;;;;;;;;;;;;;;;;;;;;;;;;;;;;;;;;;;
Milošević;Stürmer;VfB Stuttgart;0;210.000;210.000;1,3;Halten;Durchschnittlich;0;Computer;28.07.2025;;;;;;;;;;;;;;;;;;;;;;;;;;;;;;;;;;;;;;;;;;;;;;;;;;;;;;;;;;;;;;;;
Kane;Stürmer;FC Bayern München;275;16.810.000;16.660.000;8,9;Halten;Gut;2;Computer;28.07.2025;;;;;;;;;;;;;;;;;;;;;;;;;;;;;;;;;;;;;;;;;;;;;;;;;;;;;;;;;;;;;;;;
Hansen-Aarøen;Mittelfeld;SV Werder Bremen;0;210.000;210.000;-1,5;Halten;Schlecht;0;Computer;28.07.2025;;;;;;;;;;;;;;;;;;;;;;;;;;;;;;;;;;;;;;;;;;;;;;;;;;;;;;;;;;;;;;;;
João Palhinha;Mittelfeld;FC Bayern München;33;1.460.000;1.430.000;2,2;Halten;Gut;0;Computer;28.07.2025;;;;;;;;;;;;;;;;;;;;;;;;;;;;;;;;;;;;;;;;;;;;;;;;;;;;;;;;;;;;;;;;
Nusa;Mittelfeld;RB Leipzig;85;5.780.000;5.740.000;3,5;Halten;Durchschnittlich;1;Computer;28.07.2025;;;;;;;;;;;;;;;;;;;;;;;;;;;;;;;;;;;;;;;;;;;;;;;;;;;;;;;;;;;;;;;;
Dal;Abwehr;1. FSV Mainz 05;0;180.000;180.000;0,0;Verkaufen;Schlecht;0;Computer;28.07.2025;;;;;;;;;;;;;;;;;;;;;;;;;;;;;;;;;;;;;;;;;;;;;;;;;;;;;;;;;;;;;;;;
Baldé;Stürmer;Hamburger SV;0;370.000;370.000;0,0;Halten;Schlecht;0;Computer;28.07.2025;;;;;;;;;;;;;;;;;;;;;;;;;;;;;;;;;;;;;;;;;;;;;;;;;;;;;;;;;;;;;;;;
Bellingham;Mittelfeld;Borussia Dortmund;0;9.740.000;9.590.000;0,0;Halten;Schlecht;2;Computer;28.07.2025;;;;;;;;;;;;;;;;;;;;;;;;;;;;;;;;;;;;;;;;;;;;;;;;;;;;;;;;;;;;;;;;
Bos;Abwehr;1. FSV Mainz 05;0;390.000;390.000;0,0;Halten;Schlecht;0;Computer;28.07.2025;;;;;;;;;;;;;;;;;;;;;;;;;;;;;;;;;;;;;;;;;;;;;;;;;;;;;;;;;;;;;;;;
