Spieler;Marktwert;Besitzer;TM_Stand
Diehl;250.000;Computer;28.05.2025
Öztunali;180.000;Computer;28.05.2025
G. Orban;870.000;Computer;28.05.2025
Mikelbrencis;1.590.000;Computer;28.05.2025
Stiller;11.190.000;Computer;28.05.2025
Atubolu;2.930.000;Computer;28.05.2025
Fukuda;170.000;Computer;28.05.2025
Šeško;11.600.000;Computer;28.05.2025
Stanišić;5.830.000;Computer;28.05.2025
Lainer;730.000;Computer;28.05.2025
Muslija;610.000;Computer;28.05.2025
Gregoritsch;1.020.000;Computer;28.05.2025
F. Müller;410.000;Computer;28.05.2025
Hranáč;180.000;Computer;29.05.2025
Suhonen;250.000;Computer;29.05.2025
Ekitiké;14.620.000;Computer;30.05.2025
Beste;2.660.000;Computer;30.05.2025
L. Grill;190.000;Computer;30.05.2025
Mittelstädt;9.540.000;Computer;30.05.2025
Buta;1.180.000;Computer;30.05.2025
Obert;400.000;Computer;30.05.2025
Højlund;1.170.000;Computer;30.05.2025
Goretzka;9.390.000;Computer;30.05.2025
Berisha;1.210.000;Computer;30.05.2025
Ngankam;560.000;Computer;31.05.2025
Koulierakis;3.230.000;Computer;31.05.2025
Diehl;290.000;Computer;29.05.2025
Öztunali;190.000;Computer;29.05.2025
G. Orban;1.110.000;Computer;29.05.2025
Mikelbrencis;1.600.000;Computer;29.05.2025
Stiller;11.330.000;Computer;29.05.2025
Atubolu;2.990.000;Computer;29.05.2025
Fukuda;190.000;Computer;29.05.2025
Šeško;11.620.000;Computer;29.05.2025
Stanišić;6.410.000;Computer;29.05.2025
Lainer;750.000;Computer;29.05.2025
Muslija;610.000;Computer;29.05.2025
Gregoritsch;1.270.000;Computer;29.05.2025
F. Müller;400.000;Computer;29.05.2025
Hranáč;180.000;Computer;30.05.2025
Suhonen;240.000;Computer;30.05.2025
Ekitiké;13.980.000;Computer;31.05.2025
Beste;2.780.000;Computer;31.05.2025
L. Grill;180.000;Computer;31.05.2025
Mittelstädt;9.310.000;Computer;31.05.2025
Buta;1.110.000;Computer;31.05.2025
Obert;370.000;Computer;31.05.2025
Højlund;1.210.000;Computer;31.05.2025
Goretzka;8.990.000;Computer;31.05.2025
Berisha;1.420.000;Computer;31.05.2025
Ngankam;540.000;Computer;01.06.2025
Koulierakis;3.500.000;Computer;01.06.2025
S. Burchert;160.000;Computer;01.06.2025
Höfler;510.000;Alfons;01.06.2025
Gregoritsch;1.620.000;Nico;01.06.2025
Goretzka;8.630.000;Alfons;01.06.2025
K. Müller;1.130.000;Christoph;01.06.2025
Gerhardt;750.000;Alfons;01.06.2025
Zentner;3.560.000;Nico;01.06.2025
M. Eggestein;5.170.000;Thomas;01.06.2025
Zetterer;2.640.000;Christoph;01.06.2025
Elvedi;2.930.000;Computer;01.06.2025
Huth;160.000;Computer;01.06.2025
Mittelstädt;10.150.000;Thomas;01.06.2025
Gulácsi;3.160.000;Alfons;01.06.2025
Poulsen;1.560.000;Pascal;01.06.2025
Dorsch;1.450.000;Nico;01.06.2025
B. Jatta;1.310.000;Thomas;01.06.2025
Wahl;3.080.000;Thomas;01.06.2025
Geiger;1.080.000;Nico;01.06.2025
Bruun Larsen;1.290.000;Thomas;01.06.2025
Meyer;250.000;Computer;01.06.2025
Dahmen;2.780.000;Thomas;01.06.2025
Muslija;560.000;Nico;01.06.2025
Lainer;740.000;Dominik;01.06.2025
Schlager;2.020.000;Computer;01.06.2025
Osterhage;2.550.000;Thomas;01.06.2025
Ngankam;540.000;Dominik;01.06.2025
Musiala;10.540.000;Thomas;01.06.2025
L. Grill;190.000;Thomas;01.06.2025
Doan;14.040.000;Computer;01.06.2025
Martel;4.180.000;Alfons;01.06.2025
Dinkçi;970.000;Alfons;01.06.2025
Knauff;5.210.000;Nico;01.06.2025
Stanišić;7.080.000;Thomas;01.06.2025
Stiller;12.760.000;Christoph;01.06.2025
F. Becker;430.000;Thomas;01.06.2025
Doekhi;3.660.000;Nico;01.06.2025
Skarke;1.160.000;Thomas;01.06.2025
Buta;1.030.000;Thomas;01.06.2025
Fischer;980.000;Computer;01.06.2025
Koudossou;410.000;Computer;01.06.2025
Diehl;330.000;Thomas;01.06.2025
Matanović;1.010.000;Dominik;01.06.2025
Traoré;1.340.000;Christoph;01.06.2025
Rosenfelder;1.460.000;Alfons;01.06.2025
Čvančara;1.360.000;Computer;01.06.2025
Boniface;7.130.000;Alfons;01.06.2025
At. Szalai;160.000;Computer;01.06.2025
Stergiou;1.170.000;Dominik;01.06.2025
Pavlović;8.910.000;Nico;01.06.2025
Fukuda;250.000;Alfons;01.06.2025
Wätjen;380.000;Thomas;01.06.2025
B. Dárdai;1.730.000;Dominik;01.06.2025
Conteh;910.000;Computer;01.06.2025
Dźwigała;220.000;Computer;01.06.2025
Saliakas;3.230.000;Nico;01.06.2025
Ouédraogo;1.640.000;Nico;01.06.2025
Querfeld;4.060.000;Alfons;01.06.2025
Veratschnig;440.000;Christoph;01.06.2025
Hendriks;1.200.000;Nico;01.06.2025
Uzun;3.310.000;Christoph;01.06.2025
Preu;430.000;Christoph;01.06.2025
Højlund;1.460.000;Alfons;01.06.2025
Manzambi;4.630.000;Pascal;01.06.2025
Kristensen;7.880.000;Alfons;01.06.2025
Tabaković;1.930.000;Alfons;01.06.2025
Hranáč;180.000;Alfons;01.06.2025
Sakar;160.000;Pascal;01.06.2025
Swider;160.000;Christoph;01.06.2025
G. Orban;1.680.000;Nico;01.06.2025
Gleiber;200.000;Christoph;01.06.2025
Wahi;2.470.000;Nico;01.06.2025
Pesch;230.000;Nico;01.06.2025
Hämmerle;190.000;Nico;01.06.2025
Obert;400.000;Nico;01.06.2025
Kusi-Asare;1.300.000;Computer;01.06.2025
Poller;300.000;Nico;01.06.2025
Raab;220.000;Nico;01.06.2025
Muheim;3.580.000;Nico;01.06.2025
L. Reis;3.160.000;Alfons;01.06.2025
Suzuki;7.190.000;Computer;01.06.2025
Dong;750.000;Pascal;01.06.2025
S. Burchert;160.000;Thomas;02.06.2025
Batz;230.000;Computer;02.06.2025
Höfler;470.000;Alfons;02.06.2025
Gregoritsch;1.660.000;Nico;02.06.2025
Goretzka;8.330.000;Alfons;02.06.2025
K. Müller;1.160.000;Christoph;02.06.2025
Gerhardt;700.000;Alfons;02.06.2025
Zentner;3.460.000;Nico;02.06.2025
M. Eggestein;4.910.000;Thomas;02.06.2025
Zetterer;2.410.000;Christoph;02.06.2025
Huth;160.000;Computer;02.06.2025
Mittelstädt;9.450.000;Thomas;02.06.2025
Gulácsi;3.000.000;Alfons;02.06.2025
Poulsen;1.530.000;Pascal;02.06.2025
Dorsch;1.490.000;Nico;02.06.2025
B. Jatta;1.470.000;Thomas;02.06.2025
Wahl;3.190.000;Thomas;02.06.2025
Özcan;1.270.000;Christian;02.06.2025
Geiger;1.020.000;Nico;02.06.2025
Friedl;3.560.000;Computer;02.06.2025
Bruun Larsen;1.190.000;Thomas;02.06.2025
Meyer;250.000;Thomas;02.06.2025
Dahmen;2.640.000;Thomas;02.06.2025
Muslija;520.000;Nico;02.06.2025
Haidara;1.490.000;Christian;02.06.2025
Lainer;790.000;Dominik;02.06.2025
Osterhage;2.430.000;Thomas;02.06.2025
Keitel;640.000;Computer;02.06.2025
Ngankam;500.000;Dominik;02.06.2025
Musiala;11.680.000;Thomas;02.06.2025
L. Grill;190.000;Thomas;02.06.2025
Doan;13.180.000;Thomas;02.06.2025
Martel;3.800.000;Alfons;02.06.2025
Dinkçi;1.150.000;Alfons;02.06.2025
Knauff;5.150.000;Nico;02.06.2025
Stanišić;6.680.000;Thomas;02.06.2025
Stiller;12.420.000;Christoph;02.06.2025
Adli;4.550.000;Computer;02.06.2025
F. Becker;500.000;Thomas;02.06.2025
Doekhi;3.840.000;Nico;02.06.2025
Skarke;1.300.000;Thomas;02.06.2025
Buta;940.000;Thomas;02.06.2025
Fischer;1.070.000;Computer;02.06.2025
P. Aaronson;1.000.000;Computer;02.06.2025
Diehl;390.000;Thomas;02.06.2025
Ullrich;980.000;Christian;02.06.2025
Larsson;5.480.000;Computer;02.06.2025
Matanović;1.230.000;Dominik;02.06.2025
Traoré;1.310.000;Christoph;02.06.2025
Rosenfelder;1.460.000;Alfons;02.06.2025
Čvančara;1.300.000;Computer;02.06.2025
Boniface;7.300.000;Alfons;02.06.2025
Kovář;490.000;Computer;02.06.2025
Stergiou;1.200.000;Dominik;02.06.2025
Pavlović;8.970.000;Nico;02.06.2025
Fukuda;260.000;Alfons;02.06.2025
Wätjen;390.000;Thomas;02.06.2025
B. Dárdai;1.820.000;Dominik;02.06.2025
Conteh;930.000;Computer;02.06.2025
Vasilj;2.730.000;Computer;02.06.2025
Saliakas;3.230.000;Nico;02.06.2025
Ouédraogo;1.580.000;Nico;02.06.2025
Querfeld;4.050.000;Alfons;02.06.2025
Veratschnig;400.000;Christoph;02.06.2025
Hendriks;1.260.000;Nico;02.06.2025
Uzun;3.390.000;Christoph;02.06.2025
Preu;400.000;Christoph;02.06.2025
Højlund;1.360.000;Alfons;02.06.2025
Kristensen;7.500.000;Alfons;02.06.2025
Tabaković;1.960.000;Alfons;02.06.2025
Hranáč;200.000;Alfons;02.06.2025
Hennrich;160.000;Christian;02.06.2025
Swider;160.000;Christoph;02.06.2025
G. Orban;1.730.000;Nico;02.06.2025
Gleiber;190.000;Christoph;02.06.2025
Schmitz;190.000;Computer;02.06.2025
Wahi;2.420.000;Nico;02.06.2025
Vidić;160.000;Computer;02.06.2025
Pesch;220.000;Nico;02.06.2025
Obert;370.000;Nico;02.06.2025
Kusi-Asare;1.200.000;Computer;02.06.2025
Muheim;3.410.000;Nico;02.06.2025
L. Reis;2.990.000;Alfons;02.06.2025
Suzuki;6.800.000;Nico;02.06.2025
Dong;750.000;Pascal;02.06.2025
S. Burchert;160.000;Thomas;03.06.2025
Batz;230.000;Computer;03.06.2025
Höfler;500.000;Alfons;03.06.2025
Gregoritsch;1.840.000;Nico;03.06.2025
K. Müller;1.260.000;Christoph;03.06.2025
Zentner;3.490.000;Nico;03.06.2025
M. Eggestein;5.050.000;Thomas;03.06.2025
Zetterer;2.420.000;Christoph;03.06.2025
Huth;160.000;Computer;03.06.2025
Mittelstädt;10.420.000;Thomas;03.06.2025
Gulácsi;3.080.000;Alfons;03.06.2025
Dorsch;1.570.000;Nico;03.06.2025
B. Jatta;1.720.000;Thomas;03.06.2025
Wahl;3.260.000;Thomas;03.06.2025
Özcan;1.510.000;Christian;03.06.2025
Geiger;1.070.000;Nico;03.06.2025
Friedl;3.610.000;Computer;03.06.2025
Bruun Larsen;1.240.000;Thomas;03.06.2025
Meyer;260.000;Thomas;03.06.2025
Dahmen;2.620.000;Thomas;03.06.2025
Haidara;1.660.000;Christian;03.06.2025
Tietz;3.650.000;Computer;03.06.2025
Lainer;820.000;Dominik;03.06.2025
Osterhage;2.500.000;Thomas;03.06.2025
Keitel;660.000;Computer;03.06.2025
Ngankam;540.000;Dominik;03.06.2025
Musiala;13.430.000;Thomas;03.06.2025
Doan;13.520.000;Thomas;03.06.2025
Martel;4.340.000;Alfons;03.06.2025
Dinkçi;1.170.000;Alfons;03.06.2025
Knauff;5.300.000;Nico;03.06.2025
Stanišić;6.920.000;Thomas;03.06.2025
Stiller;12.710.000;Christoph;03.06.2025
Adli;4.660.000;Computer;03.06.2025
F. Becker;500.000;Thomas;03.06.2025
Doekhi;3.880.000;Nico;03.06.2025
Skarke;1.320.000;Thomas;03.06.2025
Koudossou;430.000;Dominik;03.06.2025
P. Aaronson;1.240.000;Computer;03.06.2025
Diehl;410.000;Thomas;03.06.2025
Ullrich;1.080.000;Christian;03.06.2025
Paçarada;2.950.000;Pascal;03.06.2025
Larsson;5.580.000;Computer;03.06.2025
Traoré;1.270.000;Christoph;03.06.2025
Rosenfelder;1.630.000;Alfons;03.06.2025
Boniface;7.880.000;Alfons;03.06.2025
Hollerbach;6.840.000;Computer;03.06.2025
Kovář;490.000;Computer;03.06.2025
Stergiou;1.240.000;Dominik;03.06.2025
Pavlović;8.850.000;Nico;03.06.2025
Fukuda;260.000;Alfons;03.06.2025
Fukuda;260.000;Alfons;03.06.2025
Wätjen;400.000;Thomas;03.06.2025
Vasilj;3.030.000;Computer;03.06.2025
Dźwigała;220.000;Christoph;03.06.2025
Saliakas;3.280.000;Nico;03.06.2025
Sander;1.920.000;Dominik;03.06.2025
Ouédraogo;1.760.000;Nico;03.06.2025
Querfeld;4.150.000;Alfons;03.06.2025
Veratschnig;430.000;Christoph;03.06.2025
Hendriks;1.310.000;Nico;03.06.2025
Uzun;3.700.000;Christoph;03.06.2025
Preu;430.000;Christoph;03.06.2025
Højlund;1.440.000;Alfons;03.06.2025
Kristensen;7.730.000;Alfons;03.06.2025
Tabaković;1.990.000;Alfons;03.06.2025
Hranáč;200.000;Alfons;03.06.2025
Hennrich;160.000;Christian;03.06.2025
Swider;160.000;Christoph;03.06.2025
G. Orban;1.820.000;Nico;03.06.2025
Gleiber;200.000;Christoph;03.06.2025
Schmitz;180.000;Computer;03.06.2025
Čović;200.000;Computer;03.06.2025
Wahi;2.630.000;Nico;03.06.2025
Vidić;160.000;Computer;03.06.2025
Pesch;230.000;Nico;03.06.2025
Kusi-Asare;1.130.000;Computer;03.06.2025
Muheim;3.340.000;Nico;03.06.2025
L. Reis;2.850.000;Alfons;03.06.2025
Suzuki;6.810.000;Nico;03.06.2025
Neuer;2.500.000;Dominik;04.06.2025
Batz;220.000;Computer;04.06.2025
Höfler;460.000;Alfons;04.06.2025
Bittencourt;1.220.000;Pascal;04.06.2025
Gregoritsch;1.900.000;Nico;04.06.2025
K. Müller;1.490.000;Christoph;04.06.2025
Haberer;1.630.000;Computer;04.06.2025
Zentner;3.380.000;Nico;04.06.2025
M. Eggestein;4.890.000;Thomas;04.06.2025
Zetterer;2.370.000;Christoph;04.06.2025
Mittelstädt;10.650.000;Thomas;04.06.2025
Gulácsi;3.190.000;Alfons;04.06.2025
Poulsen;1.540.000;Pascal;04.06.2025
Dorsch;1.590.000;Nico;04.06.2025
Heuer Fernandes;2.170.000;Computer;04.06.2025
B. Jatta;1.920.000;Thomas;04.06.2025
Wahl;3.380.000;Thomas;04.06.2025
Geiger;1.070.000;Nico;04.06.2025
Bruun Larsen;1.280.000;Thomas;04.06.2025
Meyer;250.000;Thomas;04.06.2025
Dahmen;2.570.000;Thomas;04.06.2025
Muslija;460.000;Dominik;04.06.2025
Tietz;3.740.000;Computer;04.06.2025
Osterhage;2.540.000;Thomas;04.06.2025
Skhiri;4.200.000;Computer;04.06.2025
Ngankam;500.000;Dominik;04.06.2025
Musiala;15.290.000;Thomas;04.06.2025
Doan;12.980.000;Thomas;04.06.2025
Martel;4.120.000;Alfons;04.06.2025
Dinkçi;1.280.000;Alfons;04.06.2025
Knauff;5.430.000;Nico;04.06.2025
Stiller;12.520.000;Christoph;04.06.2025
Widmer;800.000;Computer;04.06.2025
Doekhi;3.830.000;Nico;04.06.2025
Skarke;1.410.000;Thomas;04.06.2025
Koudossou;440.000;Dominik;04.06.2025
Berisha;1.910.000;Pascal;04.06.2025
Diehl;470.000;Thomas;04.06.2025
Juranović;1.300.000;Computer;04.06.2025
Traoré;1.250.000;Christoph;04.06.2025
Rosenfelder;1.580.000;Alfons;04.06.2025
Čvančara;1.260.000;Computer;04.06.2025
Boniface;7.960.000;Alfons;04.06.2025
Hollerbach;6.630.000;Computer;04.06.2025
Kovář;450.000;Computer;04.06.2025
Stergiou;1.200.000;Dominik;04.06.2025
Pavlović;9.480.000;Nico;04.06.2025
Fukuda;300.000;Alfons;04.06.2025
Wätjen;370.000;Thomas;04.06.2025
B. Dárdai;1.980.000;Dominik;04.06.2025
Vasilj;2.920.000;Dominik;04.06.2025
Dźwigała;210.000;Christoph;04.06.2025
Saliakas;3.300.000;Nico;04.06.2025
Irvine;3.250.000;Computer;04.06.2025
Sander;1.800.000;Dominik;04.06.2025
Ouédraogo;1.920.000;Nico;04.06.2025
Querfeld;4.030.000;Alfons;04.06.2025
Veratschnig;450.000;Christoph;04.06.2025
Hendriks;1.390.000;Nico;04.06.2025
Uzun;3.680.000;Christoph;04.06.2025
Preu;410.000;Christoph;04.06.2025
Højlund;1.540.000;Alfons;04.06.2025
Kristensen;7.670.000;Alfons;04.06.2025
Koulierakis;3.580.000;Pascal;04.06.2025
Tabaković;1.930.000;Alfons;04.06.2025
Hranáč;190.000;Alfons;04.06.2025
Chaves;2.490.000;Computer;04.06.2025
Hennrich;160.000;Dominik;04.06.2025
Swider;160.000;Christoph;04.06.2025
G. Orban;1.810.000;Nico;04.06.2025
Gleiber;190.000;Christoph;04.06.2025
Schmitz;170.000;Computer;04.06.2025
Čović;190.000;Computer;04.06.2025
Wahi;2.710.000;Nico;04.06.2025
Ljubičić;590.000;Computer;04.06.2025
Vidić;160.000;Thomas;04.06.2025
Pesch;220.000;Nico;04.06.2025
Muheim;3.540.000;Nico;04.06.2025
L. Reis;2.670.000;Alfons;04.06.2025
Suzuki;6.690.000;Nico;04.06.2025
Dong;660.000;Pascal;04.06.2025
Neuer;2.460.000;Dominik;05.06.2025
Götze;2.500.000;Christoph;05.06.2025
Höfler;470.000;Alfons;05.06.2025
Ma. Müller;160.000;Computer;05.06.2025
Gregoritsch;2.180.000;Nico;05.06.2025
K. Müller;1.560.000;Christoph;05.06.2025
Haberer;1.730.000;Computer;05.06.2025
Zentner;3.560.000;Nico;05.06.2025
M. Eggestein;4.830.000;Thomas;05.06.2025
Zetterer;2.320.000;Christoph;05.06.2025
Mittelstädt;10.610.000;Thomas;05.06.2025
Gulácsi;3.300.000;Alfons;05.06.2025
Dorsch;1.710.000;Nico;05.06.2025
Heuer Fernandes;2.380.000;Computer;05.06.2025
B. Jatta;2.140.000;Thomas;05.06.2025
Wahl;3.750.000;Thomas;05.06.2025
Geiger;1.040.000;Nico;05.06.2025
Bruun Larsen;1.330.000;Thomas;05.06.2025
Hack;5.430.000;Christoph;05.06.2025
Meyer;250.000;Thomas;05.06.2025
Dahmen;2.660.000;Thomas;05.06.2025
Baumgartner;2.440.000;Computer;05.06.2025
Muslija;480.000;Dominik;05.06.2025
Osterhage;2.510.000;Thomas;05.06.2025
Skhiri;4.200.000;Computer;05.06.2025
Ngankam;470.000;Dominik;05.06.2025
Musiala;15.450.000;Thomas;05.06.2025
Doan;12.930.000;Thomas;05.06.2025
Martel;4.280.000;Alfons;05.06.2025
Dinkçi;1.530.000;Alfons;05.06.2025
Knauff;5.510.000;Nico;05.06.2025
Stiller;11.740.000;Christoph;05.06.2025
Widmer;800.000;Computer;05.06.2025
Ilaix Moriba;230.000;Computer;05.06.2025
Doekhi;3.960.000;Nico;05.06.2025
Skarke;1.380.000;Thomas;05.06.2025
Koudossou;460.000;Dominik;05.06.2025
Diehl;490.000;Thomas;05.06.2025
Juranović;1.400.000;Computer;05.06.2025
Traoré;1.180.000;Christoph;05.06.2025
Rosenfelder;1.650.000;Alfons;05.06.2025
Čvančara;1.230.000;Computer;05.06.2025
Boniface;8.330.000;Alfons;05.06.2025
Finkgräfe;1.740.000;Computer;05.06.2025
Stergiou;1.250.000;Dominik;05.06.2025
Pavlović;9.810.000;Nico;05.06.2025
Fukuda;340.000;Alfons;05.06.2025
Wätjen;360.000;Thomas;05.06.2025
B. Dárdai;1.850.000;Dominik;05.06.2025
Vasilj;3.080.000;Dominik;05.06.2025
Dźwigała;200.000;Christoph;05.06.2025
Saliakas;3.440.000;Nico;05.06.2025
Irvine;3.410.000;Computer;05.06.2025
Sander;2.060.000;Dominik;05.06.2025
Ouédraogo;1.910.000;Nico;05.06.2025
Querfeld;4.120.000;Alfons;05.06.2025
Veratschnig;430.000;Christoph;05.06.2025
Hendriks;1.450.000;Nico;05.06.2025
Uzun;4.170.000;Christoph;05.06.2025
Preu;390.000;Christoph;05.06.2025
Højlund;1.590.000;Alfons;05.06.2025
Kristensen;7.700.000;Alfons;05.06.2025
Tabaković;1.930.000;Alfons;05.06.2025
Hranáč;190.000;Alfons;05.06.2025
Vermeeren;2.100.000;Christoph;05.06.2025
Chaves;2.580.000;Computer;05.06.2025
Hennrich;170.000;Dominik;05.06.2025
Swider;160.000;Christoph;05.06.2025
G. Orban;1.890.000;Nico;05.06.2025
Čović;200.000;Computer;05.06.2025
Wahi;2.710.000;Nico;05.06.2025
B. Touré;3.050.000;Christoph;05.06.2025
Ljubičić;620.000;Computer;05.06.2025
Vidić;160.000;Thomas;05.06.2025
Pesch;210.000;Nico;05.06.2025
Muheim;3.650.000;Nico;05.06.2025
Agyekum;380.000;Computer;05.06.2025
Suzuki;6.750.000;Nico;05.06.2025
Neuer;2.310.000;Dominik;06.06.2025
Götze;2.870.000;Christoph;06.06.2025
Höfler;440.000;Alfons;06.06.2025
Ma. Müller;190.000;Computer;06.06.2025
Gregoritsch;2.290.000;Nico;06.06.2025
J. Hofmann;3.810.000;Computer;06.06.2025
K. Müller;1.590.000;Christoph;06.06.2025
Gerhardt;840.000;Christian;06.06.2025
Friedrich;840.000;Dominik;06.06.2025
Zentner;3.590.000;Nico;06.06.2025
M. Eggestein;4.600.000;Thomas;06.06.2025
Zetterer;2.340.000;Christoph;06.06.2025
Mittelstädt;10.710.000;Thomas;06.06.2025
Gulácsi;3.390.000;Alfons;06.06.2025
Dorsch;1.720.000;Nico;06.06.2025
Heuer Fernandes;2.200.000;Thomas;06.06.2025
B. Jatta;2.230.000;Thomas;06.06.2025
Wahl;3.790.000;Thomas;06.06.2025
Geiger;980.000;Nico;06.06.2025
Burke;4.630.000;Dominik;06.06.2025
Hübers;3.030.000;Computer;06.06.2025
Bruun Larsen;1.320.000;Thomas;06.06.2025
Hack;5.250.000;Christoph;06.06.2025
Meyer;230.000;Thomas;06.06.2025
Dahmen;2.730.000;Thomas;06.06.2025
Baumgartner;2.630.000;Computer;06.06.2025
Muslija;450.000;Dominik;06.06.2025
Tietz;3.880.000;Alfons;06.06.2025
Lainer;790.000;Dominik;06.06.2025
Osterhage;2.540.000;Thomas;06.06.2025
Musiala;16.970.000;Thomas;06.06.2025
Doan;13.640.000;Thomas;06.06.2025
Martel;4.530.000;Alfons;06.06.2025
Dinkçi;1.610.000;Alfons;06.06.2025
Knauff;5.440.000;Nico;06.06.2025
Ilaix Moriba;220.000;Computer;06.06.2025
Chabot;6.060.000;Computer;06.06.2025
Doekhi;3.940.000;Nico;06.06.2025
Skarke;1.400.000;Thomas;06.06.2025
Koudossou;440.000;Dominik;06.06.2025
Král;540.000;Computer;06.06.2025
Dina Ebimbe;510.000;Computer;06.06.2025
Diehl;570.000;Thomas;06.06.2025
Juranović;1.550.000;Nico;06.06.2025
Traoré;1.360.000;Christoph;06.06.2025
Rosenfelder;1.740.000;Alfons;06.06.2025
Čvančara;1.180.000;Computer;06.06.2025
Boniface;8.250.000;Alfons;06.06.2025
Undav;12.200.000;Computer;06.06.2025
Finkgräfe;1.680.000;Computer;06.06.2025
Stergiou;1.340.000;Dominik;06.06.2025
Pavlović;9.330.000;Nico;06.06.2025
Fukuda;400.000;Alfons;06.06.2025
Wätjen;350.000;Thomas;06.06.2025
B. Dárdai;1.910.000;Dominik;06.06.2025
Vasilj;2.980.000;Dominik;06.06.2025
Saliakas;3.340.000;Nico;06.06.2025
Sander;2.050.000;Dominik;06.06.2025
Ouédraogo;2.010.000;Nico;06.06.2025
Prtajin;290.000;Computer;06.06.2025
Querfeld;3.800.000;Alfons;06.06.2025
Hendriks;1.510.000;Nico;06.06.2025
Uzun;4.150.000;Christoph;06.06.2025
Højlund;1.660.000;Alfons;06.06.2025
Kristensen;7.460.000;Alfons;06.06.2025
Chase;870.000;Computer;06.06.2025
Tabaković;1.780.000;Alfons;06.06.2025
Vermeeren;2.180.000;Christoph;06.06.2025
Hennrich;170.000;Dominik;06.06.2025
G. Orban;1.920.000;Nico;06.06.2025
Wahi;2.600.000;Nico;06.06.2025
B. Touré;2.810.000;Christoph;06.06.2025
Ljubičić;700.000;Alfons;06.06.2025
Vidić;160.000;Thomas;06.06.2025
Pesch;200.000;Nico;06.06.2025
Hermann;160.000;Computer;06.06.2025
Muheim;3.830.000;Nico;06.06.2025
Agyekum;350.000;Computer;06.06.2025
Suzuki;6.500.000;Nico;06.06.2025
Neuer;2.450.000;Dominik;07.06.2025
Groß;7.570.000;Dominik;07.06.2025
Götze;2.970.000;Christoph;07.06.2025
Höfler;450.000;Alfons;07.06.2025
Ma. Müller;240.000;Dominik;07.06.2025
Can;3.790.000;Dominik;07.06.2025
Gregoritsch;2.610.000;Nico;07.06.2025
J. Hofmann;3.990.000;Computer;07.06.2025
K. Müller;1.680.000;Christoph;07.06.2025
Gerhardt;840.000;Christian;07.06.2025
Haberer;1.540.000;Dominik;07.06.2025
Zentner;3.620.000;Nico;07.06.2025
M. Eggestein;4.750.000;Thomas;07.06.2025
Zetterer;2.340.000;Christoph;07.06.2025
Mittelstädt;10.780.000;Thomas;07.06.2025
Gulácsi;3.300.000;Alfons;07.06.2025
Dorsch;1.740.000;Nico;07.06.2025
Heuer Fernandes;2.200.000;Thomas;07.06.2025
B. Jatta;2.540.000;Thomas;07.06.2025
Wahl;3.830.000;Thomas;07.06.2025
Schöppner;3.370.000;Computer;07.06.2025
Hübers;3.170.000;Computer;07.06.2025
Bruun Larsen;1.360.000;Thomas;07.06.2025
Hack;5.540.000;Christoph;07.06.2025
Meyer;240.000;Thomas;07.06.2025
Dahmen;3.130.000;Thomas;07.06.2025
Beste;3.490.000;Dominik;07.06.2025
Baumgartner;2.690.000;Dominik;07.06.2025
Tietz;4.170.000;Alfons;07.06.2025
Lainer;810.000;Dominik;07.06.2025
Schlager;3.130.000;Dominik;07.06.2025
Osterhage;2.800.000;Thomas;07.06.2025
Musiala;17.060.000;Thomas;07.06.2025
Doan;13.800.000;Thomas;07.06.2025
Martel;4.630.000;Alfons;07.06.2025
Dinkçi;1.860.000;Alfons;07.06.2025
Knauff;5.770.000;Nico;07.06.2025
Stach;5.950.000;Dominik;07.06.2025
La. Günther;170.000;Computer;07.06.2025
Widmer;720.000;Alfons;07.06.2025
Adli;4.400.000;Dominik;07.06.2025
Ilaix Moriba;300.000;Computer;07.06.2025
Wanner;4.370.000;Dominik;07.06.2025
Chabot;5.810.000;Computer;07.06.2025
Doekhi;4.030.000;Nico;07.06.2025
Skarke;1.400.000;Thomas;07.06.2025
Král;520.000;Computer;07.06.2025
Dina Ebimbe;490.000;Computer;07.06.2025
P. Aaronson;1.800.000;Dominik;07.06.2025
Diehl;650.000;Thomas;07.06.2025
Juranović;1.580.000;Nico;07.06.2025
Traoré;1.360.000;Christoph;07.06.2025
Rosenfelder;1.830.000;Alfons;07.06.2025
Boniface;8.340.000;Alfons;07.06.2025
Undav;12.390.000;Computer;07.06.2025
Finkgräfe;1.930.000;Christoph;07.06.2025
Stergiou;1.360.000;Dominik;07.06.2025
Pavlović;9.530.000;Nico;07.06.2025
Fukuda;430.000;Alfons;07.06.2025
Alvero;330.000;Computer;07.06.2025
Wätjen;340.000;Thomas;07.06.2025
B. Dárdai;1.820.000;Dominik;07.06.2025
Vasilj;3.090.000;Dominik;07.06.2025
Saliakas;3.360.000;Nico;07.06.2025
Sander;2.150.000;Dominik;07.06.2025
Ouédraogo;2.040.000;Nico;07.06.2025
Prtajin;300.000;Computer;07.06.2025
Querfeld;4.050.000;Alfons;07.06.2025
Veratschnig;410.000;Christoph;07.06.2025
Hendriks;1.530.000;Nico;07.06.2025
Uzun;4.410.000;Christoph;07.06.2025
Preu;460.000;Christoph;07.06.2025
Højlund;1.710.000;Alfons;07.06.2025
Kristensen;7.140.000;Alfons;07.06.2025
Chase;930.000;Computer;07.06.2025
Tabaković;1.870.000;Alfons;07.06.2025
Vermeeren;2.030.000;Christoph;07.06.2025
Hennrich;170.000;Dominik;07.06.2025
G. Orban;1.850.000;Nico;07.06.2025
Schmitz;160.000;Computer;07.06.2025
Wahi;2.910.000;Nico;07.06.2025
B. Touré;2.890.000;Christoph;07.06.2025
Ljubičić;790.000;Alfons;07.06.2025
Vidić;160.000;Thomas;07.06.2025
Hermann;160.000;Computer;07.06.2025
Elfadli;4.060.000;Dominik;07.06.2025
Muheim;3.830.000;Nico;07.06.2025
Agyekum;340.000;Computer;07.06.2025
Suzuki;6.110.000;Nico;07.06.2025
Neuer;2.290.000;Dominik;08.06.2025
Groß;7.160.000;Dominik;08.06.2025
Götze;3.170.000;Christoph;08.06.2025
Höfler;460.000;Alfons;08.06.2025
Ma. Müller;220.000;Dominik;08.06.2025
Can;3.640.000;Dominik;08.06.2025
Gregoritsch;2.470.000;Nico;08.06.2025
Gerhardt;810.000;Christian;08.06.2025
Haberer;1.620.000;Dominik;08.06.2025
Zentner;3.360.000;Nico;08.06.2025
Amiri;12.770.000;Computer;08.06.2025
M. Eggestein;4.610.000;Thomas;08.06.2025
Zetterer;2.330.000;Christoph;08.06.2025
Mittelstädt;10.230.000;Thomas;08.06.2025
Gulácsi;3.160.000;Alfons;08.06.2025
Dorsch;1.790.000;Nico;08.06.2025
Heuer Fernandes;2.390.000;Thomas;08.06.2025
B. Jatta;2.340.000;Thomas;08.06.2025
Wahl;3.700.000;Thomas;08.06.2025
Schöppner;3.140.000;Computer;08.06.2025
Bruun Larsen;1.290.000;Thomas;08.06.2025
Hack;5.520.000;Christoph;08.06.2025
Meyer;240.000;Thomas;08.06.2025
Dahmen;3.070.000;Thomas;08.06.2025
Vagnoman;2.020.000;Computer;08.06.2025
Beste;3.430.000;Dominik;08.06.2025
Baumgartner;2.590.000;Dominik;08.06.2025
Tietz;4.000.000;Alfons;08.06.2025
Lainer;760.000;Dominik;08.06.2025
Schlager;3.310.000;Dominik;08.06.2025
Osterhage;2.570.000;Thomas;08.06.2025
Musiala;17.010.000;Thomas;08.06.2025
P. Nebel;11.370.000;Computer;08.06.2025
Doan;13.420.000;Thomas;08.06.2025
Martel;4.530.000;Alfons;08.06.2025
Dinkçi;1.970.000;Alfons;08.06.2025
Knauff;5.650.000;Nico;08.06.2025
Stach;5.610.000;Dominik;08.06.2025
La. Günther;160.000;Computer;08.06.2025
Widmer;680.000;Alfons;08.06.2025
Adli;4.190.000;Dominik;08.06.2025
Wanner;4.080.000;Dominik;08.06.2025
Doekhi;3.880.000;Nico;08.06.2025
Skarke;1.370.000;Thomas;08.06.2025
Perea;160.000;Computer;08.06.2025
Král;480.000;Computer;08.06.2025
Dina Ebimbe;530.000;Computer;08.06.2025
P. Aaronson;1.820.000;Dominik;08.06.2025
Diehl;610.000;Thomas;08.06.2025
Juranović;1.460.000;Nico;08.06.2025
Traoré;1.280.000;Christoph;08.06.2025
Rosenfelder;1.960.000;Alfons;08.06.2025
Boniface;8.130.000;Alfons;08.06.2025
N. Collins;2.610.000;Computer;08.06.2025
Kovář;410.000;Computer;08.06.2025
Finkgräfe;1.830.000;Christoph;08.06.2025
Stergiou;1.310.000;Dominik;08.06.2025
Pavlović;9.100.000;Nico;08.06.2025
Fukuda;430.000;Alfons;08.06.2025
Alvero;320.000;Computer;08.06.2025
Wätjen;330.000;Thomas;08.06.2025
B. Dárdai;1.830.000;Dominik;08.06.2025
Vasilj;3.050.000;Dominik;08.06.2025
Saliakas;3.230.000;Nico;08.06.2025
Sander;2.160.000;Dominik;08.06.2025
Ouédraogo;2.140.000;Nico;08.06.2025
Querfeld;3.820.000;Alfons;08.06.2025
Veratschnig;410.000;Christoph;08.06.2025
Hendriks;1.470.000;Nico;08.06.2025
Preu;440.000;Christoph;08.06.2025
Højlund;1.740.000;Alfons;08.06.2025
Kristensen;6.910.000;Alfons;08.06.2025
Chase;910.000;Dominik;08.06.2025
Tabaković;1.730.000;Alfons;08.06.2025
Vermeeren;2.240.000;Christoph;08.06.2025
Pavlešić;160.000;Computer;08.06.2025
Hennrich;160.000;Dominik;08.06.2025
Schmitz;160.000;Computer;08.06.2025
Wahi;2.870.000;Nico;08.06.2025
B. Touré;2.850.000;Christoph;08.06.2025
Ljubičić;780.000;Alfons;08.06.2025
Vidić;160.000;Thomas;08.06.2025
Kusi-Asare;820.000;Computer;08.06.2025
Hermann;160.000;Computer;08.06.2025
Elfadli;3.960.000;Dominik;08.06.2025
Muheim;3.740.000;Nico;08.06.2025
Götze;3.170.000;Christoph;09.06.2025
Höfler;520.000;Alfons;09.06.2025
Gregoritsch;2.700.000;Nico;09.06.2025
J. Hofmann;4.550.000;Alfons;09.06.2025
K. Müller;1.770.000;Christoph;09.06.2025
Haberer;1.610.000;Dominik;09.06.2025
Zentner;3.500.000;Nico;09.06.2025
Amiri;12.810.000;Computer;09.06.2025
M. Eggestein;4.530.000;Thomas;09.06.2025
Zetterer;2.350.000;Christoph;09.06.2025
Mittelstädt;10.230.000;Thomas;09.06.2025
Gulácsi;3.290.000;Alfons;09.06.2025
Dorsch;1.870.000;Nico;09.06.2025
Heuer Fernandes;2.280.000;Thomas;09.06.2025
B. Jatta;2.340.000;Thomas;09.06.2025
Wahl;3.830.000;Thomas;09.06.2025
Schöppner;3.370.000;Alfons;09.06.2025
Hübers;3.230.000;Dominik;09.06.2025
Bruun Larsen;1.410.000;Thomas;09.06.2025
Hack;5.530.000;Christoph;09.06.2025
Meyer;240.000;Thomas;09.06.2025
Dahmen;3.090.000;Thomas;09.06.2025
Vagnoman;2.170.000;Computer;09.06.2025
Neuhaus;2.850.000;Computer;09.06.2025
Beste;3.560.000;Dominik;09.06.2025
Baumgartner;2.690.000;Dominik;09.06.2025
Tietz;3.830.000;Alfons;09.06.2025
Trimmel;1.760.000;Computer;09.06.2025
Schlager;3.260.000;Dominik;09.06.2025
Osterhage;2.380.000;Thomas;09.06.2025
Musiala;18.650.000;Thomas;09.06.2025
P. Nebel;11.390.000;Computer;09.06.2025
Doan;12.580.000;Thomas;09.06.2025
Martel;4.550.000;Alfons;09.06.2025
Dinkçi;2.140.000;Alfons;09.06.2025
Knauff;5.730.000;Nico;09.06.2025
La. Günther;170.000;Computer;09.06.2025
Chabot;5.790.000;Dominik;09.06.2025
Doekhi;3.960.000;Nico;09.06.2025
Skarke;1.320.000;Thomas;09.06.2025
Perea;160.000;Computer;09.06.2025
Dina Ebimbe;540.000;Alfons;09.06.2025
P. Aaronson;1.970.000;Dominik;09.06.2025
Diehl;600.000;Thomas;09.06.2025
Juranović;1.600.000;Nico;09.06.2025
Maza;8.700.000;Computer;09.06.2025
Traoré;1.360.000;Christoph;09.06.2025
Rosenfelder;2.210.000;Alfons;09.06.2025
Boniface;8.350.000;Alfons;09.06.2025
Undav;12.800.000;Alfons;09.06.2025
N. Collins;2.610.000;Computer;09.06.2025
Kovář;390.000;Computer;09.06.2025
Finkgräfe;1.830.000;Christoph;09.06.2025
Stergiou;1.420.000;Dominik;09.06.2025
Pavlović;9.040.000;Nico;09.06.2025
Fukuda;430.000;Alfons;09.06.2025
Eduardo;170.000;Computer;09.06.2025
Wätjen;310.000;Thomas;09.06.2025
Vasilj;2.930.000;Dominik;09.06.2025
Saliakas;3.370.000;Nico;09.06.2025
Sander;2.190.000;Dominik;09.06.2025
Ouédraogo;2.270.000;Nico;09.06.2025
Prtajin;300.000;Alfons;09.06.2025
Querfeld;3.920.000;Alfons;09.06.2025
Veratschnig;410.000;Christoph;09.06.2025
Hendriks;1.490.000;Nico;09.06.2025
Uzun;4.460.000;Christoph;09.06.2025
Preu;470.000;Christoph;09.06.2025
Højlund;1.780.000;Alfons;09.06.2025
Kristensen;6.970.000;Alfons;09.06.2025
Chase;880.000;Dominik;09.06.2025
Vermeeren;2.310.000;Christoph;09.06.2025
Pavlešić;160.000;Computer;09.06.2025
Hennrich;170.000;Dominik;09.06.2025
Schmitz;160.000;Computer;09.06.2025
Wahi;2.890.000;Nico;09.06.2025
B. Touré;2.920.000;Christoph;09.06.2025
Ljubičić;820.000;Alfons;09.06.2025
Gomis;1.420.000;Computer;09.06.2025
Kusi-Asare;830.000;Computer;09.06.2025
Elfadli;3.740.000;Dominik;09.06.2025
Muheim;3.780.000;Nico;09.06.2025
Neuer;2.100.000;Dominik;10.06.2025
Groß;6.300.000;Dominik;10.06.2025
Götze;3.080.000;Christoph;10.06.2025
Höfler;510.000;Alfons;10.06.2025
Can;3.780.000;Dominik;10.06.2025
Gregoritsch;2.660.000;Nico;10.06.2025
J. Hofmann;4.940.000;Alfons;10.06.2025
Süle;4.530.000;Computer;10.06.2025
Haberer;1.550.000;Dominik;10.06.2025
Zentner;3.250.000;Nico;10.06.2025
M. Eggestein;4.530.000;Thomas;10.06.2025
Zetterer;2.700.000;Christoph;10.06.2025
Mittelstädt;9.750.000;Thomas;10.06.2025
Gulácsi;3.180.000;Alfons;10.06.2025
Dorsch;1.850.000;Nico;10.06.2025
Heuer Fernandes;2.260.000;Thomas;10.06.2025
Jatta;2.240.000;Thomas;10.06.2025
Wahl;3.530.000;Thomas;10.06.2025
Schöppner;3.090.000;Alfons;10.06.2025
Hübers;3.090.000;Dominik;10.06.2025
Bruun Larsen;1.560.000;Thomas;10.06.2025
Hack;5.480.000;Christoph;10.06.2025
Meyer;230.000;Thomas;10.06.2025
Dahmen;3.160.000;Thomas;10.06.2025
Vagnoman;2.280.000;Nico;10.06.2025
Neuhaus;2.850.000;Computer;10.06.2025
Beste;3.510.000;Dominik;10.06.2025
Baumgartner;2.750.000;Dominik;10.06.2025
Tietz;3.770.000;Alfons;10.06.2025
Trimmel;1.730.000;Computer;10.06.2025
Schlager;3.450.000;Dominik;10.06.2025
Osterhage;2.300.000;Thomas;10.06.2025
Musiala;18.040.000;Thomas;10.06.2025
Doan;12.570.000;Thomas;10.06.2025
Martel;4.360.000;Alfons;10.06.2025
Dinkçi;2.330.000;Alfons;10.06.2025
Knauff;5.800.000;Nico;10.06.2025
Noll;160.000;Computer;10.06.2025
Stach;5.840.000;Dominik;10.06.2025
Millot;6.600.000;Computer;10.06.2025
Adli;4.550.000;Dominik;10.06.2025
Wanner;4.040.000;Dominik;10.06.2025
Chabot;5.400.000;Dominik;10.06.2025
Doekhi;3.600.000;Nico;10.06.2025
Skarke;1.380.000;Thomas;10.06.2025
Perea;160.000;Computer;10.06.2025
Dina Ebimbe;500.000;Alfons;10.06.2025
P. Aaronson;1.940.000;Dominik;10.06.2025
Diehl;640.000;Thomas;10.06.2025
Maza;10.000.000;Computer;10.06.2025
Traoré;1.350.000;Christoph;10.06.2025
Rosenfelder;2.310.000;Alfons;10.06.2025
Boniface;8.040.000;Alfons;10.06.2025
Undav;12.210.000;Alfons;10.06.2025
N. Collins;2.470.000;Computer;10.06.2025
Kovář;360.000;Computer;10.06.2025
Finkgräfe;1.950.000;Christoph;10.06.2025
Stergiou;1.360.000;Dominik;10.06.2025
Pavlović;9.220.000;Nico;10.06.2025
Fukuda;420.000;Alfons;10.06.2025
Eduardo;160.000;Computer;10.06.2025
Wätjen;310.000;Thomas;10.06.2025
Vasilj;3.130.000;Dominik;10.06.2025
Saliakas;3.350.000;Nico;10.06.2025
Sander;2.060.000;Dominik;10.06.2025
Ouédraogo;2.200.000;Nico;10.06.2025
Prtajin;290.000;Alfons;10.06.2025
Querfeld;3.810.000;Alfons;10.06.2025
Veratschnig;380.000;Christoph;10.06.2025
Hendriks;1.390.000;Nico;10.06.2025
Uzun;4.490.000;Christoph;10.06.2025
Preu;470.000;Christoph;10.06.2025
Højlund;1.630.000;Alfons;10.06.2025
Kristensen;6.940.000;Alfons;10.06.2025
Klaus;170.000;Computer;10.06.2025
Chase;870.000;Dominik;10.06.2025
Vermeeren;2.320.000;Christoph;10.06.2025
Pavlešić;160.000;Computer;10.06.2025
Hennrich;160.000;Dominik;10.06.2025
Schmitz;160.000;Thomas;10.06.2025
Wahi;3.190.000;Nico;10.06.2025
B. Touré;2.700.000;Christoph;10.06.2025
Ljubičić;770.000;Alfons;10.06.2025
Gomis;1.470.000;Computer;10.06.2025
Vidić;160.000;Computer;10.06.2025
Kusi-Asare;810.000;Computer;10.06.2025
Elfadli;3.690.000;Dominik;10.06.2025
Muheim;3.650.000;Nico;10.06.2025
Neuer;2.050.000;Dominik;11.06.2025
Groß;5.980.000;Dominik;11.06.2025
Höfler;540.000;Alfons;11.06.2025
Ginter;4.970.000;Computer;11.06.2025
Gregoritsch;2.720.000;Nico;11.06.2025
J. Hofmann;4.880.000;Alfons;11.06.2025
Süle;4.610.000;Computer;11.06.2025
Haberer;1.460.000;Dominik;11.06.2025
Zentner;3.330.000;Nico;11.06.2025
Amiri;12.830.000;Christoph;11.06.2025
M. Eggestein;4.550.000;Thomas;11.06.2025
Zetterer;2.540.000;Christoph;11.06.2025
Mittelstädt;9.900.000;Thomas;11.06.2025
Gulácsi;3.250.000;Alfons;11.06.2025
A. Jung;1.470.000;Computer;11.06.2025
Dorsch;1.890.000;Nico;11.06.2025
Heuer Fernandes;2.270.000;Thomas;11.06.2025
Jatta;2.350.000;Thomas;11.06.2025
Wahl;3.500.000;Thomas;11.06.2025
Schöppner;3.090.000;Alfons;11.06.2025
Hübers;3.140.000;Dominik;11.06.2025
Bruun Larsen;1.560.000;Thomas;11.06.2025
Hack;5.550.000;Christoph;11.06.2025
Meyer;240.000;Thomas;11.06.2025
Dahmen;3.140.000;Thomas;11.06.2025
Vagnoman;2.180.000;Nico;11.06.2025
Beste;3.650.000;Dominik;11.06.2025
Baumgartner;2.560.000;Dominik;11.06.2025
Tietz;3.880.000;Alfons;11.06.2025
Kilian;320.000;Computer;11.06.2025
Schlager;3.610.000;Dominik;11.06.2025
Osterhage;2.440.000;Thomas;11.06.2025
Musiala;18.400.000;Thomas;11.06.2025
P. Nebel;11.390.000;Dominik;11.06.2025
Doan;12.150.000;Thomas;11.06.2025
Martel;4.490.000;Alfons;11.06.2025
Dinkçi;2.370.000;Alfons;11.06.2025
Knauff;6.180.000;Nico;11.06.2025
Noll;170.000;Computer;11.06.2025
Stach;6.100.000;Dominik;11.06.2025
Millot;6.600.000;Computer;11.06.2025
Adli;4.860.000;Dominik;11.06.2025
Wanner;4.250.000;Dominik;11.06.2025
Schäfer;1.530.000;Computer;11.06.2025
Chabot;5.600.000;Dominik;11.06.2025
Doekhi;3.810.000;Nico;11.06.2025
Skarke;1.300.000;Thomas;11.06.2025
Nsoki;470.000;Computer;11.06.2025
Dina Ebimbe;510.000;Alfons;11.06.2025
P. Aaronson;2.000.000;Dominik;11.06.2025
Diehl;610.000;Thomas;11.06.2025
Maza;10.420.000;Nico;11.06.2025
Traoré;1.330.000;Christoph;11.06.2025
Milošević;300.000;Computer;11.06.2025
Rosenfelder;2.260.000;Alfons;11.06.2025
Boniface;8.310.000;Alfons;11.06.2025
Undav;12.260.000;Alfons;11.06.2025
Finkgräfe;1.940.000;Christoph;11.06.2025
Pavlović;9.290.000;Nico;11.06.2025
Fukuda;400.000;Alfons;11.06.2025
Eduardo;160.000;Computer;11.06.2025
Wätjen;290.000;Thomas;11.06.2025
Saliakas;3.100.000;Nico;11.06.2025
Sander;2.270.000;Dominik;11.06.2025
Ouédraogo;2.180.000;Nico;11.06.2025
Prtajin;280.000;Alfons;11.06.2025
Querfeld;3.990.000;Alfons;11.06.2025
Veratschnig;410.000;Christoph;11.06.2025
Hendriks;1.390.000;Nico;11.06.2025
Preu;460.000;Christoph;11.06.2025
Højlund;1.580.000;Alfons;11.06.2025
Ogbus;450.000;Computer;11.06.2025
Kristensen;7.130.000;Alfons;11.06.2025
Klaus;170.000;Computer;11.06.2025
Chase;890.000;Dominik;11.06.2025
Al-Dakhil;960.000;Computer;11.06.2025
Schmitz;170.000;Thomas;11.06.2025
Wahi;3.210.000;Nico;11.06.2025
B. Touré;2.510.000;Christoph;11.06.2025
Ljubičić;770.000;Alfons;11.06.2025
Vidić;160.000;Computer;11.06.2025
Elfadli;3.480.000;Dominik;11.06.2025
Muheim;3.540.000;Nico;11.06.2025
Diks;3.880.000;Computer;11.06.2025
Neuer;1.890.000;Dominik;12.06.2025
Groß;5.710.000;Dominik;12.06.2025
Höfler;510.000;Alfons;12.06.2025
Ginter;4.560.000;Computer;12.06.2025
Gregoritsch;2.600.000;Nico;12.06.2025
J. Hofmann;5.000.000;Alfons;12.06.2025
Haberer;1.350.000;Dominik;12.06.2025
Zentner;3.210.000;Nico;12.06.2025
Amiri;12.250.000;Christoph;12.06.2025
M. Eggestein;4.580.000;Thomas;12.06.2025
Mittelstädt;9.720.000;Thomas;12.06.2025
Gulácsi;3.230.000;Alfons;12.06.2025
A. Jung;1.650.000;Computer;12.06.2025
Dorsch;1.800.000;Nico;12.06.2025
Heuer Fernandes;2.450.000;Thomas;12.06.2025
Jatta;2.240.000;Thomas;12.06.2025
Wahl;3.330.000;Thomas;12.06.2025
Maier;860.000;Computer;12.06.2025
Hübers;3.010.000;Dominik;12.06.2025
Bruun Larsen;1.550.000;Thomas;12.06.2025
Hack;5.390.000;Christoph;12.06.2025
Meyer;220.000;Thomas;12.06.2025
Dahmen;3.300.000;Thomas;12.06.2025
Neuhaus;2.990.000;Thomas;12.06.2025
Beste;3.450.000;Dominik;12.06.2025
Baumgartner;2.560.000;Dominik;12.06.2025
Tietz;3.660.000;Alfons;12.06.2025
Kilian;310.000;Computer;12.06.2025
Schlager;3.600.000;Dominik;12.06.2025
Osterhage;2.320.000;Thomas;12.06.2025
Musiala;19.070.000;Thomas;12.06.2025
P. Nebel;11.290.000;Dominik;12.06.2025
L. Philipp;370.000;Computer;12.06.2025
Doan;12.220.000;Thomas;12.06.2025
Martel;4.160.000;Alfons;12.06.2025
Dinkçi;2.340.000;Alfons;12.06.2025
Knauff;5.990.000;Nico;12.06.2025
Noll;160.000;Dominik;12.06.2025
Stach;6.310.000;Dominik;12.06.2025
Adli;4.710.000;Dominik;12.06.2025
Wanner;4.330.000;Dominik;12.06.2025
Schäfer;1.460.000;Computer;12.06.2025
Chabot;5.350.000;Dominik;12.06.2025
Doekhi;3.880.000;Nico;12.06.2025
Nsoki;450.000;Computer;12.06.2025
Dina Ebimbe;470.000;Alfons;12.06.2025
P. Aaronson;1.980.000;Dominik;12.06.2025
Diehl;640.000;Thomas;12.06.2025
Maza;10.620.000;Nico;12.06.2025
Milošević;280.000;Computer;12.06.2025
Rosenfelder;2.290.000;Alfons;12.06.2025
Boniface;8.050.000;Alfons;12.06.2025
Undav;11.960.000;Alfons;12.06.2025
Finkgräfe;1.840.000;Christoph;12.06.2025
Pavlović;8.470.000;Nico;12.06.2025
Fukuda;390.000;Alfons;12.06.2025
Wätjen;280.000;Thomas;12.06.2025
Saliakas;3.080.000;Nico;12.06.2025
Sander;2.180.000;Dominik;12.06.2025
García;7.350.000;Computer;12.06.2025
Querfeld;3.800.000;Alfons;12.06.2025
Veratschnig;380.000;Christoph;12.06.2025
Hendriks;1.330.000;Nico;12.06.2025
Preu;440.000;Christoph;12.06.2025
Højlund;1.450.000;Alfons;12.06.2025
Ogbus;440.000;Computer;12.06.2025
Kristensen;6.510.000;Alfons;12.06.2025
Klaus;160.000;Computer;12.06.2025
Chase;830.000;Dominik;12.06.2025
Al-Dakhil;890.000;Computer;12.06.2025
Schmitz;160.000;Thomas;12.06.2025
Wahi;2.950.000;Nico;12.06.2025
B. Touré;2.320.000;Christoph;12.06.2025
Ljubičić;750.000;Alfons;12.06.2025
Gomis;1.480.000;Thomas;12.06.2025
Vidić;160.000;Computer;12.06.2025
Muheim;3.660.000;Nico;12.06.2025
Suhonen;200.000;Computer;12.06.2025
Diks;3.640.000;Computer;12.06.2025
Neuer;1.890.000;Dominik;13.06.2025
Groß;5.870.000;Dominik;13.06.2025
W. Orbán;6.270.000;Pascal;13.06.2025
Ginter;4.790.000;Alfons;13.06.2025
Bittencourt;1.040.000;Pascal;13.06.2025
Gregoritsch;2.460.000;Nico;13.06.2025
J. Hofmann;5.020.000;Alfons;13.06.2025
Süle;4.330.000;Alfons;13.06.2025
Haberer;1.360.000;Dominik;13.06.2025
Zentner;3.370.000;Nico;13.06.2025
M. Eggestein;4.560.000;Thomas;13.06.2025
Elvedi;3.620.000;Pascal;13.06.2025
Mittelstädt;10.130.000;Thomas;13.06.2025
Kramarić;9.680.000;Pascal;13.06.2025
Gulácsi;3.230.000;Alfons;13.06.2025
A. Jung;1.730.000;Pascal;13.06.2025
Dorsch;1.840.000;Nico;13.06.2025
Heuer Fernandes;2.430.000;Thomas;13.06.2025
Jatta;2.340.000;Thomas;13.06.2025
Wahl;3.490.000;Thomas;13.06.2025
Kainz;3.740.000;Pascal;13.06.2025
Maier;900.000;Computer;13.06.2025
Hübers;3.160.000;Dominik;13.06.2025
Friedl;3.670.000;Pascal;13.06.2025
Bruun Larsen;1.570.000;Thomas;13.06.2025
Hack;5.700.000;Christoph;13.06.2025
Meyer;230.000;Thomas;13.06.2025
Dahmen;3.330.000;Thomas;13.06.2025
Neuhaus;3.150.000;Thomas;13.06.2025
Burkardt;15.530.000;Computer;13.06.2025
Baumgartner;2.590.000;Dominik;13.06.2025
Tietz;3.760.000;Alfons;13.06.2025
Trimmel;1.850.000;Pascal;13.06.2025
Kilian;290.000;Computer;13.06.2025
Jäkel;220.000;Computer;13.06.2025
Schlager;3.650.000;Dominik;13.06.2025
Osterhage;2.320.000;Thomas;13.06.2025
Skhiri;4.810.000;Pascal;13.06.2025
Musiala;19.070.000;Thomas;13.06.2025
P. Nebel;11.850.000;Dominik;13.06.2025
L. Philipp;350.000;Computer;13.06.2025
Doan;12.210.000;Thomas;13.06.2025
Martel;4.430.000;Alfons;13.06.2025
Dinkçi;2.630.000;Alfons;13.06.2025
Knauff;6.180.000;Nico;13.06.2025
Noll;170.000;Dominik;13.06.2025
Stach;6.530.000;Dominik;13.06.2025
Adli;4.770.000;Dominik;13.06.2025
Wanner;4.360.000;Dominik;13.06.2025
Schäfer;1.550.000;Nico;13.06.2025
Chabot;5.340.000;Dominik;13.06.2025
Caci;4.690.000;Pascal;13.06.2025
Doekhi;3.900.000;Nico;13.06.2025
Dietz;160.000;Computer;13.06.2025
Dina Ebimbe;460.000;Alfons;13.06.2025
P. Aaronson;1.970.000;Dominik;13.06.2025
Diehl;640.000;Thomas;13.06.2025
Maza;10.640.000;Nico;13.06.2025
Larsson;6.680.000;Pascal;13.06.2025
Matanović;2.500.000;Computer;13.06.2025
Milošević;260.000;Computer;13.06.2025
Rosenfelder;2.300.000;Alfons;13.06.2025
Boniface;8.520.000;Alfons;13.06.2025
Undav;12.090.000;Alfons;13.06.2025
Finkgräfe;1.920.000;Christoph;13.06.2025
Pavlović;8.730.000;Nico;13.06.2025
Malatini;880.000;Computer;13.06.2025
Wätjen;290.000;Thomas;13.06.2025
Saliakas;3.200.000;Nico;13.06.2025
Irvine;4.120.000;Pascal;13.06.2025
García;7.340.000;Computer;13.06.2025
Querfeld;3.610.000;Alfons;13.06.2025
Veratschnig;390.000;Christoph;13.06.2025
Hendriks;1.310.000;Nico;13.06.2025
Sieb;1.660.000;Computer;13.06.2025
Uzun;4.640.000;Christoph;13.06.2025
Preu;420.000;Christoph;13.06.2025
Højlund;1.410.000;Alfons;13.06.2025
Kristensen;6.840.000;Alfons;13.06.2025
Chase;850.000;Dominik;13.06.2025
Koulierakis;2.750.000;Pascal;13.06.2025
Al-Dakhil;910.000;Computer;13.06.2025
Wahi;2.870.000;Nico;13.06.2025
B. Touré;2.390.000;Christoph;13.06.2025
Gomis;1.400.000;Thomas;13.06.2025
Hämmerle;160.000;Computer;13.06.2025
Muheim;3.650.000;Nico;13.06.2025
Suhonen;190.000;Computer;13.06.2025
Diks;3.520.000;Computer;13.06.2025
Neuer;1.770.000;Dominik;14.06.2025
Groß;5.570.000;Dominik;14.06.2025
W. Orbán;5.690.000;Pascal;14.06.2025
Ginter;4.610.000;Alfons;14.06.2025
Bittencourt;950.000;Pascal;14.06.2025
Gregoritsch;2.370.000;Nico;14.06.2025
J. Hofmann;5.230.000;Alfons;14.06.2025
Süle;4.190.000;Alfons;14.06.2025
Haberer;1.250.000;Dominik;14.06.2025
Zentner;3.310.000;Nico;14.06.2025
M. Eggestein;4.390.000;Thomas;14.06.2025
Elvedi;3.850.000;Pascal;14.06.2025
Mittelstädt;9.970.000;Thomas;14.06.2025
Kramarić;9.150.000;Pascal;14.06.2025
Gulácsi;3.000.000;Alfons;14.06.2025
A. Jung;1.750.000;Pascal;14.06.2025
Klostermann;2.540.000;Computer;14.06.2025
Dorsch;1.820.000;Nico;14.06.2025
Heuer Fernandes;2.580.000;Thomas;14.06.2025
Jatta;2.150.000;Thomas;14.06.2025
Wahl;3.420.000;Thomas;14.06.2025
Kainz;3.610.000;Pascal;14.06.2025
Hübers;3.110.000;Dominik;14.06.2025
Friedl;3.560.000;Pascal;14.06.2025
Bruun Larsen;1.440.000;Thomas;14.06.2025
Hack;5.380.000;Christoph;14.06.2025
Meyer;230.000;Thomas;14.06.2025
Dahmen;3.070.000;Thomas;14.06.2025
Neuhaus;3.020.000;Thomas;14.06.2025
Burkardt;15.550.000;Computer;14.06.2025
Baumgartner;2.550.000;Dominik;14.06.2025
N. Schlotterbeck;6.890.000;Computer;14.06.2025
Tietz;3.560.000;Alfons;14.06.2025
Trimmel;1.750.000;Pascal;14.06.2025
Jäkel;210.000;Computer;14.06.2025
Osterhage;2.200.000;Thomas;14.06.2025
Skhiri;4.650.000;Pascal;14.06.2025
Musiala;18.620.000;Thomas;14.06.2025
P. Nebel;11.630.000;Dominik;14.06.2025
L. Philipp;320.000;Computer;14.06.2025
Netz;1.320.000;Computer;14.06.2025
Doan;12.160.000;Thomas;14.06.2025
Martel;4.060.000;Alfons;14.06.2025
Dinkçi;2.570.000;Alfons;14.06.2025
Knauff;5.930.000;Nico;14.06.2025
Stach;6.290.000;Dominik;14.06.2025
Adli;4.700.000;Dominik;14.06.2025
Wanner;4.220.000;Dominik;14.06.2025
Schäfer;1.520.000;Nico;14.06.2025
Chabot;5.020.000;Dominik;14.06.2025
Caci;4.720.000;Pascal;14.06.2025
Doekhi;3.540.000;Nico;14.06.2025
Dietz;160.000;Computer;14.06.2025
P. Aaronson;1.940.000;Dominik;14.06.2025
Diehl;710.000;Thomas;14.06.2025
Maza;9.870.000;Nico;14.06.2025
Larsson;6.350.000;Pascal;14.06.2025
Matanović;2.480.000;Computer;14.06.2025
Tschernuth;160.000;Computer;14.06.2025
Rosenfelder;2.300.000;Alfons;14.06.2025
Boniface;8.240.000;Alfons;14.06.2025
Undav;11.820.000;Alfons;14.06.2025
Finkgräfe;1.890.000;Christoph;14.06.2025
Stergiou;1.110.000;Christian;14.06.2025
Pavlović;7.920.000;Nico;14.06.2025
Malatini;870.000;Computer;14.06.2025
Wätjen;270.000;Thomas;14.06.2025
Petersson;160.000;Computer;14.06.2025
Saliakas;3.210.000;Nico;14.06.2025
Irvine;4.070.000;Pascal;14.06.2025
Querfeld;3.580.000;Alfons;14.06.2025
Veratschnig;370.000;Christoph;14.06.2025
Hendriks;1.210.000;Nico;14.06.2025
Sieb;1.530.000;Computer;14.06.2025
Uzun;4.310.000;Christoph;14.06.2025
Preu;390.000;Christoph;14.06.2025
Højlund;1.290.000;Alfons;14.06.2025
Kristensen;6.470.000;Alfons;14.06.2025
Chase;790.000;Dominik;14.06.2025
Koulierakis;2.990.000;Pascal;14.06.2025
Wahi;2.870.000;Nico;14.06.2025
Gomis;1.350.000;Thomas;14.06.2025
Hämmerle;160.000;Computer;14.06.2025
M. El Mala;420.000;Computer;14.06.2025
Muheim;3.450.000;Nico;14.06.2025
Suhonen;180.000;Computer;14.06.2025
Neuer;1.980.000;Dominik;15.06.2025
Groß;5.600.000;Dominik;15.06.2025
Götze;3.780.000;Christoph;15.06.2025
W. Orbán;5.610.000;Pascal;15.06.2025
Heintz;1.670.000;Computer;15.06.2025
Ginter;4.670.000;Alfons;15.06.2025
Bittencourt;980.000;Pascal;15.06.2025
Gregoritsch;2.460.000;Nico;15.06.2025
J. Hofmann;5.300.000;Alfons;15.06.2025
Süle;3.930.000;Alfons;15.06.2025
Haberer;1.290.000;Dominik;15.06.2025
Zentner;3.360.000;Nico;15.06.2025
Amiri;13.520.000;Christoph;15.06.2025
M. Eggestein;4.470.000;Thomas;15.06.2025
Elvedi;3.880.000;Pascal;15.06.2025
Mittelstädt;10.010.000;Thomas;15.06.2025
Kramarić;9.300.000;Pascal;15.06.2025
Gulácsi;3.070.000;Alfons;15.06.2025
A. Jung;1.770.000;Pascal;15.06.2025
Klostermann;2.580.000;Computer;15.06.2025
Dorsch;1.840.000;Nico;15.06.2025
Heuer Fernandes;2.510.000;Thomas;15.06.2025
Jatta;2.000.000;Thomas;15.06.2025
Wahl;3.390.000;Thomas;15.06.2025
Kainz;3.510.000;Pascal;15.06.2025
Maier;850.000;Alfons;15.06.2025
Hübers;3.030.000;Dominik;15.06.2025
Friedl;3.490.000;Pascal;15.06.2025
Bruun Larsen;1.540.000;Thomas;15.06.2025
Hack;5.460.000;Christoph;15.06.2025
Ritzka;630.000;Computer;15.06.2025
Meyer;220.000;Thomas;15.06.2025
Dahmen;2.900.000;Thomas;15.06.2025
Neuhaus;3.190.000;Thomas;15.06.2025
Burkardt;15.550.000;Thomas;15.06.2025
Baumgartner;2.650.000;Dominik;15.06.2025
N. Schlotterbeck;7.190.000;Computer;15.06.2025
Tietz;3.840.000;Alfons;15.06.2025
Trimmel;1.650.000;Pascal;15.06.2025
Jäkel;200.000;Computer;15.06.2025
Skhiri;4.790.000;Pascal;15.06.2025
Musiala;18.860.000;Thomas;15.06.2025
P. Nebel;11.600.000;Dominik;15.06.2025
Netz;1.330.000;Computer;15.06.2025
Doan;12.120.000;Thomas;15.06.2025
Martel;4.130.000;Alfons;15.06.2025
Dinkçi;2.540.000;Alfons;15.06.2025
Knauff;5.810.000;Nico;15.06.2025
Stach;6.520.000;Dominik;15.06.2025
Adli;4.890.000;Dominik;15.06.2025
Wanner;4.330.000;Dominik;15.06.2025
Schäfer;1.600.000;Nico;15.06.2025
Chabot;5.280.000;Dominik;15.06.2025
Caci;4.760.000;Pascal;15.06.2025
Doekhi;3.700.000;Nico;15.06.2025
Dietz;170.000;Computer;15.06.2025
Nsoki;450.000;Dominik;15.06.2025
Dina Ebimbe;430.000;Alfons;15.06.2025
P. Aaronson;2.110.000;Dominik;15.06.2025
Diehl;790.000;Thomas;15.06.2025
Maza;9.990.000;Nico;15.06.2025
Larsson;6.510.000;Pascal;15.06.2025
Matanović;2.610.000;Alfons;15.06.2025
Tschernuth;160.000;Computer;15.06.2025
Kaufmann;320.000;Computer;15.06.2025
Rosenfelder;2.350.000;Alfons;15.06.2025
Kim;5.090.000;Computer;15.06.2025
Boniface;8.280.000;Alfons;15.06.2025
Undav;11.240.000;Alfons;15.06.2025
Finkgräfe;2.020.000;Christoph;15.06.2025
Stergiou;1.160.000;Christian;15.06.2025
Pavlović;8.180.000;Nico;15.06.2025
Malatini;830.000;Dominik;15.06.2025
Wätjen;280.000;Thomas;15.06.2025
Petersson;160.000;Computer;15.06.2025
Saliakas;3.270.000;Nico;15.06.2025
Irvine;3.890.000;Pascal;15.06.2025
García;7.260.000;Christoph;15.06.2025
Querfeld;3.570.000;Alfons;15.06.2025
Veratschnig;360.000;Christoph;15.06.2025
Hendriks;1.150.000;Nico;15.06.2025
Sieb;1.500.000;Dominik;15.06.2025
Uzun;4.420.000;Christoph;15.06.2025
Preu;370.000;Christoph;15.06.2025
Kristensen;6.890.000;Alfons;15.06.2025
Chase;760.000;Dominik;15.06.2025
Koulierakis;3.010.000;Pascal;15.06.2025
Al-Dakhil;900.000;Dominik;15.06.2025
Heitmann;190.000;Computer;15.06.2025
Wahi;2.890.000;Nico;15.06.2025
Gomis;1.280.000;Thomas;15.06.2025
Hämmerle;160.000;Computer;15.06.2025
Telle;160.000;Computer;15.06.2025
M. El Mala;410.000;Computer;15.06.2025
Muheim;3.380.000;Nico;15.06.2025
Ogbus;390.000;Dominik;15.06.2025
Gregoritsch;2.580.000;Nico;16.06.2025
Muheim;3.660.000;Nico;16.06.2025
Hendriks;1.080.000;Nico;16.06.2025
Pavlović;7.940.000;Nico;16.06.2025
Dorsch;1.760.000;Nico;16.06.2025
Zentner;3.240.000;Nico;16.06.2025
Ilaix Moriba;290.000;Andreas;16.06.2025
M. El Mala;400.000;Andreas;16.06.2025
Dietz;160.000;Thomas;16.06.2025
Saliakas;3.150.000;Nico;16.06.2025
Doekhi;3.380.000;Nico;16.06.2025
Knauff;5.680.000;Nico;16.06.2025
Suzuki;6.470.000;Computer;16.06.2025
Ceesay;290.000;Computer;16.06.2025
Ouédraogo;1.760.000;Computer;16.06.2025
Mets;600.000;Computer;16.06.2025
Černý;1.070.000;Computer;16.06.2025
Vranckx;690.000;Computer;16.06.2025
Stöger;5.510.000;Computer;16.06.2025
Süle;3.830.000;Alfons;16.06.2025
Boniface;7.660.000;Alfons;16.06.2025
Undav;10.830.000;Alfons;16.06.2025
Doan;11.270.000;Thomas;16.06.2025
Mittelstädt;9.120.000;Thomas;16.06.2025
M. Eggestein;4.220.000;Thomas;16.06.2025
Heuer Fernandes;2.450.000;Thomas;16.06.2025
Wahl;3.250.000;Thomas;16.06.2025
Meyer;220.000;Thomas;16.06.2025
Neuhaus;3.230.000;Thomas;16.06.2025
Veratschnig;350.000;Christoph;16.06.2025
Preu;350.000;Christoph;16.06.2025
Al-Dakhil;840.000;Dominik;16.06.2025
Chase;750.000;Dominik;16.06.2025
Ogbus;370.000;Dominik;16.06.2025
Sieb;1.450.000;Dominik;16.06.2025
Malatini;800.000;Dominik;16.06.2025
P. Aaronson;2.090.000;Dominik;16.06.2025
Nsoki;430.000;Dominik;16.06.2025
Chabot;4.830.000;Dominik;16.06.2025
Wanner;4.160.000;Dominik;16.06.2025
Adli;4.630.000;Dominik;16.06.2025
Stach;6.140.000;Dominik;16.06.2025
P. Nebel;11.240.000;Dominik;16.06.2025
Baumgartner;2.440.000;Dominik;16.06.2025
Hübers;3.200.000;Dominik;16.06.2025
Haberer;1.210.000;Dominik;16.06.2025
Groß;5.130.000;Dominik;16.06.2025
Neuer;1.810.000;Dominik;16.06.2025
Finkgräfe;2.160.000;Christoph;16.06.2025
Uzun;4.310.000;Christoph;16.06.2025
Hack;5.220.000;Christoph;16.06.2025
Ginter;4.430.000;Alfons;16.06.2025
Tietz;3.800.000;Alfons;16.06.2025
Dinkçi;2.470.000;Alfons;16.06.2025
Matanović;2.850.000;Alfons;16.06.2025
J. Hofmann;5.000.000;Alfons;16.06.2025
Burkardt;15.220.000;Thomas;16.06.2025
Kim;4.960.000;Computer;16.06.2025
Kaufmann;300.000;Computer;16.06.2025
Heintz;1.610.000;Computer;16.06.2025
Telle;160.000;Computer;16.06.2025
Heitmann;180.000;Computer;16.06.2025
Ritzka;610.000;Computer;16.06.2025
Wätjen;270.000;Thomas;16.06.2025
Diehl;820.000;Thomas;16.06.2025
Musiala;17.780.000;Thomas;16.06.2025
Bruun Larsen;1.450.000;Thomas;16.06.2025
Jatta;1.830.000;Thomas;16.06.2025
Gulácsi;2.830.000;Alfons;16.06.2025
Rosenfelder;2.160.000;Alfons;16.06.2025
Martel;4.370.000;Alfons;16.06.2025
Kristensen;6.770.000;Alfons;16.06.2025
Querfeld;3.580.000;Alfons;16.06.2025
Götze;3.480.000;Christoph;16.06.2025
Amiri;12.800.000;Christoph;16.06.2025
Maier;830.000;Alfons;16.06.2025
Dina Ebimbe;400.000;Alfons;16.06.2025
García;6.650.000;Christoph;16.06.2025
Wahi;2.760.000;Nico;16.06.2025
Schäfer;1.580.000;Nico;16.06.2025
Petersson;160.000;Computer;16.06.2025
Tschernuth;160.000;Computer;16.06.2025
Netz;1.290.000;Dominik;16.06.2025
N. Schlotterbeck;7.370.000;Dominik;16.06.2025
Klostermann;2.570.000;Dominik;16.06.2025
Neuhaus;3.310.000;Thomas;17.06.2025
Mittelstädt;9.140.000;Thomas;17.06.2025
Burkardt;14.370.000;Thomas;17.06.2025
Diehl;840.000;Thomas;17.06.2025
M. Eggestein;3.920.000;Thomas;17.06.2025
Wahl;3.070.000;Thomas;17.06.2025
Doan;11.540.000;Thomas;17.06.2025
Meyer;210.000;Thomas;17.06.2025
Al-Dakhil;830.000;Dominik;17.06.2025
Chase;710.000;Dominik;17.06.2025
Ogbus;370.000;Dominik;17.06.2025
Sieb;1.430.000;Dominik;17.06.2025
Malatini;770.000;Dominik;17.06.2025
P. Aaronson;2.180.000;Dominik;17.06.2025
Nsoki;420.000;Dominik;17.06.2025
Chabot;4.830.000;Dominik;17.06.2025
Wanner;4.260.000;Dominik;17.06.2025
Adli;4.570.000;Dominik;17.06.2025
Stach;6.110.000;Dominik;17.06.2025
Netz;1.220.000;Dominik;17.06.2025
P. Nebel;11.480.000;Dominik;17.06.2025
N. Schlotterbeck;7.320.000;Dominik;17.06.2025
Baumgartner;2.460.000;Dominik;17.06.2025
Ritzka;610.000;Dominik;17.06.2025
Hübers;3.170.000;Dominik;17.06.2025
Klostermann;2.700.000;Dominik;17.06.2025
Haberer;1.130.000;Dominik;17.06.2025
Groß;5.190.000;Dominik;17.06.2025
Hack;5.460.000;Christoph;17.06.2025
Finkgräfe;2.160.000;Christoph;17.06.2025
Kim;4.870.000;Pascal;17.06.2025
Tschernuth;160.000;Christoph;17.06.2025
Telle;170.000;Thomas;17.06.2025
Petersson;160.000;Thomas;17.06.2025
Schäfer;1.500.000;Nico;17.06.2025
Wahi;2.830.000;Nico;17.06.2025
Jeltsch;3.460.000;Computer;17.06.2025
Moerstedt;1.200.000;Computer;17.06.2025
Breithaupt;190.000;Computer;17.06.2025
Maza;8.640.000;Computer;17.06.2025
Bernardo;4.710.000;Computer;17.06.2025
Boniface;7.780.000;Alfons;17.06.2025
Martel;4.370.000;Alfons;17.06.2025
Maier;810.000;Alfons;17.06.2025
Rosenfelder;2.450.000;Alfons;17.06.2025
Querfeld;3.690.000;Alfons;17.06.2025
Kristensen;6.890.000;Alfons;17.06.2025
Gulácsi;2.800.000;Alfons;17.06.2025
Heuer Fernandes;2.480.000;Thomas;17.06.2025
Musiala;17.730.000;Thomas;17.06.2025
Wätjen;260.000;Thomas;17.06.2025
Bruun Larsen;1.460.000;Thomas;17.06.2025
Gregoritsch;2.550.000;Nico;17.06.2025
Muheim;3.740.000;Nico;17.06.2025
Hendriks;1.130.000;Nico;17.06.2025
Pavlović;8.550.000;Nico;17.06.2025
Dorsch;1.650.000;Nico;17.06.2025
Zentner;3.300.000;Nico;17.06.2025
M. El Mala;420.000;Andreas;17.06.2025
Dietz;170.000;Thomas;17.06.2025
Saliakas;2.970.000;Nico;17.06.2025
Doekhi;3.460.000;Nico;17.06.2025
Knauff;5.320.000;Nico;17.06.2025
Suzuki;6.460.000;Computer;17.06.2025
Ceesay;290.000;Computer;17.06.2025
Ouédraogo;1.940.000;Computer;17.06.2025
Mets;600.000;Computer;17.06.2025
Černý;1.050.000;Computer;17.06.2025
Vranckx;670.000;Computer;17.06.2025
Stöger;5.650.000;Computer;17.06.2025
Süle;3.590.000;Alfons;17.06.2025
Undav;10.940.000;Alfons;17.06.2025
Uzun;4.110.000;Christoph;17.06.2025
Ginter;4.290.000;Alfons;17.06.2025
Tietz;3.780.000;Alfons;17.06.2025
Dinkçi;2.500.000;Alfons;17.06.2025
Matanović;2.960.000;Alfons;17.06.2025
J. Hofmann;4.700.000;Alfons;17.06.2025
Kaufmann;290.000;Computer;17.06.2025
Heintz;1.520.000;Computer;17.06.2025
Heitmann;180.000;Computer;17.06.2025
Černý;1.060.000;Christoph;18.06.2025
Ouédraogo;1.970.000;Christoph;18.06.2025
Bittencourt;940.000;Pascal;18.06.2025
A. Jung;1.450.000;Pascal;18.06.2025
Trimmel;1.500.000;Pascal;18.06.2025
Friedl;3.330.000;Pascal;18.06.2025
Koulierakis;3.030.000;Pascal;18.06.2025
Ljubičić;590.000;Computer;18.06.2025
Kauã Santos;950.000;Computer;18.06.2025
Paredes;1.230.000;Computer;18.06.2025
Schimmer;220.000;Computer;18.06.2025
Upamecano;5.500.000;Computer;18.06.2025
Höfler;440.000;Computer;18.06.2025
T. Philipp;160.000;Computer;18.06.2025
Kücüksahin;160.000;Computer;18.06.2025
Matanović;3.220.000;Alfons;18.06.2025
Dinkçi;2.290.000;Alfons;18.06.2025
Tietz;3.830.000;Alfons;18.06.2025
Undav;10.560.000;Alfons;18.06.2025
J. Hofmann;4.300.000;Alfons;18.06.2025
Süle;3.480.000;Alfons;18.06.2025
Ginter;4.200.000;Alfons;18.06.2025
Pavlović;8.300.000;Nico;18.06.2025
Doekhi;3.310.000;Nico;18.06.2025
Neuhaus;3.220.000;Thomas;18.06.2025
Mittelstädt;8.870.000;Thomas;18.06.2025
Burkardt;14.110.000;Thomas;18.06.2025
Diehl;870.000;Thomas;18.06.2025
M. Eggestein;3.600.000;Thomas;18.06.2025
Wahl;3.170.000;Thomas;18.06.2025
Doan;11.380.000;Thomas;18.06.2025
Meyer;250.000;Thomas;18.06.2025
Al-Dakhil;780.000;Dominik;18.06.2025
Chase;670.000;Dominik;18.06.2025
Ogbus;370.000;Dominik;18.06.2025
Sieb;1.320.000;Dominik;18.06.2025
Malatini;720.000;Dominik;18.06.2025
P. Aaronson;2.230.000;Dominik;18.06.2025
Nsoki;420.000;Dominik;18.06.2025
Chabot;4.650.000;Dominik;18.06.2025
Wanner;4.070.000;Dominik;18.06.2025
Adli;4.460.000;Dominik;18.06.2025
Stach;5.870.000;Dominik;18.06.2025
Netz;1.140.000;Dominik;18.06.2025
P. Nebel;11.340.000;Dominik;18.06.2025
N. Schlotterbeck;6.620.000;Dominik;18.06.2025
Baumgartner;2.430.000;Dominik;18.06.2025
Ritzka;590.000;Dominik;18.06.2025
Hübers;3.030.000;Dominik;18.06.2025
Klostermann;2.530.000;Dominik;18.06.2025
Haberer;1.050.000;Dominik;18.06.2025
Groß;5.440.000;Dominik;18.06.2025
Hack;4.980.000;Christoph;18.06.2025
Finkgräfe;2.300.000;Christoph;18.06.2025
Tschernuth;160.000;Christoph;18.06.2025
Telle;180.000;Thomas;18.06.2025
Petersson;160.000;Thomas;18.06.2025
Schäfer;1.440.000;Nico;18.06.2025
Wahi;2.710.000;Nico;18.06.2025
Jeltsch;3.510.000;Computer;18.06.2025
Moerstedt;1.130.000;Computer;18.06.2025
Breithaupt;190.000;Computer;18.06.2025
Maza;8.110.000;Computer;18.06.2025
Bernardo;4.530.000;Computer;18.06.2025
Boniface;7.670.000;Alfons;18.06.2025
Martel;4.260.000;Alfons;18.06.2025
Maier;790.000;Alfons;18.06.2025
Rosenfelder;2.410.000;Alfons;18.06.2025
Querfeld;3.550.000;Alfons;18.06.2025
Kristensen;6.870.000;Alfons;18.06.2025
Gulácsi;2.710.000;Alfons;18.06.2025
Heuer Fernandes;2.380.000;Thomas;18.06.2025
Musiala;17.420.000;Thomas;18.06.2025
Wätjen;240.000;Thomas;18.06.2025
Bruun Larsen;1.440.000;Thomas;18.06.2025
Gregoritsch;2.430.000;Nico;18.06.2025
Muheim;3.860.000;Nico;18.06.2025
Hendriks;1.050.000;Nico;18.06.2025
Dorsch;1.690.000;Nico;18.06.2025
Zentner;3.050.000;Nico;18.06.2025
M. El Mala;430.000;Andreas;18.06.2025
Dietz;170.000;Thomas;18.06.2025
Saliakas;2.730.000;Nico;18.06.2025
Knauff;5.240.000;Nico;18.06.2025
Suzuki;6.260.000;Computer;18.06.2025
Vranckx;620.000;Computer;18.06.2025
Uzun;3.850.000;Christoph;18.06.2025
Vermeeren;1.880.000;Christoph;19.06.2025
Reis;2.190.000;Christian;19.06.2025
Petersson;160.000;Thomas;19.06.2025
Meyer;240.000;Thomas;19.06.2025
Wahl;3.170.000;Thomas;19.06.2025
Telle;180.000;Thomas;19.06.2025
Mittelstädt;9.030.000;Thomas;19.06.2025
Neuhaus;3.160.000;Thomas;19.06.2025
M. Eggestein;3.670.000;Thomas;19.06.2025
Doan;10.800.000;Thomas;19.06.2025
Diehl;910.000;Thomas;19.06.2025
Burkardt;14.170.000;Thomas;19.06.2025
Heuer Fernandes;2.270.000;Thomas;19.06.2025
Wätjen;250.000;Thomas;19.06.2025
Musiala;16.810.000;Thomas;19.06.2025
Dietz;180.000;Thomas;19.06.2025
Bruun Larsen;1.460.000;Thomas;19.06.2025
Henrichs;2.980.000;Christoph;19.06.2025
Götze;3.760.000;Christoph;19.06.2025
Hack;5.290.000;Christoph;19.06.2025
Uzun;3.980.000;Christoph;19.06.2025
Muheim;3.910.000;Nico;19.06.2025
Saliakas;2.820.000;Nico;19.06.2025
Zentner;2.940.000;Nico;19.06.2025
Hendriks;1.290.000;Nico;19.06.2025
Knauff;5.260.000;Nico;19.06.2025
Dorsch;1.700.000;Nico;19.06.2025
Gregoritsch;2.290.000;Nico;19.06.2025
Theate;5.130.000;Computer;19.06.2025
Baum;1.930.000;Computer;19.06.2025
Gittens;5.760.000;Computer;19.06.2025
Muslija;400.000;Computer;19.06.2025
Boniface;7.190.000;Alfons;19.06.2025
Martel;4.280.000;Alfons;19.06.2025
Rosenfelder;2.400.000;Alfons;19.06.2025
Querfeld;3.720.000;Alfons;19.06.2025
Kristensen;6.930.000;Alfons;19.06.2025
Gulácsi;2.750.000;Alfons;19.06.2025
Al-Dakhil;800.000;Dominik;19.06.2025
Ceesay;280.000;Dominik;19.06.2025
Ogbus;360.000;Dominik;19.06.2025
Sieb;1.480.000;Dominik;19.06.2025
Mets;540.000;Dominik;19.06.2025
Malatini;690.000;Dominik;19.06.2025
P. Aaronson;2.240.000;Dominik;19.06.2025
Nsoki;420.000;Dominik;19.06.2025
Chabot;4.620.000;Dominik;19.06.2025
Wanner;4.170.000;Dominik;19.06.2025
Adli;4.560.000;Dominik;19.06.2025
Stach;5.880.000;Dominik;19.06.2025
Netz;1.160.000;Dominik;19.06.2025
P. Nebel;12.430.000;Dominik;19.06.2025
Baumgartner;2.690.000;Dominik;19.06.2025
Ritzka;590.000;Dominik;19.06.2025
Hübers;2.830.000;Dominik;19.06.2025
Klostermann;2.570.000;Dominik;19.06.2025
Haberer;1.000.000;Dominik;19.06.2025
Groß;5.460.000;Dominik;19.06.2025
Černý;1.040.000;Christoph;19.06.2025
Ouédraogo;2.040.000;Christoph;19.06.2025
Bittencourt;950.000;Pascal;19.06.2025
A. Jung;1.590.000;Pascal;19.06.2025
Trimmel;1.480.000;Pascal;19.06.2025
Friedl;3.330.000;Pascal;19.06.2025
Koulierakis;3.060.000;Pascal;19.06.2025
Ljubičić;600.000;Computer;19.06.2025
Kauã Santos;970.000;Computer;19.06.2025
Paredes;1.240.000;Computer;19.06.2025
Schimmer;230.000;Computer;19.06.2025
Upamecano;5.460.000;Computer;19.06.2025
Höfler;430.000;Computer;19.06.2025
T. Philipp;160.000;Computer;19.06.2025
Kücüksahin;170.000;Computer;19.06.2025
Matanović;3.080.000;Alfons;19.06.2025
Dinkçi;2.340.000;Alfons;19.06.2025
Tietz;4.290.000;Alfons;19.06.2025
Undav;11.180.000;Alfons;19.06.2025
J. Hofmann;4.010.000;Alfons;19.06.2025
Süle;3.570.000;Alfons;19.06.2025
Ginter;4.190.000;Alfons;19.06.2025
Pavlović;8.480.000;Nico;19.06.2025
Doekhi;3.330.000;Nico;19.06.2025
Finkgräfe;2.370.000;Christoph;19.06.2025
Schäfer;1.360.000;Nico;19.06.2025
Wahi;2.840.000;Nico;19.06.2025
Jeltsch;3.370.000;Computer;19.06.2025
Maza;9.080.000;Computer;19.06.2025
Bernardo;4.250.000;Computer;19.06.2025
Chase;640.000;Dominik;19.06.2025
Moerstedt;1.060.000;Dominik;19.06.2025
Breithaupt;200.000;Dominik;19.06.2025
P. Aaronson;2.090.000;Dominik;20.06.2025
B. Touré;2.090.000;Christoph;20.06.2025
Chaves;1.700.000;Christoph;20.06.2025
Paredes;1.180.000;Christoph;20.06.2025
Finkgräfe;2.380.000;Christoph;20.06.2025
Agyekum;320.000;Computer;20.06.2025
Jäger;230.000;Computer;20.06.2025
Sands;600.000;Computer;20.06.2025
Olise;19.080.000;Computer;20.06.2025
P. Pfeiffer;420.000;Computer;20.06.2025
Weißhaupt;1.990.000;Computer;20.06.2025
Moukoko;1.480.000;Computer;20.06.2025
Höler;3.110.000;Computer;20.06.2025
Can;3.280.000;Computer;20.06.2025
Boniface;6.900.000;Alfons;20.06.2025
Matanović;3.150.000;Alfons;20.06.2025
Dinkçi;2.210.000;Alfons;20.06.2025
Tietz;4.010.000;Alfons;20.06.2025
Undav;10.720.000;Alfons;20.06.2025
J. Hofmann;3.660.000;Alfons;20.06.2025
Süle;3.420.000;Alfons;20.06.2025
Ginter;4.050.000;Alfons;20.06.2025
Ogbus;340.000;Dominik;20.06.2025
Al-Dakhil;750.000;Dominik;20.06.2025
Chase;600.000;Dominik;20.06.2025
Sieb;1.420.000;Dominik;20.06.2025
Ceesay;280.000;Dominik;20.06.2025
Mets;530.000;Dominik;20.06.2025
Moerstedt;1.050.000;Dominik;20.06.2025
Malatini;650.000;Dominik;20.06.2025
Breithaupt;200.000;Dominik;20.06.2025
Nsoki;420.000;Dominik;20.06.2025
Chabot;4.400.000;Dominik;20.06.2025
Wanner;4.070.000;Dominik;20.06.2025
Adli;4.690.000;Dominik;20.06.2025
Netz;1.140.000;Dominik;20.06.2025
Baumgartner;2.560.000;Dominik;20.06.2025
Ritzka;560.000;Dominik;20.06.2025
Hübers;2.750.000;Dominik;20.06.2025
Klostermann;2.370.000;Dominik;20.06.2025
Haberer;980.000;Dominik;20.06.2025
Vermeeren;1.730.000;Christoph;20.06.2025
Meyer;240.000;Thomas;20.06.2025
Wahl;2.980.000;Thomas;20.06.2025
Telle;180.000;Thomas;20.06.2025
Mittelstädt;8.450.000;Thomas;20.06.2025
Neuhaus;3.160.000;Thomas;20.06.2025
M. Eggestein;3.490.000;Thomas;20.06.2025
Doan;10.650.000;Thomas;20.06.2025
Diehl;880.000;Thomas;20.06.2025
Burkardt;13.810.000;Thomas;20.06.2025
Heuer Fernandes;2.260.000;Thomas;20.06.2025
Wätjen;240.000;Thomas;20.06.2025
Musiala;16.150.000;Thomas;20.06.2025
Dietz;190.000;Thomas;20.06.2025
Bruun Larsen;1.340.000;Thomas;20.06.2025
Henrichs;3.010.000;Christoph;20.06.2025
Götze;3.590.000;Christoph;20.06.2025
Hack;5.250.000;Christoph;20.06.2025
Uzun;4.000.000;Christoph;20.06.2025
Muheim;3.760.000;Nico;20.06.2025
Saliakas;2.580.000;Nico;20.06.2025
Zentner;2.950.000;Nico;20.06.2025
Hendriks;1.200.000;Nico;20.06.2025
Knauff;4.940.000;Nico;20.06.2025
Dorsch;1.620.000;Nico;20.06.2025
Gregoritsch;2.170.000;Nico;20.06.2025
Theate;5.000.000;Computer;20.06.2025
Baum;1.810.000;Computer;20.06.2025
Gittens;5.570.000;Computer;20.06.2025
Muslija;390.000;Computer;20.06.2025
Martel;4.160.000;Alfons;20.06.2025
Rosenfelder;2.200.000;Alfons;20.06.2025
Querfeld;3.470.000;Alfons;20.06.2025
Kristensen;6.320.000;Alfons;20.06.2025
Gulácsi;2.630.000;Alfons;20.06.2025
Černý;980.000;Christoph;20.06.2025
Ouédraogo;1.930.000;Christoph;20.06.2025
Bittencourt;910.000;Pascal;20.06.2025
A. Jung;1.540.000;Pascal;20.06.2025
Trimmel;1.370.000;Pascal;20.06.2025
Friedl;3.020.000;Pascal;20.06.2025
Koulierakis;3.050.000;Pascal;20.06.2025
Ljubičić;560.000;Computer;20.06.2025
T. Philipp;160.000;Computer;20.06.2025
Martel;4.160.000;Alfons;21.06.2025
Rosenfelder;2.200.000;Alfons;21.06.2025
Querfeld;3.470.000;Alfons;21.06.2025
Kristensen;6.320.000;Alfons;21.06.2025
Gulácsi;2.630.000;Alfons;21.06.2025
Götze;3.590.000;Christoph;21.06.2025
Henrichs;3.010.000;Christoph;21.06.2025
Uzun;4.000.000;Christoph;21.06.2025
Musiala;16.150.000;Thomas;21.06.2025
Telle;180.000;Thomas;21.06.2025
Diehl;880.000;Thomas;21.06.2025
M. Eggestein;3.490.000;Thomas;21.06.2025
Mittelstädt;8.450.000;Thomas;21.06.2025
Doan;10.650.000;Thomas;21.06.2025
Baumgartner;2.560.000;Dominik;21.06.2025
Hübers;2.750.000;Dominik;21.06.2025
Chase;600.000;Dominik;21.06.2025
Ogbus;340.000;Dominik;21.06.2025
P. Aaronson;2.090.000;Dominik;21.06.2025
Sieb;1.420.000;Dominik;21.06.2025
Haberer;980.000;Dominik;21.06.2025
Moerstedt;1.050.000;Dominik;21.06.2025
Schimmer;220.000;Dominik;21.06.2025
Ceesay;280.000;Dominik;21.06.2025
Höfler;390.000;Dominik;21.06.2025
Breithaupt;200.000;Dominik;21.06.2025
Kücüksahin;170.000;Dominik;21.06.2025
Ritzka;560.000;Dominik;21.06.2025
Netz;1.140.000;Dominik;21.06.2025
Nsoki;420.000;Dominik;21.06.2025
Mets;530.000;Dominik;21.06.2025
Malatini;650.000;Dominik;21.06.2025
Al-Dakhil;750.000;Dominik;21.06.2025
Kauã Santos;950.000;Dominik;21.06.2025
B. Touré;2.090.000;Christoph;21.06.2025
Chaves;1.700.000;Christoph;21.06.2025
Paredes;1.180.000;Christoph;21.06.2025
Finkgräfe;2.380.000;Christoph;21.06.2025
Agyekum;320.000;Computer;21.06.2025
Jäger;230.000;Computer;21.06.2025
Sands;600.000;Computer;21.06.2025
Olise;19.080.000;Computer;21.06.2025
P. Pfeiffer;420.000;Computer;21.06.2025
Weißhaupt;1.990.000;Computer;21.06.2025
Moukoko;1.480.000;Computer;21.06.2025
Höler;3.110.000;Computer;21.06.2025
Can;3.280.000;Computer;21.06.2025
Boniface;6.900.000;Alfons;21.06.2025
Matanović;3.150.000;Alfons;21.06.2025
Dinkçi;2.210.000;Alfons;21.06.2025
Tietz;4.010.000;Alfons;21.06.2025
Undav;10.720.000;Alfons;21.06.2025
J. Hofmann;3.660.000;Alfons;21.06.2025
Süle;3.420.000;Alfons;21.06.2025
Ginter;4.050.000;Alfons;21.06.2025
Vermeeren;1.730.000;Christoph;21.06.2025
Meyer;240.000;Thomas;21.06.2025
Wahl;2.980.000;Thomas;21.06.2025
Neuhaus;3.160.000;Thomas;21.06.2025
Burkardt;13.810.000;Thomas;21.06.2025
Heuer Fernandes;2.260.000;Thomas;21.06.2025
Wätjen;240.000;Thomas;21.06.2025
Dietz;190.000;Thomas;21.06.2025
Bruun Larsen;1.340.000;Thomas;21.06.2025
Hack;5.250.000;Christoph;21.06.2025
Muheim;3.760.000;Nico;21.06.2025
Saliakas;2.580.000;Nico;21.06.2025
Zentner;2.950.000;Nico;21.06.2025
Hendriks;1.200.000;Nico;21.06.2025
Knauff;4.940.000;Nico;21.06.2025
Dorsch;1.620.000;Nico;21.06.2025
Gregoritsch;2.170.000;Nico;21.06.2025
Theate;5.000.000;Computer;21.06.2025
Baum;1.810.000;Computer;21.06.2025
Gittens;5.570.000;Computer;21.06.2025
Muslija;390.000;Computer;21.06.2025
Černý;980.000;Christoph;21.06.2025
Ouédraogo;1.930.000;Christoph;21.06.2025
Bittencourt;910.000;Pascal;21.06.2025
A. Jung;1.540.000;Pascal;21.06.2025
Trimmel;1.370.000;Pascal;21.06.2025
Friedl;3.020.000;Pascal;21.06.2025
Koulierakis;3.050.000;Pascal;21.06.2025
Ljubičić;560.000;Computer;21.06.2025
T. Philipp;160.000;Computer;21.06.2025
Sieb;1.450.000;Dominik;21.06.2025
Moerstedt;1.100.000;Dominik;21.06.2025
Baumgartner;2.670.000;Dominik;21.06.2025
Haberer;960.000;Dominik;21.06.2025
Höfler;370.000;Dominik;21.06.2025
Klostermann;2.350.000;Dominik;21.06.2025
Ritzka;570.000;Dominik;21.06.2025
Netz;1.130.000;Dominik;21.06.2025
Nsoki;430.000;Dominik;21.06.2025
Mets;540.000;Dominik;21.06.2025
Al-Dakhil;770.000;Dominik;21.06.2025
Chase;630.000;Dominik;21.06.2025
Malatini;620.000;Dominik;21.06.2025
Ogbus;360.000;Dominik;21.06.2025
Kauã Santos;900.000;Dominik;21.06.2025
Wahi;2.600.000;Nico;21.06.2025
Pavlović;9.060.000;Nico;21.06.2025
Doekhi;3.120.000;Nico;21.06.2025
Schäfer;1.410.000;Nico;21.06.2025
Bebou;2.410.000;Computer;21.06.2025
Lisewski;160.000;Computer;21.06.2025
Martel;4.250.000;Alfons;21.06.2025
Rosenfelder;2.270.000;Alfons;21.06.2025
Querfeld;3.640.000;Alfons;21.06.2025
Kristensen;6.520.000;Alfons;21.06.2025
Gulácsi;2.510.000;Alfons;21.06.2025
Götze;3.820.000;Christoph;21.06.2025
Henrichs;3.160.000;Christoph;21.06.2025
Uzun;3.780.000;Christoph;21.06.2025
Musiala;15.340.000;Thomas;21.06.2025
Diehl;910.000;Thomas;21.06.2025
M. Eggestein;3.430.000;Thomas;21.06.2025
Mittelstädt;9.150.000;Thomas;21.06.2025
Doan;10.760.000;Thomas;21.06.2025
B. Touré;1.980.000;Christoph;21.06.2025
Paredes;1.120.000;Christoph;21.06.2025
Finkgräfe;2.400.000;Christoph;21.06.2025
Agyekum;310.000;Computer;21.06.2025
Jäger;220.000;Computer;21.06.2025
Sands;580.000;Computer;21.06.2025
Olise;20.620.000;Computer;21.06.2025
P. Pfeiffer;400.000;Computer;21.06.2025
Weißhaupt;2.080.000;Computer;21.06.2025
Moukoko;1.500.000;Computer;21.06.2025
Höler;3.260.000;Computer;21.06.2025
Can;3.260.000;Computer;21.06.2025
Boniface;6.510.000;Alfons;21.06.2025
Matanović;3.110.000;Alfons;21.06.2025
Dinkçi;2.150.000;Alfons;21.06.2025
Tietz;4.100.000;Alfons;21.06.2025
Undav;10.820.000;Alfons;21.06.2025
J. Hofmann;3.500.000;Alfons;21.06.2025
Süle;3.390.000;Alfons;21.06.2025
Ginter;4.300.000;Alfons;21.06.2025
Vermeeren;1.620.000;Christoph;21.06.2025
Meyer;250.000;Thomas;21.06.2025
Wahl;2.860.000;Thomas;21.06.2025
Neuhaus;3.220.000;Thomas;21.06.2025
Burkardt;13.970.000;Thomas;21.06.2025
Bruun Larsen;1.290.000;Thomas;21.06.2025
Muheim;3.830.000;Nico;21.06.2025
Saliakas;2.450.000;Nico;21.06.2025
Zentner;3.030.000;Nico;21.06.2025
Hendriks;1.170.000;Nico;21.06.2025
Knauff;5.160.000;Nico;21.06.2025
Dorsch;1.680.000;Nico;21.06.2025
Gregoritsch;2.020.000;Nico;21.06.2025
Theate;5.600.000;Computer;21.06.2025
Baum;1.720.000;Computer;21.06.2025
Gittens;5.350.000;Computer;21.06.2025
Muslija;370.000;Computer;21.06.2025
Černý;940.000;Christoph;21.06.2025
Ouédraogo;1.960.000;Christoph;21.06.2025
Muheim;3.730.000;Nico;22.06.2025
Hendriks;1.090.000;Nico;22.06.2025
Saliakas;2.670.000;Nico;22.06.2025
Knauff;4.990.000;Nico;22.06.2025
Höler;3.140.000;Nico;22.06.2025
Dorsch;1.640.000;Nico;22.06.2025
Zentner;3.080.000;Nico;22.06.2025
Gregoritsch;2.000.000;Nico;22.06.2025
Raab;210.000;Computer;22.06.2025
Dźwigała;190.000;Computer;22.06.2025
Milošević;210.000;Computer;22.06.2025
Rothe;2.100.000;Computer;22.06.2025
L. Philipp;260.000;Computer;22.06.2025
Laimer;3.670.000;Computer;22.06.2025
Bell;1.220.000;Computer;22.06.2025
Pavlešić;160.000;Computer;22.06.2025
Wätjen;240.000;Thomas;22.06.2025
Dietz;190.000;Thomas;22.06.2025
Burkardt;13.500.000;Thomas;22.06.2025
Neuhaus;2.940.000;Thomas;22.06.2025
Meyer;230.000;Thomas;22.06.2025
Heuer Fernandes;2.170.000;Thomas;22.06.2025
Wahl;3.030.000;Thomas;22.06.2025
Mittelstädt;8.660.000;Thomas;22.06.2025
Doan;10.720.000;Thomas;22.06.2025
Diehl;920.000;Thomas;22.06.2025
Bruun Larsen;1.210.000;Thomas;22.06.2025
Ginter;4.380.000;Alfons;22.06.2025
Süle;3.260.000;Alfons;22.06.2025
J. Hofmann;3.370.000;Alfons;22.06.2025
Undav;10.430.000;Alfons;22.06.2025
Tietz;4.190.000;Alfons;22.06.2025
Boniface;6.210.000;Alfons;22.06.2025
Dinkçi;2.050.000;Alfons;22.06.2025
Matanović;3.090.000;Alfons;22.06.2025
Henrichs;3.080.000;Christoph;22.06.2025
Finkgräfe;2.230.000;Christoph;22.06.2025
Černý;930.000;Christoph;22.06.2025
Ouédraogo;2.030.000;Christoph;22.06.2025
Sieb;1.430.000;Dominik;22.06.2025
Moerstedt;1.060.000;Dominik;22.06.2025
Schimmer;210.000;Dominik;22.06.2025
Ceesay;270.000;Dominik;22.06.2025
Baumgartner;2.600.000;Dominik;22.06.2025
P. Aaronson;1.980.000;Dominik;22.06.2025
Haberer;930.000;Dominik;22.06.2025
Höfler;360.000;Dominik;22.06.2025
Klostermann;2.280.000;Dominik;22.06.2025
Ritzka;590.000;Dominik;22.06.2025
Netz;1.070.000;Dominik;22.06.2025
Nsoki;410.000;Dominik;22.06.2025
Mets;500.000;Dominik;22.06.2025
Al-Dakhil;800.000;Dominik;22.06.2025
Chase;610.000;Dominik;22.06.2025
Malatini;580.000;Dominik;22.06.2025
Ogbus;350.000;Dominik;22.06.2025
Kauã Santos;870.000;Dominik;22.06.2025
Wahi;2.640.000;Nico;22.06.2025
Pavlović;8.280.000;Nico;22.06.2025
Doekhi;2.880.000;Nico;22.06.2025
Schäfer;1.300.000;Nico;22.06.2025
Bebou;2.380.000;Computer;22.06.2025
Lisewski;160.000;Computer;22.06.2025
Martel;4.260.000;Alfons;22.06.2025
Rosenfelder;2.350.000;Alfons;22.06.2025
Querfeld;3.350.000;Alfons;22.06.2025
Kristensen;6.150.000;Alfons;22.06.2025
Gulácsi;2.340.000;Alfons;22.06.2025
Uzun;3.700.000;Christoph;22.06.2025
Musiala;13.940.000;Thomas;22.06.2025
Telle;180.000;Thomas;22.06.2025
M. Eggestein;3.390.000;Thomas;22.06.2025
B. Touré;2.030.000;Christoph;22.06.2025
Chaves;1.650.000;Christoph;22.06.2025
Paredes;1.080.000;Christoph;22.06.2025
Agyekum;300.000;Computer;22.06.2025
Jäger;210.000;Computer;22.06.2025
Sands;540.000;Computer;22.06.2025
Olise;20.180.000;Computer;22.06.2025
P. Pfeiffer;370.000;Computer;22.06.2025
