SPIELER;VEREIN;POSITION;MARKTWERT;GESAMTPUNKTE;PUNKTE PRO SPIEL;PREIS-LEISTUNG;HISTORISCHE PUNKTEAUSBEUTE;Positionsgruppe;Datum;PUNKTE_AM_LETZTEN_SPIELTAG;WorstCase;NeutralCase;BestCase;Zielwert;SpielerURL;Prognose;Punktevolatilität;Empfehlung;Form;Erwartete Punktzahl;Bewertete Spiele;Status;Verletzungsanfälligkeit;Änderung_7_Tage;Team_Änderung_7_Tage;Änderung_3_Monate
A. Jung;Sport-Club Freiburg;Abwehr;470.000;7;2.33;Gut;Gering bis mittel;Abwehr;06.11.2025;N/A;470.000;470.000;470.000;470.000;https://www.com-analytics.de/player/32579;470.000;mittel;Halten;;1.9;3;Fit;Niedrig;-140.000 / -23,0%;-810.000 / -1,2 %;-590.000 / -55,7%
Ache;1. FC Köln;Stürmer;3.780.000;29;3.22;Schlecht;Gering bis mittel;Stürmer;06.11.2025;9;3.820.000;3.930.000;4.040.000;3.900.000;https://www.com-analytics.de/player/33263;3.930.000;mittel;Halten;;2.5;9;Fit;Mittel;+1.440.000 / +61,5%;+4.740.000 / +7,4 %;-1.000.000 / -20,9%
Adamu;Sport-Club Freiburg;Stürmer;3.270.000;26;3.71;Gut;Gering bis mittel;Stürmer;06.11.2025;2;3.250.000;3.310.000;3.370.000;3.270.000;https://www.com-analytics.de/player/33802;3.310.000;mittel;Halten;;3.7;7;Fit;Niedrig;-870.000 / -21,0%;-810.000 / -1,2 %;+1.320.000 / +67,7%
Adeh;SV Werder Bremen;Mittelfeld;170.000;0;;;Gering bis mittel;Mittelfeld;06.11.2025;N/A;170.000;170.000;170.000;180.000;https://www.com-analytics.de/player/34086;170.000;N/A;Halten;Unbekannt;N/A;0;Fit;Niedrig;"&#0177;0 / &#0177;0,0%";-4.130.000 / -5,5 %;"&#0177;0 / &#0177;0,0%"
Adeyemi;Borussia Dortmund;Stürmer;8.770.000;40;5.71;Gut;Gering bis mittel;Stürmer;06.11.2025;0;8.350.000;8.630.000;8.920.000;8.630.000;https://www.com-analytics.de/player/33575;8.630.000;mittel;Halten;;4.3;7;Fit;Niedrig;-1.630.000 / -15,7%;-1.050.000 / -0,9 %;-20.000 / -0,2%
Afolayan;FC St. Pauli;Stürmer;1.370.000;10;2.0;Schlecht;Gering bis mittel;Stürmer;06.11.2025;2;1.380.000;1.400.000;1.410.000;1.390.000;https://www.com-analytics.de/player/33958;1.400.000;niedrig;Halten;Unbekannt;0.7;5;Fit;Niedrig;+110.000 / +8,7%;-5.120.000 / -10,6 %;-940.000 / -40,7%
Agu;SV Werder Bremen;Abwehr;730.000;17;2.83;Gut;Gering bis mittel;Abwehr;06.11.2025;N/A;720.000;720.000;720.000;730.000;https://www.com-analytics.de/player/33288;720.000;niedrig;Halten;;N/A;6;Im Aufbautraining;Hoch;-140.000 / -16,1%;-4.130.000 / -5,5 %;-2.420.000 / -76,8%
Ahlstrand;FC St. Pauli;Mittelfeld;160.000;0;;;Gering bis mittel;Mittelfeld;06.11.2025;N/A;160.000;160.000;160.000;160.000;https://www.com-analytics.de/player/33952;160.000;niedrig;Halten;;N/A;0;Fit;Niedrig;"&#0177;0 / &#0177;0,0%";-5.120.000 / -10,6 %;-50.000 / -23,8%
Akpoguma;TSG Hoffenheim;Abwehr;280.000;3;1.5;Schlecht;Gering bis mittel;Abwehr;06.11.2025;N/A;280.000;280.000;280.000;290.000;https://www.com-analytics.de/player/32162;280.000;mittel;Halten;;N/A;2;Fit;Niedrig;-10.000 / -3,4%;-3.900.000 / -4,7 %;-1.440.000 / -83,7%
Al-Dakhil;VfB Stuttgart;Abwehr;1.180.000;7;3.5;Gut;Gering bis mittel;Abwehr;06.11.2025;N/A;1.170.000;1.170.000;1.170.000;1.150.000;https://www.com-analytics.de/player/34050;1.170.000;niedrig;Halten;;0.5;2;Fit;Hoch;-240.000 / -16,9%;+1.290.000 / +1,2 %;+360.000 / +43,9%
Alvero;SV Werder Bremen;Mittelfeld;320.000;6;3.0;Gut;Gering bis mittel;Mittelfeld;06.11.2025;N/A;320.000;320.000;320.000;310.000;https://www.com-analytics.de/player/33896;320.000;mittel;Halten;;N/A;2;Fit;Mittel;-90.000 / -22,0%;-4.130.000 / -5,5 %;-100.000 / -23,8%
Amenda;Eintracht Frankfurt;Abwehr;940.000;6;2.0;Schlecht;Gering bis mittel;Abwehr;06.11.2025;N/A;920.000;930.000;930.000;930.000;https://www.com-analytics.de/player/33976;930.000;niedrig;Halten;Unbekannt;1.6;3;Fit;Niedrig;-260.000 / -21,7%;-3.620.000 / -3,7 %;+480.000 / +104,3%
Amiri;1. FSV Mainz 05;Mittelfeld;10.810.000;55;6.11;Durchschnittlich;Deutlich über dem Mittel;Mittelfeld;06.11.2025;5;10.330.000;10.770.000;11.200.000;10.650.000;https://www.com-analytics.de/player/32395;10.770.000;mittel;Halten;;2.6;9;Fit;Niedrig;-820.000 / -7,1%;-3.790.000 / -6,3 %;+800.000 / +8,0%
Amoura;VfL Wolfsburg;Stürmer;10.620.000;57;6.33;Durchschnittlich;Gering bis mittel;Stürmer;06.11.2025;16;10.330.000;10.650.000;10.980.000;11.190.000;https://www.com-analytics.de/player/34015;10.650.000;niedrig;Kaufen;;4.8;9;Fit;Mittel;+2.660.000 / +33,4%;+350.000 / +0,5 %;+2.970.000 / +38,8%
Andrich;Bayer 04 Leverkusen;Mittelfeld;3.450.000;15;1.88;Schlecht;Deutlich über dem Mittel;Mittelfeld;06.11.2025;3;3.360.000;3.440.000;3.530.000;3.510.000;https://www.com-analytics.de/player/32129;3.440.000;mittel;Halten;;3.6;8;Fit;Niedrig;+260.000 / +8,2%;-13.570.000 / -10,5 %;-1.220.000 / -26,1%
Angély;VfL Wolfsburg;Abwehr;170.000;0;;;Gering bis mittel;Abwehr;06.11.2025;N/A;170.000;170.000;180.000;170.000;https://www.com-analytics.de/player/34040;170.000;N/A;Halten;Unbekannt;N/A;0;Fit;Mittel;+10.000 / +6,3%;+350.000 / +0,5 %;"&#0177;0 / &#0177;0,0%"
Ansah;1. FC Union Berlin;Stürmer;4.880.000;40;4.44;Gut;Gering bis mittel;Stürmer;06.11.2025;0;4.780.000;4.870.000;4.970.000;4.980.000;https://www.com-analytics.de/player/34199;4.870.000;niedrig;Halten;;1.3;9;Fit;Niedrig;-1.040.000 / -17,6%;-2.320.000 / -5,0 %;+3.510.000 / +256,2%
Anselmino;Borussia Dortmund;Abwehr;3.040.000;9;4.5;Gut;Gering bis mittel;Abwehr;06.11.2025;6;2.960.000;3.010.000;3.060.000;3.010.000;https://www.com-analytics.de/player/34278;3.010.000;niedrig;Halten;;1;2;Fit;Hoch;+870.000 / +40,1%;-1.050.000 / -0,9 %;Unbekannt
Anton;Borussia Dortmund;Abwehr;7.140.000;50;5.56;Gut;Deutlich über dem Mittel;Abwehr;06.11.2025;5;6.850.000;7.110.000;7.370.000;7.110.000;https://www.com-analytics.de/player/32452;7.110.000;niedrig;Halten;;3.7;9;Fit;Niedrig;+1.100.000 / +18,2%;-1.050.000 / -0,9 %;+2.540.000 / +55,2%
Arnold;VfL Wolfsburg;Mittelfeld;8.500.000;49;6.12;Gut;Deutlich über dem Mittel;Mittelfeld;06.11.2025;2;8.220.000;8.550.000;8.890.000;8.180.000;https://www.com-analytics.de/player/31884;8.550.000;niedrig;Halten;;2.6;8;Fit;Mittel;-1.380.000 / -14,0%;+350.000 / +0,5 %;+2.410.000 / +39,6%
Arthur;Bayer 04 Leverkusen;Abwehr;2.580.000;12;2.4;Schlecht;Gering bis mittel;Abwehr;06.11.2025;1;2.530.000;2.570.000;2.610.000;2.610.000;https://www.com-analytics.de/player/33772;2.570.000;mittel;Halten;;1.8;5;Fit;Mittel;-460.000 / -15,1%;-13.570.000 / -10,5 %;+30.000 / +1,2%
Asllani;TSG Hoffenheim;Stürmer;12.800.000;61;6.78;Durchschnittlich;Gering bis mittel;Stürmer;06.11.2025;2;12.120.000;12.510.000;12.900.000;12.370.000;https://www.com-analytics.de/player/33536;12.510.000;mittel;Halten;;3.2;9;Fit;Niedrig;-1.100.000 / -7,9%;-3.900.000 / -4,7 %;+7.130.000 / +125,7%
Assignon;VfB Stuttgart;Abwehr;2.410.000;19;3.8;Gut;Gering bis mittel;Abwehr;06.11.2025;N/A;2.280.000;2.320.000;2.360.000;2.350.000;https://www.com-analytics.de/player/34197;2.320.000;niedrig;Halten;;2.8;5;Fit;Mittel;-940.000 / -28,1%;+1.290.000 / +1,2 %;-860.000 / -26,3%
Atubolu;Sport-Club Freiburg;Torhüter;2.360.000;32;3.56;Gut;Über dem Mittel;Torhüter;06.11.2025;4;2.240.000;2.330.000;2.430.000;2.340.000;https://www.com-analytics.de/player/33439;2.330.000;mittel;Halten;;3.5;9;Fit;Niedrig;-270.000 / -10,3%;-810.000 / -1,2 %;-630.000 / -21,1%
Avdullahu;TSG Hoffenheim;Mittelfeld;4.150.000;35;3.89;Gut;Gering bis mittel;Mittelfeld;06.11.2025;3;4.050.000;4.170.000;4.290.000;4.340.000;https://www.com-analytics.de/player/34202;4.170.000;niedrig;Halten;;2.8;9;Fit;Niedrig;-460.000 / -10,0%;-3.900.000 / -4,7 %;+1.530.000 / +58,4%
B. Dárdai;VfL Wolfsburg;Mittelfeld;880.000;3;3.0;Gut;Gering bis mittel;Mittelfeld;06.11.2025;N/A;850.000;870.000;880.000;870.000;https://www.com-analytics.de/player/33922;870.000;niedrig;Halten;Unbekannt;0.3;1;Fit;Niedrig;+70.000 / +8,6%;+350.000 / +0,5 %;-180.000 / -17,0%
B. Touré;TSG Hoffenheim;Mittelfeld;6.440.000;41;4.56;Durchschnittlich;Gering bis mittel;Mittelfeld;06.11.2025;2;6.190.000;6.440.000;6.690.000;6.280.000;https://www.com-analytics.de/player/34109;6.440.000;niedrig;Halten;;3.2;9;Fit;Niedrig;+370.000 / +6,1%;-3.900.000 / -4,7 %;+3.950.000 / +158,6%
Backhaus;SV Werder Bremen;Torhüter;2.380.000;28;4.0;Gut;Gering bis mittel;Torhüter;06.11.2025;4;2.280.000;2.380.000;2.470.000;2.380.000;https://www.com-analytics.de/player/33647;2.380.000;mittel;Halten;;4.3;7;Fit;Mittel;+40.000 / +1,7%;-4.130.000 / -5,5 %;+1.530.000 / +180,0%
Badé;Bayer 04 Leverkusen;Abwehr;4.680.000;28;3.5;Schlecht;Gering bis mittel;Abwehr;06.11.2025;0;4.440.000;4.610.000;4.780.000;4.570.000;https://www.com-analytics.de/player/34272;4.610.000;niedrig;Halten;;3.9;8;Fit;Mittel;-670.000 / -12,5%;-13.570.000 / -10,5 %;Unbekannt
Bahoya;Eintracht Frankfurt;Stürmer;5.060.000;38;4.75;Gut;Gering bis mittel;Stürmer;06.11.2025;3;4.840.000;5.000.000;5.160.000;5.030.000;https://www.com-analytics.de/player/33890;5.000.000;niedrig;Halten;;4;8;Fit;Niedrig;-1.240.000 / -19,7%;-3.620.000 / -3,7 %;-560.000 / -10,0%
Bakayoko;RB Leipzig;Stürmer;7.620.000;37;4.62;Schlecht;Gering bis mittel;Stürmer;06.11.2025;2;7.320.000;7.570.000;7.820.000;7.590.000;https://www.com-analytics.de/player/34240;7.570.000;niedrig;Halten;;5.4;8;Fit;Niedrig;-1.690.000 / -18,2%;+1.190.000 / +1,0 %;-3.880.000 / -33,7%
Baku;RB Leipzig;Abwehr;5.300.000;40;4.44;Gut;Deutlich über dem Mittel;Abwehr;06.11.2025;3;5.190.000;5.380.000;5.580.000;5.280.000;https://www.com-analytics.de/player/32889;5.380.000;mittel;Halten;;4.8;9;Fit;Niedrig;-1.930.000 / -26,7%;+1.190.000 / +1,0 %;+830.000 / +18,6%
Baldé;Hamburger SV;Stürmer;760.000;11;2.2;Durchschnittlich;Gering bis mittel;Stürmer;06.11.2025;N/A;740.000;760.000;770.000;760.000;https://www.com-analytics.de/player/34194;760.000;niedrig;Halten;;0.4;5;Fit;Niedrig;-20.000 / -2,6%;-5.810.000 / -8,5 %;+440.000 / +137,5%
Banzuzi;RB Leipzig;Mittelfeld;3.170.000;24;3.0;Schlecht;Gering bis mittel;Mittelfeld;06.11.2025;2;3.070.000;3.150.000;3.220.000;3.190.000;https://www.com-analytics.de/player/34185;3.150.000;niedrig;Halten;;3.1;8;Fit;Mittel;-110.000 / -3,4%;+1.190.000 / +1,0 %;-730.000 / -18,7%
Bärtl;FC Bayern München;Torhüter;160.000;0;;;Gering bis mittel;Torhüter;06.11.2025;N/A;160.000;160.000;160.000;160.000;https://www.com-analytics.de/player/34284;160.000;N/A;Halten;Unbekannt;N/A;0;Fit;Niedrig;"&#0177;0 / &#0177;0,0%";+8.270.000 / +4,6 %;Unbekannt
Batshuayi;Eintracht Frankfurt;Stürmer;750.000;5;1.25;Schlecht;Gering bis mittel;Stürmer;06.11.2025;1;750.000;760.000;770.000;790.000;https://www.com-analytics.de/player/32874;760.000;mittel;Halten;;2.1;4;Fit;Niedrig;+120.000 / +19,0%;-3.620.000 / -3,7 %;-910.000 / -54,8%
Batz;1. FSV Mainz 05;Torhüter;160.000;0;;;Gering bis mittel;Torhüter;06.11.2025;N/A;160.000;160.000;160.000;160.000;https://www.com-analytics.de/player/31693;160.000;niedrig;Halten;;N/A;0;Fit;Niedrig;"&#0177;0 / &#0177;0,0%";-3.790.000 / -6,3 %;"&#0177;0 / &#0177;0,0%"
Bauer;FC Augsburg;Abwehr;160.000;0;;;Gering bis mittel;Abwehr;06.11.2025;N/A;160.000;160.000;160.000;160.000;https://www.com-analytics.de/player/33403;160.000;hoch;Halten;;N/A;0;Fit;Niedrig;"&#0177;0 / &#0177;0,0%";-4.060.000 / -7,9 %;-80.000 / -33,3%
Baum;Eintracht Frankfurt;Abwehr;360.000;0;;;Gering bis mittel;Abwehr;06.11.2025;N/A;360.000;360.000;360.000;360.000;https://www.com-analytics.de/player/33869;360.000;niedrig;Halten;;N/A;0;Fit;Mittel;+40.000 / +12,5%;-3.620.000 / -3,7 %;-450.000 / -55,6%
Baumann;TSG Hoffenheim;Torhüter;1.610.000;26;2.89;Gut;Deutlich über dem Mittel;Torhüter;06.11.2025;5;1.600.000;1.660.000;1.710.000;1.630.000;https://www.com-analytics.de/player/31489;1.660.000;mittel;Halten;;3;9;Fit;Niedrig;-210.000 / -11,5%;-3.900.000 / -4,7 %;-1.340.000 / -45,4%
Baumgartner;RB Leipzig;Mittelfeld;12.740.000;64;7.11;Durchschnittlich;Deutlich über dem Mittel;Mittelfeld;06.11.2025;5;12.060.000;12.570.000;13.080.000;12.510.000;https://www.com-analytics.de/player/32977;12.570.000;mittel;Halten;;7.2;9;Fit;Niedrig;-1.230.000 / -8,8%;+1.190.000 / +1,0 %;+10.220.000 / +405,6%
Bebou;TSG Hoffenheim;Stürmer;1.450.000;8;2.0;Schlecht;Deutlich über dem Mittel;Stürmer;06.11.2025;1;1.450.000;1.480.000;1.500.000;1.480.000;https://www.com-analytics.de/player/32842;1.480.000;mittel;Halten;;0.6;4;Fit;Mittel;+60.000 / +4,3%;-3.900.000 / -4,7 %;+700.000 / +93,3%
Beck;1. FC Heidenheim 1846;Mittelfeld;1.280.000;16;2.0;Schlecht;Gering bis mittel;Mittelfeld;06.11.2025;2;1.260.000;1.260.000;1.260.000;1.290.000;https://www.com-analytics.de/player/33787;1.260.000;mittel;Halten;;1;8;Fit;Mittel;-420.000 / -24,7%;-620.000 / -1,5 %;-1.590.000 / -55,4%
Beier;Borussia Dortmund;Stürmer;7.450.000;30;3.75;Schlecht;Über dem Mittel;Stürmer;06.11.2025;5;7.140.000;7.380.000;7.620.000;7.380.000;https://www.com-analytics.de/player/33208;7.380.000;mittel;Halten;;3.7;8;Fit;Mittel;+610.000 / +8,9%;-1.050.000 / -0,9 %;+1.010.000 / +15,7%
Bell;1. FSV Mainz 05;Abwehr;1.170.000;17;2.12;Schlecht;Gering bis mittel;Abwehr;06.11.2025;N/A;1.170.000;1.170.000;1.170.000;1.160.000;https://www.com-analytics.de/player/31666;1.170.000;niedrig;Halten;;1.1;8;Fit;Niedrig;-90.000 / -7,1%;-3.790.000 / -6,3 %;-930.000 / -44,3%
Bellingham;Borussia Dortmund;Mittelfeld;4.050.000;18;2.0;Schlecht;Gering bis mittel;Mittelfeld;06.11.2025;3;3.980.000;4.080.000;4.170.000;4.080.000;https://www.com-analytics.de/player/34200;4.080.000;niedrig;Halten;;2.4;9;Fit;Niedrig;+270.000 / +7,1%;-1.050.000 / -0,9 %;-7.920.000 / -66,2%
Belocian;Bayer 04 Leverkusen;Abwehr;1.070.000;4;2.0;Schlecht;Gering bis mittel;Abwehr;06.11.2025;1;1.050.000;1.060.000;1.080.000;1.100.000;https://www.com-analytics.de/player/33988;1.060.000;mittel;Halten;;0.3;2;Fit;Hoch;-120.000 / -10,1%;-13.570.000 / -10,5 %;+770.000 / +256,7%
Ben Seghir;Bayer 04 Leverkusen;Stürmer;3.930.000;13;3.25;Schlecht;Gering bis mittel;Stürmer;06.11.2025;0;3.880.000;3.950.000;4.030.000;3.880.000;https://www.com-analytics.de/player/34285;3.950.000;niedrig;Halten;;2.3;4;Fit;Niedrig;-570.000 / -12,7%;-13.570.000 / -10,5 %;Unbekannt
Benjamin;TSG Hoffenheim;Stürmer;170.000;0;;;Gering bis mittel;Stürmer;06.11.2025;N/A;170.000;170.000;180.000;170.000;https://www.com-analytics.de/player/34301;170.000;N/A;Halten;Unbekannt;N/A;0;Fit;Niedrig;-20.000 / -10,5%;-3.900.000 / -4,7 %;Unbekannt
Bensebaini;Borussia Dortmund;Abwehr;5.840.000;48;5.33;Gut;Deutlich über dem Mittel;Abwehr;06.11.2025;6;5.630.000;5.850.000;6.060.000;5.850.000;https://www.com-analytics.de/player/33167;5.850.000;niedrig;Halten;;4.4;9;Fit;Niedrig;+370.000 / +6,8%;-1.050.000 / -0,9 %;+2.170.000 / +59,1%
Berisha;TSG Hoffenheim;Stürmer;200.000;0;;;Gering bis mittel;Stürmer;06.11.2025;N/A;200.000;200.000;200.000;230.000;https://www.com-analytics.de/player/33683;200.000;mittel;Kaufen;;N/A;0;Unbekannt;Mittel;-10.000 / -4,8%;-3.900.000 / -4,7 %;-550.000 / -73,3%
Bernardo;TSG Hoffenheim;Abwehr;3.510.000;33;3.67;Gut;Über dem Mittel;Abwehr;06.11.2025;3;3.460.000;3.570.000;3.680.000;3.540.000;https://www.com-analytics.de/player/32693;3.570.000;niedrig;Halten;;2.2;9;Fit;Niedrig;-730.000 / -17,2%;-3.900.000 / -4,7 %;+580.000 / +19,8%
Beste;Sport-Club Freiburg;Mittelfeld;3.110.000;17;2.83;Schlecht;Gering bis mittel;Mittelfeld;06.11.2025;3;3.000.000;3.080.000;3.150.000;3.150.000;https://www.com-analytics.de/player/32961;3.080.000;niedrig;Halten;;2.4;6;Fit;Mittel;-540.000 / -14,8%;-810.000 / -1,2 %;+340.000 / +12,3%
Bischof;FC Bayern München;Mittelfeld;5.710.000;31;5.17;Gut;Gering bis mittel;Mittelfeld;06.11.2025;9;5.460.000;5.620.000;5.790.000;5.910.000;https://www.com-analytics.de/player/33504;5.620.000;niedrig;Halten;;5.9;6;Fit;Mittel;+1.350.000 / +31,0%;+8.270.000 / +4,6 %;+750.000 / +15,1%
Bitshiabu;RB Leipzig;Abwehr;840.000;2;2.0;Schlecht;Gering bis mittel;Abwehr;06.11.2025;N/A;820.000;830.000;830.000;810.000;https://www.com-analytics.de/player/33824;830.000;niedrig;Halten;Unbekannt;0.5;1;Fit;Niedrig;+90.000 / +12,0%;+1.190.000 / +1,0 %;-1.710.000 / -67,1%
Bittencourt;SV Werder Bremen;Mittelfeld;880.000;12;2.0;Schlecht;Über dem Mittel;Mittelfeld;06.11.2025;N/A;860.000;870.000;870.000;870.000;https://www.com-analytics.de/player/31932;870.000;mittel;Halten;Unbekannt;2.5;6;Fit;Niedrig;-140.000 / -13,7%;-4.130.000 / -5,5 %;-590.000 / -40,1%
Blaswich;Bayer 04 Leverkusen;Torhüter;180.000;0;;;Gering bis mittel;Torhüter;06.11.2025;N/A;180.000;180.000;180.000;180.000;https://www.com-analytics.de/player/31827;180.000;mittel;Halten;;N/A;0;Fit;Niedrig;+20.000 / +12,5%;-13.570.000 / -10,5 %;-370.000 / -67,3%
Bobzien;1. FSV Mainz 05;Stürmer;290.000;3;3.0;Gut;Gering bis mittel;Stürmer;06.11.2025;N/A;290.000;290.000;290.000;290.000;https://www.com-analytics.de/player/33538;290.000;niedrig;Halten;;N/A;1;Fit;Niedrig;-80.000 / -21,6%;-3.790.000 / -6,3 %;-690.000 / -70,4%
Boey;FC Bayern München;Abwehr;2.100.000;15;1.67;Schlecht;Gering bis mittel;Abwehr;06.11.2025;1;2.080.000;2.100.000;2.130.000;2.120.000;https://www.com-analytics.de/player/33894;2.100.000;mittel;Halten;;3.7;9;Fit;Niedrig;-480.000 / -18,6%;+8.270.000 / +4,6 %;+1.220.000 / +138,6%
Bogdanov;1. FC Union Berlin;Stürmer;250.000;0;;;Gering bis mittel;Stürmer;06.11.2025;N/A;250.000;250.000;250.000;260.000;https://www.com-analytics.de/player/34265;250.000;N/A;Halten;Unbekannt;N/A;0;Fit;Niedrig;+60.000 / +31,6%;-2.320.000 / -5,0 %;Unbekannt
Boniface;SV Werder Bremen;Stürmer;7.520.000;18;2.57;Schlecht;Über dem Mittel;Stürmer;06.11.2025;3;7.270.000;7.520.000;7.760.000;7.450.000;https://www.com-analytics.de/player/33827;7.520.000;niedrig;Halten;;5.2;7;Fit;Mittel;-290.000 / -3,7%;-4.130.000 / -5,5 %;-810.000 / -9,7%
Bos;1. FSV Mainz 05;Abwehr;160.000;0;;;Gering bis mittel;Abwehr;06.11.2025;N/A;160.000;160.000;160.000;170.000;https://www.com-analytics.de/player/34203;160.000;N/A;Halten;Unbekannt;N/A;0;Fit;Niedrig;-10.000 / -5,9%;-3.790.000 / -6,3 %;-190.000 / -54,3%
Bouanani;VfB Stuttgart;Stürmer;2.450.000;13;2.6;Schlecht;Gering bis mittel;Stürmer;06.11.2025;0;2.390.000;2.430.000;2.480.000;2.410.000;https://www.com-analytics.de/player/34286;2.430.000;niedrig;Halten;;2.1;5;Fit;Niedrig;-920.000 / -27,3%;+1.290.000 / +1,2 %;Unbekannt
Brandt;Borussia Dortmund;Mittelfeld;7.360.000;38;4.75;Durchschnittlich;Deutlich über dem Mittel;Mittelfeld;06.11.2025;3;7.070.000;7.280.000;7.500.000;7.280.000;https://www.com-analytics.de/player/32236;7.280.000;niedrig;Halten;Unbekannt;N/A;8;Angeschlagen;Mittel;+120.000 / +1,7%;-1.050.000 / -0,9 %;+680.000 / +10,2%
Bredlow;VfB Stuttgart;Torhüter;160.000;0;;;Gering bis mittel;Torhüter;06.11.2025;N/A;160.000;160.000;160.000;170.000;https://www.com-analytics.de/player/32891;160.000;mittel;Halten;;N/A;0;Fit;Mittel;-20.000 / -11,1%;+1.290.000 / +1,2 %;-10.000 / -5,9%
Brown;Eintracht Frankfurt;Abwehr;5.180.000;32;3.56;Schlecht;Gering bis mittel;Abwehr;06.11.2025;5;4.980.000;5.170.000;5.360.000;5.340.000;https://www.com-analytics.de/player/33975;5.170.000;niedrig;Halten;;5.6;9;Fit;Niedrig;+350.000 / +7,2%;-3.620.000 / -3,7 %;-130.000 / -2,4%
Bülter;1. FC Köln;Stürmer;5.280.000;39;5.57;Gut;Über dem Mittel;Stürmer;06.11.2025;1;5.020.000;5.180.000;5.340.000;5.180.000;https://www.com-analytics.de/player/33139;5.180.000;mittel;Halten;;1.9;7;Fit;Mittel;-1.510.000 / -22,2%;+4.740.000 / +7,4 %;+440.000 / +9,1%
Burcu;1. FC Union Berlin;Stürmer;300.000;0;;;Gering bis mittel;Stürmer;06.11.2025;N/A;300.000;300.000;300.000;310.000;https://www.com-analytics.de/player/34191;300.000;N/A;Halten;Unbekannt;N/A;0;Angeschlagen;Hoch;-70.000 / -18,9%;-2.320.000 / -5,0 %;-10.000 / -3,2%
Burger;TSG Hoffenheim;Mittelfeld;3.610.000;37;4.62;Gut;Gering bis mittel;Mittelfeld;06.11.2025;18;3.690.000;3.800.000;3.910.000;4.040.000;https://www.com-analytics.de/player/34242;3.800.000;mittel;Kaufen;;4.5;8;Fit;Mittel;+1.010.000 / +38,8%;-3.900.000 / -4,7 %;+580.000 / +19,1%
Burkardt;Eintracht Frankfurt;Stürmer;14.630.000;54;6.75;Schlecht;Über dem Mittel;Stürmer;06.11.2025;4;14.050.000;14.520.000;14.990.000;14.770.000;https://www.com-analytics.de/player/32948;14.520.000;mittel;Halten;;8.4;8;Fit;Mittel;-1.990.000 / -12,0%;-3.620.000 / -3,7 %;+3.300.000 / +29,1%
Burke;1. FC Union Berlin;Stürmer;3.380.000;33;4.71;Gut;Gering bis mittel;Stürmer;06.11.2025;0;3.310.000;3.380.000;3.440.000;3.340.000;https://www.com-analytics.de/player/32694;3.380.000;mittel;Halten;;0.2;7;Fit;Mittel;-340.000 / -9,1%;-2.320.000 / -5,0 %;+260.000 / +8,3%
Busch;1. FC Heidenheim 1846;Abwehr;1.200.000;24;2.67;Gut;Gering bis mittel;Abwehr;06.11.2025;3;1.190.000;1.210.000;1.220.000;1.290.000;https://www.com-analytics.de/player/32380;1.210.000;niedrig;Halten;;N/A;9;Angeschlagen;Mittel;-210.000 / -14,9%;-620.000 / -1,5 %;+580.000 / +93,5%
Buta;Eintracht Frankfurt;Abwehr;750.000;0;0.0;Schlecht;Gering bis mittel;Abwehr;06.11.2025;N/A;740.000;740.000;740.000;740.000;https://www.com-analytics.de/player/33620;740.000;mittel;Halten;Unbekannt;0.4;3;Fit;Niedrig;-250.000 / -25,0%;-3.620.000 / -3,7 %;-230.000 / -23,5%
Bøving;1. FSV Mainz 05;Stürmer;720.000;3;1.5;Schlecht;Gering bis mittel;Stürmer;06.11.2025;N/A;720.000;720.000;720.000;720.000;https://www.com-analytics.de/player/34291;720.000;niedrig;Halten;;-0;2;Fit;Niedrig;-190.000 / -20,9%;-3.790.000 / -6,3 %;Unbekannt
Caci;1. FSV Mainz 05;Abwehr;1.540.000;20;5.0;Gut;Deutlich über dem Mittel;Abwehr;06.11.2025;N/A;1.520.000;1.530.000;1.530.000;1.540.000;https://www.com-analytics.de/player/33577;1.530.000;niedrig;Halten;;N/A;4;Im Aufbautraining;Hoch;-30.000 / -1,9%;-3.790.000 / -6,3 %;-2.400.000 / -60,9%
Campbell;Borussia Dortmund;Stürmer;240.000;2;2.0;Durchschnittlich;Gering bis mittel;Stürmer;06.11.2025;N/A;240.000;240.000;240.000;240.000;https://www.com-analytics.de/player/34016;240.000;niedrig;Halten;;N/A;1;Fit;Niedrig;-20.000 / -7,7%;-1.050.000 / -0,9 %;-1.430.000 / -85,6%
Can;Borussia Dortmund;Mittelfeld;2.530.000;0;;;Deutlich über dem Mittel;Mittelfeld;06.11.2025;N/A;2.620.000;2.650.000;2.690.000;2.650.000;https://www.com-analytics.de/player/31935;2.650.000;niedrig;Halten;;N/A;0;Fit;Hoch;+1.070.000 / +73,3%;-1.050.000 / -0,9 %;-680.000 / -21,2%
Capaldo;Hamburger SV;Mittelfeld;2.360.000;20;2.86;Durchschnittlich;Gering bis mittel;Mittelfeld;06.11.2025;N/A;2.310.000;2.370.000;2.420.000;2.340.000;https://www.com-analytics.de/player/34233;2.370.000;niedrig;Halten;;1.5;7;Fit;Mittel;-180.000 / -7,1%;-5.810.000 / -8,5 %;-910.000 / -27,8%
Castro-Montes;1. FC Köln;Mittelfeld;390.000;0;0.0;Schlecht;Gering bis mittel;Mittelfeld;06.11.2025;N/A;390.000;400.000;400.000;390.000;https://www.com-analytics.de/player/34287;400.000;N/A;Halten;Unbekannt;N/A;1;Fit;Niedrig;-90.000 / -18,8%;+4.740.000 / +7,4 %;Unbekannt
Castrop;Borussia Mönchengladbach;Mittelfeld;2.450.000;15;2.14;Schlecht;Gering bis mittel;Mittelfeld;06.11.2025;N/A;2.390.000;2.430.000;2.470.000;2.420.000;https://www.com-analytics.de/player/34186;2.430.000;hoch;Halten;;N/A;7;Rot gesperrt;Hoch;-410.000 / -14,3%;+11.850.000 / +16,9 %;+940.000 / +62,3%
Ćatović;VfB Stuttgart;Mittelfeld;180.000;0;;;Gering bis mittel;Mittelfeld;06.11.2025;N/A;180.000;180.000;180.000;170.000;https://www.com-analytics.de/player/34262;180.000;N/A;Halten;Unbekannt;N/A;0;Fit;Niedrig;-20.000 / -10,0%;+1.290.000 / +1,2 %;Unbekannt
Ceesay;FC St. Pauli;Stürmer;750.000;11;;;Gering bis mittel;Stürmer;06.11.2025;0;740.000;750.000;760.000;780.000;https://www.com-analytics.de/player/34081;750.000;niedrig;;;;;;;;;
Chabot;VfB Stuttgart;Abwehr;5.620.000;;;;;Abwehr;06.11.2025;1;5.370.000;5.580.000;5.780.000;5.620.000;https://www.com-analytics.de/player/33552;;;;;;;;;;;
Chaïbi;Eintracht Frankfurt;Mittelfeld;6.570.000;;;;;Mittelfeld;06.11.2025;N/A;6.490.000;6.580.000;6.680.000;6.450.000;https://www.com-analytics.de/player/33856;;;;;;;;;;;
Chandler;Eintracht Frankfurt;Mittelfeld;180.000;;;;;Mittelfeld;06.11.2025;N/A;180.000;180.000;180.000;180.000;https://www.com-analytics.de/player/31743;;;;;;;;;;;
Chaves;TSG Hoffenheim;Abwehr;580.000;;;;;Abwehr;06.11.2025;N/A;570.000;580.000;590.000;580.000;https://www.com-analytics.de/player/34062;;;;;;;;;;;
Chema Andrés;VfB Stuttgart;Mittelfeld;6.050.000;;;;;Mittelfeld;06.11.2025;N/A;5.800.000;5.890.000;5.990.000;5.880.000;https://www.com-analytics.de/player/34253;;;;;;;;;;;
Chiarodia;Borussia Mönchengladbach;Abwehr;420.000;;;;;Abwehr;06.11.2025;N/A;420.000;420.000;420.000;440.000;https://www.com-analytics.de/player/33601;;;;;;;;;;;
Chukwuemeka;Borussia Dortmund;Mittelfeld;3.530.000;;;;;Mittelfeld;06.11.2025;2;3.450.000;3.540.000;3.620.000;3.540.000;https://www.com-analytics.de/player/34117;;;;;;;;;;;
Claude-Maurice;FC Augsburg;Mittelfeld;3.790.000;;;;;Mittelfeld;06.11.2025;-1;3.670.000;3.760.000;3.850.000;3.760.000;https://www.com-analytics.de/player/34063;;;;;;;;;;;
Conteh;1. FC Heidenheim 1846;Stürmer;650.000;;;;;Stürmer;06.11.2025;N/A;650.000;650.000;650.000;650.000;https://www.com-analytics.de/player/33926;;;;;;;;;;;
Coufal;TSG Hoffenheim;Abwehr;5.750.000;;;;;Abwehr;06.11.2025;7;5.570.000;5.740.000;5.920.000;5.730.000;https://www.com-analytics.de/player/34257;;;;;;;;;;;
Coulibaly;SV Werder Bremen;Abwehr;2.870.000;;;;;Abwehr;06.11.2025;1;2.800.000;2.840.000;2.890.000;2.870.000;https://www.com-analytics.de/player/34239;;;;;;;;;;;
Couto;Borussia Dortmund;Abwehr;5.220.000;;;;;Abwehr;06.11.2025;3;5.030.000;5.220.000;5.410.000;5.220.000;https://www.com-analytics.de/player/34033;;;;;;;;;;;
Čović;SV Werder Bremen;Mittelfeld;1.470.000;;;;;Mittelfeld;06.11.2025;N/A;1.470.000;1.470.000;1.480.000;1.450.000;https://www.com-analytics.de/player/34091;;;;;;;;;;;
D. Klein;FC Augsburg;Torhüter;160.000;;;;;Torhüter;06.11.2025;N/A;160.000;160.000;160.000;160.000;https://www.com-analytics.de/player/33298;;;;;;;;;;;
D. Nemeth;FC St. Pauli;Abwehr;190.000;;;;;Abwehr;06.11.2025;N/A;190.000;190.000;190.000;190.000;https://www.com-analytics.de/player/33443;;;;;;;;;;;
da Costa;1. FSV Mainz 05;Abwehr;1.390.000;;;;;Abwehr;06.11.2025;1;1.360.000;1.370.000;1.390.000;1.420.000;https://www.com-analytics.de/player/31762;;;;;;;;;;;
Daghim;VfL Wolfsburg;Stürmer;5.370.000;;;;;Stürmer;06.11.2025;-2;5.190.000;5.360.000;5.520.000;5.350.000;https://www.com-analytics.de/player/34294;;;;;;;;;;;
Dahmen;FC Augsburg;Torhüter;1.170.000;;;;;Torhüter;06.11.2025;0;1.110.000;1.150.000;1.200.000;1.150.000;https://www.com-analytics.de/player/32877;;;;;;;;;;;
Dahoud;Eintracht Frankfurt;Mittelfeld;300.000;;;;;Mittelfeld;06.11.2025;N/A;300.000;300.000;300.000;300.000;https://www.com-analytics.de/player/32208;;;;;;;;;;;
Dal;1. FSV Mainz 05;Abwehr;330.000;;;;;Abwehr;06.11.2025;N/A;330.000;330.000;330.000;330.000;https://www.com-analytics.de/player/34052;;;;;;;;;;;
Damar;TSG Hoffenheim;Mittelfeld;2.360.000;;;;;Mittelfeld;06.11.2025;N/A;2.240.000;2.290.000;2.350.000;2.320.000;https://www.com-analytics.de/player/33673;;;;;;;;;;;
Dardari;FC Augsburg;Stürmer;370.000;;;;;Stürmer;06.11.2025;N/A;370.000;370.000;370.000;370.000;https://www.com-analytics.de/player/34266;;;;;;;;;;;
Darvich;VfB Stuttgart;Mittelfeld;500.000;;;;;Mittelfeld;06.11.2025;N/A;510.000;510.000;510.000;490.000;https://www.com-analytics.de/player/34215;;;;;;;;;;;
Davies;FC Bayern München;Abwehr;4.630.000;;;;;Abwehr;06.11.2025;N/A;4.670.000;4.740.000;4.810.000;4.630.000;https://www.com-analytics.de/player/33021;;;;;;;;;;;
Deman;SV Werder Bremen;Abwehr;200.000;;;;;Abwehr;06.11.2025;N/A;200.000;200.000;200.000;200.000;https://www.com-analytics.de/player/33858;;;;;;;;;;;
Demirović;VfB Stuttgart;Stürmer;4.680.000;;;;;Stürmer;06.11.2025;N/A;4.590.000;4.660.000;4.730.000;4.650.000;https://www.com-analytics.de/player/33311;;;;;;;;;;;
Dickes;Hamburger SV;Torhüter;160.000;;;;;Torhüter;06.11.2025;N/A;160.000;160.000;160.000;160.000;https://www.com-analytics.de/player/34094;;;;;;;;;;;
Diehl;VfB Stuttgart;Stürmer;230.000;;;;;Stürmer;06.11.2025;N/A;230.000;230.000;230.000;230.000;https://www.com-analytics.de/player/33718;;;;;;;;;;;
Diks;Borussia Mönchengladbach;Abwehr;3.720.000;;;;;Abwehr;06.11.2025;7;3.670.000;3.730.000;3.790.000;3.820.000;https://www.com-analytics.de/player/34187;;;;;;;;;;;
Dinkçi;Sport-Club Freiburg;Stürmer;1.290.000;;;;;Stürmer;06.11.2025;N/A;1.270.000;1.270.000;1.270.000;1.280.000;https://www.com-analytics.de/player/33364;;;;;;;;;;;
Diogo Leite;1. FC Union Berlin;Abwehr;3.220.000;;;;;Abwehr;06.11.2025;4;3.200.000;3.250.000;3.300.000;3.320.000;https://www.com-analytics.de/player/33659;;;;;;;;;;;
Diomande;RB Leipzig;Stürmer;10.090.000;;;;;Stürmer;06.11.2025;12;9.840.000;10.170.000;10.490.000;10.120.000;https://www.com-analytics.de/player/34237;;;;;;;;;;;
Doan;Eintracht Frankfurt;Mittelfeld;9.750.000;;;;;Mittelfeld;06.11.2025;3;9.220.000;9.610.000;10.000.000;9.840.000;https://www.com-analytics.de/player/33335;;;;;;;;;;;
Doekhi;1. FC Union Berlin;Abwehr;5.670.000;;;;;Abwehr;06.11.2025;4;5.490.000;5.700.000;5.910.000;5.590.000;https://www.com-analytics.de/player/33609;;;;;;;;;;;
Dompé;Hamburger SV;Stürmer;9.340.000;;;;;Stürmer;06.11.2025;12;8.980.000;9.270.000;9.560.000;9.680.000;https://www.com-analytics.de/player/34155;;;;;;;;;;;
Dorsch;1. FC Heidenheim 1846;Mittelfeld;1.550.000;;;;;Mittelfeld;06.11.2025;1;1.500.000;1.530.000;1.570.000;1.530.000;https://www.com-analytics.de/player/32603;;;;;;;;;;;
Doumbia;Eintracht Frankfurt;Abwehr;170.000;;;;;Abwehr;06.11.2025;N/A;170.000;170.000;170.000;170.000;https://www.com-analytics.de/player/34218;;;;;;;;;;;
Drewes;Borussia Dortmund;Torhüter;160.000;;;;;Torhüter;06.11.2025;N/A;160.000;160.000;160.000;160.000;https://www.com-analytics.de/player/31988;;;;;;;;;;;
Drljača;VfB Stuttgart;Torhüter;160.000;;;;;Torhüter;06.11.2025;N/A;160.000;160.000;160.000;160.000;https://www.com-analytics.de/player/33342;;;;;;;;;;;
Duranville;Borussia Dortmund;Stürmer;730.000;;;;;Stürmer;06.11.2025;N/A;730.000;740.000;740.000;740.000;https://www.com-analytics.de/player/33728;;;;;;;;;;;
Dźwigała;FC St. Pauli;Abwehr;1.420.000;;;;;Abwehr;06.11.2025;N/A;1.390.000;1.390.000;1.390.000;1.400.000;https://www.com-analytics.de/player/33946;;;;;;;;;;;
Echeverri;Bayer 04 Leverkusen;Mittelfeld;1.960.000;;;;;Mittelfeld;06.11.2025;0;1.890.000;1.940.000;1.990.000;1.930.000;https://www.com-analytics.de/player/34273;;;;;;;;;;;
El Khannouss;VfB Stuttgart;Mittelfeld;15.730.000;;;;;Mittelfeld;06.11.2025;5;14.720.000;15.350.000;15.980.000;15.760.000;https://www.com-analytics.de/player/34288;;;;;;;;;;;
Elfadli;Hamburger SV;Abwehr;2.550.000;;;;;Abwehr;06.11.2025;1;2.510.000;2.600.000;2.680.000;2.540.000;https://www.com-analytics.de/player/34146;;;;;;;;;;;
Elvedi;Borussia Mönchengladbach;Abwehr;3.810.000;;;;;Abwehr;06.11.2025;5;3.740.000;3.800.000;3.860.000;3.880.000;https://www.com-analytics.de/player/32472;;;;;;;;;;;
Eriksen;VfL Wolfsburg;Mittelfeld;3.680.000;;;;;Mittelfeld;06.11.2025;2;3.560.000;3.670.000;3.780.000;3.640.000;https://www.com-analytics.de/player/34299;;;;;;;;;;;
Essende;FC Augsburg;Stürmer;1.790.000;;;;;Stürmer;06.11.2025;2;1.760.000;1.800.000;1.830.000;1.800.000;https://www.com-analytics.de/player/34005;;;;;;;;;;;
F. Müller;Sport-Club Freiburg;Torhüter;200.000;;;;;Torhüter;06.11.2025;N/A;200.000;200.000;200.000;200.000;https://www.com-analytics.de/player/32656;;;;;;;;;;;
F. Nmecha;Borussia Dortmund;Mittelfeld;7.380.000;;;;;Mittelfeld;06.11.2025;5;7.130.000;7.340.000;7.560.000;7.340.000;https://www.com-analytics.de/player/33498;;;;;;;;;;;
Fábio Silva;Borussia Dortmund;Stürmer;5.700.000;;;;;Stürmer;06.11.2025;N/A;5.530.000;5.610.000;5.700.000;5.610.000;https://www.com-analytics.de/player/34283;;;;;;;;;;;
Fábio Vieira;Hamburger SV;Mittelfeld;4.840.000;;;;;Mittelfeld;06.11.2025;0;4.680.000;4.830.000;4.970.000;4.790.000;https://www.com-analytics.de/player/34296;;;;;;;;;;;
Feller;1. FC Heidenheim 1846;Torhüter;160.000;;;;;Torhüter;06.11.2025;N/A;160.000;160.000;160.000;160.000;https://www.com-analytics.de/player/33271;;;;;;;;;;;
Fellhauer;FC Augsburg;Mittelfeld;2.990.000;;;;;Mittelfeld;06.11.2025;0;2.900.000;2.970.000;3.040.000;2.970.000;https://www.com-analytics.de/player/34171;;;;;;;;;;;
Fenyő;Eintracht Frankfurt;Mittelfeld;170.000;;;;;Mittelfeld;06.11.2025;N/A;170.000;170.000;170.000;170.000;https://www.com-analytics.de/player/33985;;;;;;;;;;;
Fernández;Bayer 04 Leverkusen;Mittelfeld;3.210.000;;;;;Mittelfeld;06.11.2025;N/A;3.050.000;3.100.000;3.150.000;3.210.000;https://www.com-analytics.de/player/34289;;;;;;;;;;;
Finkgräfe;RB Leipzig;Abwehr;400.000;;;;;Abwehr;06.11.2025;N/A;400.000;400.000;400.000;410.000;https://www.com-analytics.de/player/33848;;;;;;;;;;;
Fischer;VfL Wolfsburg;Abwehr;870.000;;;;;Abwehr;06.11.2025;N/A;840.000;850.000;870.000;870.000;https://www.com-analytics.de/player/33625;;;;;;;;;;;
Flekken;Bayer 04 Leverkusen;Torhüter;1.530.000;;;;;Torhüter;06.11.2025;-1;1.420.000;1.480.000;1.540.000;1.520.000;https://www.com-analytics.de/player/32925;;;;;;;;;;;
Föhrenbach;1. FC Heidenheim 1846;Abwehr;2.630.000;;;;;Abwehr;06.11.2025;3;2.580.000;2.620.000;2.660.000;2.610.000;https://www.com-analytics.de/player/32596;;;;;;;;;;;
Fraulo;Borussia Mönchengladbach;Mittelfeld;1.640.000;;;;;Mittelfeld;06.11.2025;10;1.650.000;1.690.000;1.730.000;1.780.000;https://www.com-analytics.de/player/33636;;;;;;;;;;;
Frees;TSG Hoffenheim;Abwehr;170.000;;;;;Abwehr;06.11.2025;N/A;170.000;170.000;180.000;170.000;https://www.com-analytics.de/player/34269;;;;;;;;;;;
Friedl;SV Werder Bremen;Abwehr;4.640.000;;;;;Abwehr;06.11.2025;3;4.350.000;4.520.000;4.690.000;4.680.000;https://www.com-analytics.de/player/32754;;;;;;;;;;;
Friedrich;Borussia Mönchengladbach;Abwehr;630.000;;;;;Abwehr;06.11.2025;N/A;630.000;630.000;630.000;630.000;https://www.com-analytics.de/player/32311;;;;;;;;;;;
Führich;VfB Stuttgart;Mittelfeld;5.640.000;;;;;Mittelfeld;06.11.2025;4;5.430.000;5.590.000;5.750.000;5.640.000;https://www.com-analytics.de/player/32858;;;;;;;;;;;
Fujita;FC St. Pauli;Mittelfeld;2.710.000;;;;;Mittelfeld;06.11.2025;0;2.630.000;2.700.000;2.760.000;2.720.000;https://www.com-analytics.de/player/34211;;;;;;;;;;;
García;Bayer 04 Leverkusen;Mittelfeld;8.620.000;;;;;Mittelfeld;06.11.2025;1;8.370.000;8.620.000;8.870.000;8.660.000;https://www.com-analytics.de/player/33992;;;;;;;;;;;
Gazibegović;1. FC Köln;Abwehr;190.000;;;;;Abwehr;06.11.2025;N/A;190.000;190.000;200.000;200.000;https://www.com-analytics.de/player/34137;;;;;;;;;;;
Gebel;RB Leipzig;Mittelfeld;170.000;;;;;Mittelfeld;06.11.2025;N/A;170.000;170.000;170.000;180.000;https://www.com-analytics.de/player/34042;;;;;;;;;;;
Geiger;TSG Hoffenheim;Mittelfeld;170.000;;;;;Mittelfeld;06.11.2025;N/A;170.000;170.000;170.000;170.000;https://www.com-analytics.de/player/32680;;;;;;;;;;;
Gendrey;TSG Hoffenheim;Abwehr;420.000;;;;;Abwehr;06.11.2025;N/A;410.000;420.000;420.000;420.000;https://www.com-analytics.de/player/34051;;;;;;;;;;;
Gerhardt;VfL Wolfsburg;Mittelfeld;210.000;;;;;Mittelfeld;06.11.2025;N/A;210.000;210.000;220.000;220.000;https://www.com-analytics.de/player/32280;;;;;;;;;;;
Gharbi;FC Augsburg;Stürmer;930.000;;;;;Stürmer;06.11.2025;3;960.000;970.000;980.000;970.000;https://www.com-analytics.de/player/34292;;;;;;;;;;;
Giannoulis;FC Augsburg;Abwehr;1.830.000;;;;;Abwehr;06.11.2025;4;1.820.000;1.840.000;1.870.000;1.840.000;https://www.com-analytics.de/player/34027;;;;;;;;;;;
Gimber;1. FC Heidenheim 1846;Abwehr;370.000;;;;;Abwehr;06.11.2025;N/A;370.000;370.000;370.000;380.000;https://www.com-analytics.de/player/32457;;;;;;;;;;;
Ginter;Sport-Club Freiburg;Abwehr;4.050.000;;;;;Abwehr;06.11.2025;5;3.870.000;4.020.000;4.160.000;4.100.000;https://www.com-analytics.de/player/31910;;;;;;;;;;;
Glatzel;Hamburger SV;Stürmer;1.560.000;;;;;Stürmer;06.11.2025;2;1.520.000;1.560.000;1.610.000;1.600.000;https://www.com-analytics.de/player/33375;;;;;;;;;;;
Gleiber;1. FSV Mainz 05;Mittelfeld;170.000;;;;;Mittelfeld;06.11.2025;N/A;170.000;170.000;170.000;170.000;https://www.com-analytics.de/player/34082;;;;;;;;;;;
Gnabry;FC Bayern München;Stürmer;11.760.000;;;;;Stürmer;06.11.2025;10;11.340.000;11.720.000;12.090.000;11.790.000;https://www.com-analytics.de/player/32696;;;;;;;;;;;
Gocholeishvili;Hamburger SV;Abwehr;1.830.000;;;;;Abwehr;06.11.2025;-8;1.740.000;1.780.000;1.820.000;1.750.000;https://www.com-analytics.de/player/34259;;;;;;;;;;;
Gomis;RB Leipzig;Stürmer;510.000;;;;;Stürmer;06.11.2025;N/A;510.000;510.000;510.000;530.000;https://www.com-analytics.de/player/34116;;;;;;;;;;;
Goretzka;FC Bayern München;Mittelfeld;7.230.000;;;;;Mittelfeld;06.11.2025;6;6.950.000;7.160.000;7.360.000;7.250.000;https://www.com-analytics.de/player/32187;;;;;;;;;;;
Götze;Eintracht Frankfurt;Mittelfeld;3.000.000;;;;;Mittelfeld;06.11.2025;5;2.990.000;3.060.000;3.130.000;3.050.000;https://www.com-analytics.de/player/31572;;;;;;;;;;;
Gouweleeuw;FC Augsburg;Abwehr;1.830.000;;;;;Abwehr;06.11.2025;N/A;1.800.000;1.800.000;1.810.000;1.800.000;https://www.com-analytics.de/player/32549;;;;;;;;;;;
Grabara;VfL Wolfsburg;Torhüter;1.850.000;;;;;Torhüter;06.11.2025;-1;1.800.000;1.860.000;1.930.000;1.790.000;https://www.com-analytics.de/player/33921;;;;;;;;;;;
Grahl;Eintracht Frankfurt;Torhüter;160.000;;;;;Torhüter;06.11.2025;N/A;160.000;160.000;160.000;160.000;https://www.com-analytics.de/player/31458;;;;;;;;;;;
Grifo;Sport-Club Freiburg;Mittelfeld;11.250.000;;;;;Mittelfeld;06.11.2025;7;10.740.000;11.190.000;11.640.000;11.250.000;https://www.com-analytics.de/player/32071;;;;;;;;;;;
Grimaldo;Bayer 04 Leverkusen;Abwehr;12.450.000;;;;;Abwehr;06.11.2025;N/A;12.120.000;12.310.000;12.500.000;14.710.000;https://www.com-analytics.de/player/33771;;;;;;;;;;;
Groß;Borussia Dortmund;Mittelfeld;4.030.000;;;;;Mittelfeld;06.11.2025;6;4.010.000;4.100.000;4.190.000;4.100.000;https://www.com-analytics.de/player/31419;;;;;;;;;;;
Grüll;SV Werder Bremen;Stürmer;5.300.000;;;;;Stürmer;06.11.2025;1;5.110.000;5.280.000;5.460.000;5.350.000;https://www.com-analytics.de/player/33923;;;;;;;;;;;
Gui Ramos;Hamburger SV;Abwehr;380.000;;;;;Abwehr;06.11.2025;N/A;380.000;380.000;380.000;380.000;https://www.com-analytics.de/player/34160;;;;;;;;;;;
Guirassy;Borussia Dortmund;Stürmer;15.300.000;;;;;Stürmer;06.11.2025;9;14.780.000;15.270.000;15.770.000;15.270.000;https://www.com-analytics.de/player/32667;;;;;;;;;;;
Gulácsi;RB Leipzig;Torhüter;2.350.000;;;;;Torhüter;06.11.2025;3;2.240.000;2.340.000;2.430.000;2.360.000;https://www.com-analytics.de/player/32575;;;;;;;;;;;
Günter;Sport-Club Freiburg;Abwehr;1.290.000;;;;;Abwehr;06.11.2025;N/A;1.300.000;1.300.000;1.300.000;1.260.000;https://www.com-analytics.de/player/32019;;;;;;;;;;;
H. Behrens;TSG Hoffenheim;Abwehr;170.000;;;;;Abwehr;06.11.2025;N/A;170.000;170.000;170.000;170.000;https://www.com-analytics.de/player/34106;;;;;;;;;;;
Haberer;1. FC Union Berlin;Mittelfeld;1.180.000;;;;;Mittelfeld;06.11.2025;1;1.210.000;1.210.000;1.210.000;1.170.000;https://www.com-analytics.de/player/32310;;;;;;;;;;;
Hack;Borussia Mönchengladbach;Stürmer;4.660.000;;;;;Stürmer;06.11.2025;N/A;4.690.000;4.760.000;4.830.000;4.600.000;https://www.com-analytics.de/player/32787;;;;;;;;;;;
Haidara;RB Leipzig;Mittelfeld;930.000;;;;;Mittelfeld;06.11.2025;N/A;910.000;920.000;920.000;910.000;https://www.com-analytics.de/player/33023;;;;;;;;;;;
Hajdari;TSG Hoffenheim;Abwehr;2.670.000;;;;;Abwehr;06.11.2025;2;2.640.000;2.720.000;2.810.000;2.670.000;https://www.com-analytics.de/player/34275;;;;;;;;;;;
Hanche-Olsen;1. FSV Mainz 05;Abwehr;1.690.000;;;;;Abwehr;06.11.2025;2;1.700.000;1.720.000;1.740.000;1.650.000;https://www.com-analytics.de/player/33707;;;;;;;;;;;
Hansen-Aarøen;SV Werder Bremen;Mittelfeld;170.000;;;;;Mittelfeld;06.11.2025;N/A;170.000;170.000;170.000;180.000;https://www.com-analytics.de/player/33900;;;;;;;;;;;
Harchaoui;1. FC Köln;Mittelfeld;170.000;;;;;Mittelfeld;06.11.2025;N/A;170.000;170.000;170.000;170.000;https://www.com-analytics.de/player/34138;;;;;;;;;;;
Harder;RB Leipzig;Stürmer;2.560.000;;;;;Stürmer;06.11.2025;0;2.500.000;2.550.000;2.600.000;2.590.000;https://www.com-analytics.de/player/34295;;;;;;;;;;;
Hefti;Hamburger SV;Abwehr;160.000;;;;;Abwehr;06.11.2025;N/A;160.000;160.000;170.000;160.000;https://www.com-analytics.de/player/34151;;;;;;;;;;;
Hein;SV Werder Bremen;Torhüter;560.000;;;;;Torhüter;06.11.2025;N/A;560.000;560.000;560.000;530.000;https://www.com-analytics.de/player/34274;;;;;;;;;;;
Heintz;1. FC Köln;Abwehr;1.340.000;;;;;Abwehr;06.11.2025;2;1.290.000;1.320.000;1.350.000;1.370.000;https://www.com-analytics.de/player/31882;;;;;;;;;;;
Hellstern;VfB Stuttgart;Torhüter;160.000;;;;;Torhüter;06.11.2025;N/A;160.000;160.000;160.000;160.000;https://www.com-analytics.de/player/34260;;;;;;;;;;;
Hendriks;VfB Stuttgart;Abwehr;1.760.000;;;;;Abwehr;06.11.2025;1;1.740.000;1.760.000;1.780.000;1.780.000;https://www.com-analytics.de/player/34001;;;;;;;;;;;
Henrichs;RB Leipzig;Abwehr;770.000;;;;;Abwehr;06.11.2025;N/A;780.000;790.000;790.000;740.000;https://www.com-analytics.de/player/32461;;;;;;;;;;;
Hermann;Hamburger SV;Torhüter;160.000;;;;;Torhüter;06.11.2025;N/A;160.000;160.000;160.000;160.000;https://www.com-analytics.de/player/34145;;;;;;;;;;;
Herrmann;Borussia Mönchengladbach;Stürmer;510.000;;;;;Stürmer;06.11.2025;N/A;510.000;510.000;510.000;520.000;https://www.com-analytics.de/player/33989;;;;;;;;;;;
Heuer Fernandes;Hamburger SV;Torhüter;2.720.000;;;;;Torhüter;06.11.2025;4;2.640.000;2.740.000;2.840.000;2.660.000;https://www.com-analytics.de/player/32629;;;;;;;;;;;
Hložek;TSG Hoffenheim;Stürmer;780.000;;;;;Stürmer;06.11.2025;N/A;750.000;760.000;780.000;730.000;https://www.com-analytics.de/player/33619;;;;;;;;;;;
Höfler;Sport-Club Freiburg;Mittelfeld;330.000;;;;;Mittelfeld;06.11.2025;0;330.000;330.000;330.000;330.000;https://www.com-analytics.de/player/31710;;;;;;;;;;;
Höler;Sport-Club Freiburg;Stürmer;2.870.000;;;;;Stürmer;06.11.2025;3;2.840.000;2.900.000;2.960.000;2.940.000;https://www.com-analytics.de/player/32861;;;;;;;;;;;
Hollerbach;1. FSV Mainz 05;Stürmer;4.060.000;;;;;Stürmer;06.11.2025;5;4.050.000;4.130.000;4.210.000;4.160.000;https://www.com-analytics.de/player/33830;;;;;;;;;;;
Honorat;Borussia Mönchengladbach;Stürmer;8.000.000;;;;;Stürmer;06.11.2025;6;7.690.000;7.940.000;8.200.000;8.150.000;https://www.com-analytics.de/player/33817;;;;;;;;;;;
Honsak;1. FC Heidenheim 1846;Stürmer;2.520.000;;;;;Stürmer;06.11.2025;5;2.520.000;2.560.000;2.610.000;2.570.000;https://www.com-analytics.de/player/33797;;;;;;;;;;;
Hountondji;FC St. Pauli;Stürmer;2.660.000;;;;;Stürmer;06.11.2025;0;2.590.000;2.640.000;2.700.000;2.680.000;https://www.com-analytics.de/player/34229;;;;;;;;;;;
Hranáč;TSG Hoffenheim;Abwehr;2.140.000;;;;;Abwehr;06.11.2025;1;2.060.000;2.110.000;2.160.000;2.160.000;https://www.com-analytics.de/player/34048;;;;;;;;;;;
Hübers;1. FC Köln;Abwehr;1.680.000;;;;;Abwehr;06.11.2025;N/A;1.620.000;1.650.000;1.680.000;1.660.000;https://www.com-analytics.de/player/32744;;;;;;;;;;;
Huseinbašić;1. FC Köln;Mittelfeld;2.130.000;;;;;Mittelfeld;06.11.2025;5;2.090.000;2.160.000;2.220.000;2.230.000;https://www.com-analytics.de/player/33621;;;;;;;;;;;
Huth;Sport-Club Freiburg;Torhüter;160.000;;;;;Torhüter;06.11.2025;N/A;160.000;160.000;160.000;160.000;https://www.com-analytics.de/player/32506;;;;;;;;;;;
Højlund;Eintracht Frankfurt;Mittelfeld;410.000;;;;;Mittelfeld;06.11.2025;N/A;410.000;410.000;410.000;400.000;https://www.com-analytics.de/player/34019;;;;;;;;;;;
I. Schmidt;SV Werder Bremen;Abwehr;1.530.000;;;;;Abwehr;06.11.2025;1;1.520.000;1.540.000;1.560.000;1.560.000;https://www.com-analytics.de/player/34280;;;;;;;;;;;
Ibrahimović;1. FC Heidenheim 1846;Mittelfeld;4.330.000;;;;;Mittelfeld;06.11.2025;7;4.250.000;4.350.000;4.450.000;4.350.000;https://www.com-analytics.de/player/33713;;;;;;;;;;;
Ilić;1. FC Union Berlin;Stürmer;3.170.000;;;;;Stürmer;06.11.2025;3;3.130.000;3.200.000;3.260.000;3.200.000;https://www.com-analytics.de/player/34059;;;;;;;;;;;
Irié;Sport-Club Freiburg;Stürmer;250.000;;;;;Stürmer;06.11.2025;N/A;250.000;250.000;250.000;260.000;https://www.com-analytics.de/player/34183;;;;;;;;;;;
Irvine;FC St. Pauli;Mittelfeld;3.660.000;;;;;Mittelfeld;06.11.2025;1;3.570.000;3.660.000;3.740.000;3.670.000;https://www.com-analytics.de/player/33950;;;;;;;;;;;
Itō;FC Bayern München;Abwehr;2.310.000;;;;;Abwehr;06.11.2025;N/A;2.360.000;2.400.000;2.430.000;2.240.000;https://www.com-analytics.de/player/33496;;;;;;;;;;;
J. Hofmann;Bayer 04 Leverkusen;Mittelfeld;3.880.000;;;;;Mittelfeld;06.11.2025;1;3.740.000;3.830.000;3.920.000;3.860.000;https://www.com-analytics.de/player/32080;;;;;;;;;;;
Jackson;FC Bayern München;Stürmer;7.210.000;;;;;Stürmer;06.11.2025;6;6.930.000;7.160.000;7.390.000;7.040.000;https://www.com-analytics.de/player/34297;;;;;;;;;;;
Jakić;FC Augsburg;Mittelfeld;1.990.000;;;;;Mittelfeld;06.11.2025;N/A;1.970.000;1.970.000;1.980.000;1.970.000;https://www.com-analytics.de/player/33517;;;;;;;;;;;
Jaquez;VfB Stuttgart;Abwehr;3.600.000;;;;;Abwehr;06.11.2025;5;3.570.000;3.630.000;3.680.000;3.630.000;https://www.com-analytics.de/player/34112;;;;;;;;;;;
Jatta;Hamburger SV;Stürmer;180.000;;;;;Stürmer;06.11.2025;N/A;180.000;180.000;190.000;200.000;https://www.com-analytics.de/player/32630;;;;;;;;;;;
Jeltsch;VfB Stuttgart;Abwehr;2.000.000;;;;;Abwehr;06.11.2025;N/A;1.900.000;1.930.000;1.960.000;2.030.000;https://www.com-analytics.de/player/34115;;;;;;;;;;;
Jenz;VfL Wolfsburg;Abwehr;1.580.000;;;;;Abwehr;06.11.2025;N/A;1.550.000;1.580.000;1.600.000;1.530.000;https://www.com-analytics.de/player/33727;;;;;;;;;;;
Jeong;1. FC Union Berlin;Mittelfeld;1.050.000;;;;;Mittelfeld;06.11.2025;N/A;1.050.000;1.050.000;1.050.000;1.060.000;https://www.com-analytics.de/player/33035;;;;;;;;;;;
Jóhannesson;1. FC Köln;Mittelfeld;4.160.000;;;;;Mittelfeld;06.11.2025;4;4.060.000;4.180.000;4.300.000;4.140.000;https://www.com-analytics.de/player/34196;;;;;;;;;;;
Jones;FC St. Pauli;Stürmer;380.000;;;;;Stürmer;06.11.2025;N/A;380.000;380.000;380.000;380.000;https://www.com-analytics.de/player/34204;;;;;;;;;;;
Jovanović;VfB Stuttgart;Stürmer;360.000;;;;;Stürmer;06.11.2025;N/A;360.000;360.000;360.000;360.000;https://www.com-analytics.de/player/34230;;;;;;;;;;;
Juranović;1. FC Union Berlin;Abwehr;600.000;;;;;Abwehr;06.11.2025;N/A;590.000;600.000;600.000;610.000;https://www.com-analytics.de/player/33720;;;;;;;;;;;
K. Müller;1. FC Heidenheim 1846;Torhüter;160.000;;;;;Torhüter;06.11.2025;N/A;160.000;160.000;160.000;160.000;https://www.com-analytics.de/player/32225;;;;;;;;;;;
K. Schlotterbeck;FC Augsburg;Abwehr;1.890.000;;;;;Abwehr;06.11.2025;4;1.890.000;1.910.000;1.940.000;1.910.000;https://www.com-analytics.de/player/32953;;;;;;;;;;;
Kaars;FC St. Pauli;Stürmer;2.510.000;;;;;Stürmer;06.11.2025;2;2.450.000;2.500.000;2.550.000;2.520.000;https://www.com-analytics.de/player/34279;;;;;;;;;;;
Kabak;TSG Hoffenheim;Abwehr;2.320.000;;;;;Abwehr;06.11.2025;2;2.290.000;2.340.000;2.400.000;2.290.000;https://www.com-analytics.de/player/33026;;;;;;;;;;;
Kabar;Borussia Dortmund;Abwehr;180.000;;;;;Abwehr;06.11.2025;N/A;180.000;180.000;180.000;180.000;https://www.com-analytics.de/player/34066;;;;;;;;;;;
Kade;FC Augsburg;Mittelfeld;1.680.000;;;;;Mittelfeld;06.11.2025;2;1.630.000;1.670.000;1.710.000;1.670.000;https://www.com-analytics.de/player/33564;;;;;;;;;;;
Kainz;1. FC Köln;Mittelfeld;2.390.000;;;;;Mittelfeld;06.11.2025;12;2.400.000;2.470.000;2.540.000;2.620.000;https://www.com-analytics.de/player/32636;;;;;;;;;;;
Kamiński;1. FC Köln;Mittelfeld;10.090.000;;;;;Mittelfeld;06.11.2025;14;9.830.000;10.040.000;10.250.000;10.330.000;https://www.com-analytics.de/player/33607;;;;;;;;;;;
Kampl;RB Leipzig;Mittelfeld;360.000;;;;;Mittelfeld;06.11.2025;N/A;360.000;360.000;360.000;360.000;https://www.com-analytics.de/player/31612;;;;;;;;;;;
Kane;FC Bayern München;Stürmer;25.260.000;;;;;Stürmer;06.11.2025;2;24.230.000;25.050.000;25.860.000;25.050.000;https://www.com-analytics.de/player/33838;;;;;;;;;;;
Karazor;VfB Stuttgart;Mittelfeld;3.110.000;;;;;Mittelfeld;06.11.2025;4;3.050.000;3.120.000;3.190.000;3.120.000;https://www.com-analytics.de/player/33085;;;;;;;;;;;
Karl;FC Bayern München;Mittelfeld;8.830.000;;;;;Mittelfeld;06.11.2025;5;8.450.000;8.710.000;8.960.000;8.990.000;https://www.com-analytics.de/player/34206;;;;;;;;;;;
Katterbach;Hamburger SV;Abwehr;180.000;;;;;Abwehr;06.11.2025;N/A;180.000;180.000;180.000;180.000;https://www.com-analytics.de/player/33053;;;;;;;;;;;
Kauã Santos;Eintracht Frankfurt;Torhüter;650.000;;;;;Torhüter;06.11.2025;N/A;650.000;650.000;650.000;630.000;https://www.com-analytics.de/player/33855;;;;;;;;;;;
Kaufmann;1. FC Heidenheim 1846;Stürmer;1.620.000;;;;;Stürmer;06.11.2025;N/A;1.600.000;1.610.000;1.610.000;1.650.000;https://www.com-analytics.de/player/33791;;;;;;;;;;;
Kawasaki;1. FSV Mainz 05;Mittelfeld;300.000;;;;;Mittelfeld;06.11.2025;N/A;300.000;300.000;300.000;320.000;https://www.com-analytics.de/player/34231;;;;;;;;;;;
Keitel;VfB Stuttgart;Mittelfeld;180.000;;;;;Mittelfeld;06.11.2025;N/A;180.000;180.000;180.000;170.000;https://www.com-analytics.de/player/33211;;;;;;;;;;;
Keller;1. FC Heidenheim 1846;Abwehr;160.000;;;;;Abwehr;06.11.2025;N/A;160.000;160.000;160.000;160.000;https://www.com-analytics.de/player/33272;;;;;;;;;;;
Kemlein;1. FC Union Berlin;Mittelfeld;2.210.000;;;;;Mittelfeld;06.11.2025;4;2.150.000;2.200.000;2.250.000;2.290.000;https://www.com-analytics.de/player/33821;;;;;;;;;;;
Kerber;1. FC Heidenheim 1846;Mittelfeld;550.000;;;;;Mittelfeld;06.11.2025;N/A;550.000;550.000;550.000;560.000;https://www.com-analytics.de/player/33925;;;;;;;;;;;
Khedira;1. FC Union Berlin;Mittelfeld;2.840.000;;;;;Mittelfeld;06.11.2025;3;2.770.000;2.830.000;2.900.000;2.890.000;https://www.com-analytics.de/player/32073;;;;;;;;;;;
Kiala;FC Bayern München;Abwehr;300.000;;;;;Abwehr;06.11.2025;N/A;300.000;300.000;300.000;300.000;https://www.com-analytics.de/player/34205;;;;;;;;;;;
Kilian;1. FC Köln;Abwehr;160.000;;;;;Abwehr;06.11.2025;N/A;160.000;160.000;170.000;170.000;https://www.com-analytics.de/player/33105;;;;;;;;;;;
Kim;FC Bayern München;Abwehr;4.120.000;;;;;Abwehr;06.11.2025;6;3.990.000;4.140.000;4.290.000;4.200.000;https://www.com-analytics.de/player/33823;;;;;;;;;;;
Kimmich;FC Bayern München;Mittelfeld;15.600.000;;;;;Mittelfeld;06.11.2025;6;14.640.000;15.260.000;15.890.000;15.560.000;https://www.com-analytics.de/player/32445;;;;;;;;;;;
Klanac;FC Bayern München;Torhüter;160.000;;;;;Torhüter;06.11.2025;N/A;160.000;160.000;160.000;160.000;https://www.com-analytics.de/player/34101;;;;;;;;;;;
Klaus;1. FC Union Berlin;Torhüter;160.000;;;;;Torhüter;06.11.2025;N/A;160.000;160.000;160.000;160.000;https://www.com-analytics.de/player/34032;;;;;;;;;;;
Kleindienst;Borussia Mönchengladbach;Stürmer;7.780.000;;;;;Stürmer;06.11.2025;N/A;7.820.000;7.940.000;8.060.000;7.880.000;https://www.com-analytics.de/player/32599;;;;;;;;;;;
Klostermann;RB Leipzig;Abwehr;650.000;;;;;Abwehr;06.11.2025;2;660.000;670.000;680.000;670.000;https://www.com-analytics.de/player/32581;;;;;;;;;;;
Knauff;Eintracht Frankfurt;Mittelfeld;5.760.000;;;;;Mittelfeld;06.11.2025;4;5.540.000;5.700.000;5.870.000;5.850.000;https://www.com-analytics.de/player/33383;;;;;;;;;;;
Köbbing;1. FC Köln;Torhüter;160.000;;;;;Torhüter;06.11.2025;N/A;160.000;160.000;160.000;160.000;https://www.com-analytics.de/player/33495;;;;;;;;;;;
Kobel;Borussia Dortmund;Torhüter;2.250.000;;;;;Torhüter;06.11.2025;3;2.210.000;2.300.000;2.390.000;2.300.000;https://www.com-analytics.de/player/32638;;;;;;;;;;;
Koch;Eintracht Frankfurt;Abwehr;5.280.000;;;;;Abwehr;06.11.2025;7;5.090.000;5.280.000;5.480.000;5.290.000;https://www.com-analytics.de/player/32836;;;;;;;;;;;
Kofane;Bayer 04 Leverkusen;Stürmer;6.800.000;;;;;Stürmer;06.11.2025;4;6.580.000;6.790.000;7.010.000;6.710.000;https://www.com-analytics.de/player/34234;;;;;;;;;;;
Köhn;1. FC Union Berlin;Abwehr;1.170.000;;;;;Abwehr;06.11.2025;2;1.160.000;1.170.000;1.190.000;1.150.000;https://www.com-analytics.de/player/34061;;;;;;;;;;;
Kohr;1. FSV Mainz 05;Abwehr;2.430.000;;;;;Abwehr;06.11.2025;4;2.380.000;2.410.000;2.440.000;2.460.000;https://www.com-analytics.de/player/31959;;;;;;;;;;;
Kolke;SV Werder Bremen;Torhüter;160.000;;;;;Torhüter;06.11.2025;N/A;160.000;160.000;160.000;160.000;https://www.com-analytics.de/player/33986;;;;;;;;;;;
Kölle;1. FC Heidenheim 1846;Abwehr;530.000;;;;;Abwehr;06.11.2025;0;530.000;540.000;550.000;530.000;https://www.com-analytics.de/player/34193;;;;;;;;;;;
Kömür;FC Augsburg;Mittelfeld;5.150.000;;;;;Mittelfeld;06.11.2025;1;4.870.000;5.020.000;5.170.000;5.020.000;https://www.com-analytics.de/player/33736;;;;;;;;;;;
Königsdörffer;Hamburger SV;Stürmer;2.300.000;;;;;Stürmer;06.11.2025;1;2.210.000;2.270.000;2.340.000;2.260.000;https://www.com-analytics.de/player/34158;;;;;;;;;;;
Koulierakis;VfL Wolfsburg;Abwehr;3.120.000;;;;;Abwehr;06.11.2025;4;3.060.000;3.160.000;3.260.000;3.110.000;https://www.com-analytics.de/player/34044;;;;;;;;;;;
Král;1. FC Union Berlin;Mittelfeld;660.000;;;;;Mittelfeld;06.11.2025;1;670.000;670.000;670.000;720.000;https://www.com-analytics.de/player/33656;;;;;;;;;;;
Kramarić;TSG Hoffenheim;Mittelfeld;12.580.000;;;;;Mittelfeld;06.11.2025;7;12.170.000;12.430.000;12.690.000;12.250.000;https://www.com-analytics.de/player/32553;;;;;;;;;;;
Krauß;1. FC Köln;Mittelfeld;1.660.000;;;;;Mittelfeld;06.11.2025;2;1.600.000;1.650.000;1.700.000;1.700.000;https://www.com-analytics.de/player/33130;;;;;;;;;;;
Kristensen;Eintracht Frankfurt;Abwehr;8.040.000;;;;;Abwehr;06.11.2025;12;7.670.000;7.960.000;8.260.000;8.170.000;https://www.com-analytics.de/player/34025;;;;;;;;;;;
Kübler;Sport-Club Freiburg;Abwehr;1.980.000;;;;;Abwehr;06.11.2025;2;1.960.000;1.990.000;2.020.000;1.950.000;https://www.com-analytics.de/player/32597;;;;;;;;;;;
Kücüksahin;FC Augsburg;Mittelfeld;160.000;;;;;Mittelfeld;06.11.2025;N/A;160.000;160.000;160.000;160.000;https://www.com-analytics.de/player/33914;;;;;;;;;;;
Kujović;1. FC Köln;Mittelfeld;170.000;;;;;Mittelfeld;06.11.2025;N/A;170.000;170.000;180.000;170.000;https://www.com-analytics.de/player/34225;;;;;;;;;;;
Kumbedi;VfL Wolfsburg;Abwehr;1.820.000;;;;;Abwehr;06.11.2025;2;1.780.000;1.820.000;1.870.000;1.890.000;https://www.com-analytics.de/player/34281;;;;;;;;;;;
Kyereh;Sport-Club Freiburg;Mittelfeld;160.000;;;;;Mittelfeld;06.11.2025;N/A;160.000;160.000;160.000;170.000;https://www.com-analytics.de/player/33637;;;;;;;;;;;
L. Philipp;TSG Hoffenheim;Torhüter;160.000;;;;;Torhüter;06.11.2025;N/A;160.000;160.000;160.000;160.000;https://www.com-analytics.de/player/33313;;;;;;;;;;;
L. Vušković;Hamburger SV;Abwehr;7.980.000;;;;;Abwehr;06.11.2025;6;7.760.000;7.990.000;8.230.000;8.080.000;https://www.com-analytics.de/player/34282;;;;;;;;;;;
Labrović;FC Augsburg;Torhüter;170.000;;;;;Torhüter;06.11.2025;N/A;170.000;170.000;170.000;170.000;https://www.com-analytics.de/player/33990;;;;;;;;;;;
Laimer;FC Bayern München;Abwehr;6.940.000;;;;;Abwehr;06.11.2025;6;6.730.000;6.980.000;7.230.000;7.010.000;https://www.com-analytics.de/player/32800;;;;;;;;;;;
Larsson;Eintracht Frankfurt;Mittelfeld;2.960.000;;;;;Mittelfeld;06.11.2025;7;2.950.000;3.020.000;3.090.000;3.090.000;https://www.com-analytics.de/player/33782;;;;;;;;;;;
Lee;1. FSV Mainz 05;Mittelfeld;5.270.000;;;;;Mittelfeld;06.11.2025;4;5.110.000;5.260.000;5.410.000;5.190.000;https://www.com-analytics.de/player/33477;;;;;;;;;;;
Leitsch;1. FSV Mainz 05;Abwehr;320.000;;;;;Abwehr;06.11.2025;N/A;320.000;320.000;320.000;320.000;https://www.com-analytics.de/player/33417;;;;;;;;;;;
Lemperle;TSG Hoffenheim;Stürmer;6.030.000;;;;;Stürmer;06.11.2025;1;5.640.000;5.830.000;6.010.000;5.910.000;https://www.com-analytics.de/player/33270;;;;;;;;;;;
Leweling;VfB Stuttgart;Mittelfeld;5.820.000;;;;;Mittelfeld;06.11.2025;1;5.650.000;5.820.000;5.990.000;5.820.000;https://www.com-analytics.de/player/33411;;;;;;;;;;;
Lienhart;Sport-Club Freiburg;Abwehr;2.740.000;;;;;Abwehr;06.11.2025;N/A;2.730.000;2.770.000;2.810.000;2.740.000;https://www.com-analytics.de/player/32807;;;;;;;;;;;
Lindstrøm;VfL Wolfsburg;Mittelfeld;1.580.000;;;;;Mittelfeld;06.11.2025;N/A;1.570.000;1.590.000;1.620.000;1.570.000;https://www.com-analytics.de/player/33480;;;;;;;;;;;
Ljubičić;1. FC Union Berlin;Stürmer;170.000;;;;;Stürmer;06.11.2025;N/A;170.000;170.000;170.000;170.000;https://www.com-analytics.de/player/34111;;;;;;;;;;;
Lomb;Bayer 04 Leverkusen;Torhüter;160.000;;;;;Torhüter;06.11.2025;N/A;160.000;160.000;160.000;160.000;https://www.com-analytics.de/player/32007;;;;;;;;;;;
Lucas Vázquez;Bayer 04 Leverkusen;Abwehr;2.900.000;;;;;Abwehr;06.11.2025;N/A;2.810.000;2.850.000;2.900.000;2.860.000;https://www.com-analytics.de/player/34277;;;;;;;;;;;
Luis Díaz;FC Bayern München;Stürmer;19.830.000;;;;;Stürmer;06.11.2025;5;19.170.000;19.810.000;20.450.000;19.700.000;https://www.com-analytics.de/player/34254;;;;;;;;;;;
Lukeba;RB Leipzig;Abwehr;6.840.000;;;;;Abwehr;06.11.2025;5;6.590.000;6.840.000;7.090.000;6.860.000;https://www.com-analytics.de/player/33837;;;;;;;;;;;
Lund;1. FC Köln;Abwehr;2.210.000;;;;;Abwehr;06.11.2025;5;2.230.000;2.280.000;2.330.000;2.340.000;https://www.com-analytics.de/player/34256;;;;;;;;;;;
Lynen;SV Werder Bremen;Mittelfeld;2.750.000;;;;;Mittelfeld;06.11.2025;5;2.690.000;2.760.000;2.820.000;2.770.000;https://www.com-analytics.de/player/33835;;;;;;;;;;;
M. Eggestein;Sport-Club Freiburg;Mittelfeld;5.410.000;;;;;Mittelfeld;06.11.2025;6;5.260.000;5.420.000;5.570.000;5.420.000;https://www.com-analytics.de/player/32398;;;;;;;;;;;
M. El Mala;1. FC Köln;Stürmer;510.000;;;;;Stürmer;06.11.2025;N/A;500.000;500.000;510.000;500.000;https://www.com-analytics.de/player/34141;;;;;;;;;;;
M. Philipp;Sport-Club Freiburg;Stürmer;170.000;;;;;Stürmer;06.11.2025;N/A;170.000;170.000;170.000;170.000;https://www.com-analytics.de/player/32269;;;;;;;;;;;
M. Wolf;FC Augsburg;Abwehr;1.140.000;;;;;Abwehr;06.11.2025;N/A;1.120.000;1.120.000;1.130.000;1.120.000;https://www.com-analytics.de/player/32546;;;;;;;;;;;
Ma. Müller;VfL Wolfsburg;Torhüter;160.000;;;;;Torhüter;06.11.2025;N/A;160.000;160.000;160.000;160.000;https://www.com-analytics.de/player/31930;;;;;;;;;;;
Machida;TSG Hoffenheim;Abwehr;270.000;;;;;Abwehr;06.11.2025;N/A;270.000;270.000;280.000;280.000;https://www.com-analytics.de/player/34213;;;;;;;;;;;
Machino;Borussia Mönchengladbach;Stürmer;4.330.000;;;;;Stürmer;06.11.2025;8;4.300.000;4.380.000;4.470.000;4.490.000;https://www.com-analytics.de/player/33938;;;;;;;;;;;
Maier;FC Augsburg;Mittelfeld;190.000;;;;;Mittelfeld;06.11.2025;N/A;190.000;190.000;190.000;190.000;https://www.com-analytics.de/player/32738;;;;;;;;;;;
Maina;1. FC Köln;Mittelfeld;1.860.000;;;;;Mittelfeld;06.11.2025;3;1.790.000;1.840.000;1.900.000;1.940.000;https://www.com-analytics.de/player/32881;;;;;;;;;;;
Mainka;1. FC Heidenheim 1846;Abwehr;5.010.000;;;;;Abwehr;06.11.2025;7;4.780.000;4.960.000;5.150.000;5.020.000;https://www.com-analytics.de/player/33273;;;;;;;;;;;
Majer;VfL Wolfsburg;Mittelfeld;2.550.000;;;;;Mittelfeld;06.11.2025;3;2.490.000;2.570.000;2.640.000;2.550.000;https://www.com-analytics.de/player/33844;;;;;;;;;;;
Makengo;Sport-Club Freiburg;Abwehr;1.700.000;;;;;Abwehr;06.11.2025;3;1.690.000;1.720.000;1.740.000;1.730.000;https://www.com-analytics.de/player/33829;;;;;;;;;;;
Maksimović;RB Leipzig;Mittelfeld;1.000.000;;;;;Mittelfeld;06.11.2025;N/A;980.000;980.000;990.000;1.010.000;https://www.com-analytics.de/player/34238;;;;;;;;;;;
Malatini;SV Werder Bremen;Abwehr;250.000;;;;;Abwehr;06.11.2025;N/A;250.000;250.000;250.000;260.000;https://www.com-analytics.de/player/33882;;;;;;;;;;;
Maloney;1. FSV Mainz 05;Mittelfeld;1.280.000;;;;;Mittelfeld;06.11.2025;2;1.350.000;1.350.000;1.350.000;1.290.000;https://www.com-analytics.de/player/33093;;;;;;;;;;;
Mané;Borussia Dortmund;Abwehr;310.000;;;;;Abwehr;06.11.2025;N/A;310.000;310.000;310.000;310.000;https://www.com-analytics.de/player/34084;;;;;;;;;;;
Manzambi;Sport-Club Freiburg;Mittelfeld;6.580.000;;;;;Mittelfeld;06.11.2025;6;6.370.000;6.560.000;6.750.000;6.620.000;https://www.com-analytics.de/player/34022;;;;;;;;;;;
Markgraf;1. FC Union Berlin;Abwehr;180.000;;;;;Abwehr;06.11.2025;N/A;180.000;180.000;180.000;180.000;https://www.com-analytics.de/player/34214;;;;;;;;;;;
Martel;1. FC Köln;Mittelfeld;4.510.000;;;;;Mittelfeld;06.11.2025;2;4.370.000;4.500.000;4.640.000;4.370.000;https://www.com-analytics.de/player/33356;;;;;;;;;;;
Masanka Bungi;RB Leipzig;Mittelfeld;160.000;;;;;Mittelfeld;06.11.2025;N/A;160.000;160.000;160.000;160.000;https://www.com-analytics.de/player/34119;;;;;;;;;;;
Massengo;FC Augsburg;Mittelfeld;2.690.000;;;;;Mittelfeld;06.11.2025;1;2.600.000;2.660.000;2.720.000;2.660.000;https://www.com-analytics.de/player/34236;;;;;;;;;;;
Matanović;Sport-Club Freiburg;Stürmer;4.190.000;;;;;Stürmer;06.11.2025;3;4.200.000;4.280.000;4.360.000;4.220.000;https://www.com-analytics.de/player/33783;;;;;;;;;;;
Matsima;FC Augsburg;Abwehr;3.770.000;;;;;Abwehr;06.11.2025;6;3.750.000;3.810.000;3.870.000;3.810.000;https://www.com-analytics.de/player/34057;;;;;;;;;;;
Maza;Bayer 04 Leverkusen;Mittelfeld;3.630.000;;;;;Mittelfeld;06.11.2025;4;3.560.000;3.640.000;3.720.000;3.700.000;https://www.com-analytics.de/player/33744;;;;;;;;;;;
Mbangula;SV Werder Bremen;Stürmer;5.300.000;;;;;Stürmer;06.11.2025;1;5.110.000;5.280.000;5.450.000;5.350.000;https://www.com-analytics.de/player/34243;;;;;;;;;;;
Meffert;Hamburger SV;Mittelfeld;360.000;;;;;Mittelfeld;06.11.2025;N/A;360.000;360.000;370.000;380.000;https://www.com-analytics.de/player/32183;;;;;;;;;;;
Meiser;FC Augsburg;Abwehr;180.000;;;;;Abwehr;06.11.2025;N/A;180.000;180.000;180.000;180.000;https://www.com-analytics.de/player/34248;;;;;;;;;;;
Metcalfe;FC St. Pauli;Mittelfeld;760.000;;;;;Mittelfeld;06.11.2025;3;770.000;770.000;770.000;790.000;https://www.com-analytics.de/player/33951;;;;;;;;;;;
Mets;FC St. Pauli;Abwehr;1.680.000;;;;;Abwehr;06.11.2025;-1;1.650.000;1.680.000;1.700.000;1.660.000;https://www.com-analytics.de/player/33945;;;;;;;;;;;
Meyer;Borussia Dortmund;Torhüter;160.000;;;;;Torhüter;06.11.2025;N/A;160.000;160.000;160.000;160.000;https://www.com-analytics.de/player/32841;;;;;;;;;;;
Mike;FC Bayern München;Stürmer;910.000;;;;;Stürmer;06.11.2025;N/A;910.000;910.000;920.000;910.000;https://www.com-analytics.de/player/34261;;;;;;;;;;;
Mikelbrencis;Hamburger SV;Abwehr;1.360.000;;;;;Abwehr;06.11.2025;0;1.340.000;1.370.000;1.400.000;1.310.000;https://www.com-analytics.de/player/34150;;;;;;;;;;;
Mittelstädt;VfB Stuttgart;Abwehr;8.260.000;;;;;Abwehr;06.11.2025;2;7.910.000;8.210.000;8.510.000;8.220.000;https://www.com-analytics.de/player/32509;;;;;;;;;;;
Moerstedt;TSG Hoffenheim;Stürmer;1.500.000;;;;;Stürmer;06.11.2025;2;1.450.000;1.500.000;1.540.000;1.530.000;https://www.com-analytics.de/player/33885;;;;;;;;;;;
Mohya;Borussia Mönchengladbach;Mittelfeld;1.000.000;;;;;Mittelfeld;06.11.2025;N/A;990.000;990.000;990.000;1.020.000;https://www.com-analytics.de/player/34270;;;;;;;;;;;
Mokwa;TSG Hoffenheim;Stürmer;170.000;;;;;Stürmer;06.11.2025;N/A;170.000;170.000;180.000;170.000;https://www.com-analytics.de/player/34090;;;;;;;;;;;
Muheim;Hamburger SV;Abwehr;3.640.000;;;;;Abwehr;06.11.2025;2;3.540.000;3.650.000;3.770.000;3.650.000;https://www.com-analytics.de/player/34148;;;;;;;;;;;
Musah;SV Werder Bremen;Stürmer;170.000;;;;;Stürmer;06.11.2025;N/A;170.000;170.000;170.000;170.000;https://www.com-analytics.de/player/34244;;;;;;;;;;;
Musiala;FC Bayern München;Mittelfeld;12.720.000;;;;;Mittelfeld;06.11.2025;N/A;12.820.000;13.010.000;13.200.000;12.570.000;https://www.com-analytics.de/player/33236;;;;;;;;;;;
Mwene;1. FSV Mainz 05;Abwehr;2.100.000;;;;;Abwehr;06.11.2025;7;2.100.000;2.120.000;2.150.000;2.200.000;https://www.com-analytics.de/player/32178;;;;;;;;;;;
Mæhle;VfL Wolfsburg;Abwehr;1.090.000;;;;;Abwehr;06.11.2025;N/A;1.050.000;1.070.000;1.080.000;1.060.000;https://www.com-analytics.de/player/33839;;;;;;;;;;;
N. Banks;FC Augsburg;Abwehr;2.040.000;;;;;Abwehr;06.11.2025;4;2.030.000;2.050.000;2.080.000;2.050.000;https://www.com-analytics.de/player/34017;;;;;;;;;;;
N. Collins;Eintracht Frankfurt;Abwehr;2.020.000;;;;;Abwehr;06.11.2025;3;2.030.000;2.060.000;2.080.000;2.060.000;https://www.com-analytics.de/player/33836;;;;;;;;;;;
N. Schlotterbeck;Borussia Dortmund;Abwehr;9.060.000;;;;;Abwehr;06.11.2025;N/A;9.010.000;9.150.000;9.280.000;9.150.000;https://www.com-analytics.de/player/33038;;;;;;;;;;;
N. Schmidt;FC St. Pauli;Mittelfeld;170.000;;;;;Mittelfeld;06.11.2025;N/A;170.000;170.000;170.000;170.000;https://www.com-analytics.de/player/34300;;;;;;;;;;;
Nartey;VfB Stuttgart;Mittelfeld;2.070.000;;;;;Mittelfeld;06.11.2025;2;2.010.000;2.060.000;2.110.000;2.070.000;https://www.com-analytics.de/player/32830;;;;;;;;;;;
Nebel;1. FSV Mainz 05;Mittelfeld;5.770.000;;;;;Mittelfeld;06.11.2025;3;5.580.000;5.750.000;5.910.000;5.810.000;https://www.com-analytics.de/player/33296;;;;;;;;;;;
Nedeljković;RB Leipzig;Abwehr;520.000;;;;;Abwehr;06.11.2025;N/A;520.000;520.000;520.000;510.000;https://www.com-analytics.de/player/34113;;;;;;;;;;;
Netz;Borussia Mönchengladbach;Abwehr;1.450.000;;;;;Abwehr;06.11.2025;N/A;1.420.000;1.430.000;1.430.000;1.410.000;https://www.com-analytics.de/player/33319;;;;;;;;;;;
Neuer;FC Bayern München;Torhüter;1.440.000;;;;;Torhüter;06.11.2025;3;1.410.000;1.470.000;1.520.000;1.450.000;https://www.com-analytics.de/player/30755;;;;;;;;;;;
Neuhaus;Borussia Mönchengladbach;Mittelfeld;3.020.000;;;;;Mittelfeld;06.11.2025;7;3.010.000;3.080.000;3.150.000;3.150.000;https://www.com-analytics.de/player/32931;;;;;;;;;;;
Ngankam;Eintracht Frankfurt;Stürmer;220.000;;;;;Stürmer;06.11.2025;N/A;220.000;220.000;220.000;230.000;https://www.com-analytics.de/player/33214;;;;;;;;;;;
Ngoumou;Borussia Mönchengladbach;Stürmer;340.000;;;;;Stürmer;06.11.2025;N/A;340.000;340.000;340.000;330.000;https://www.com-analytics.de/player/33681;;;;;;;;;;;
Nicolas;Borussia Mönchengladbach;Torhüter;1.940.000;;;;;Torhüter;06.11.2025;8;1.870.000;1.950.000;2.030.000;1.950.000;https://www.com-analytics.de/player/32654;;;;;;;;;;;
Niehues;1. FC Heidenheim 1846;Mittelfeld;1.720.000;;;;;Mittelfeld;06.11.2025;3;1.680.000;1.720.000;1.760.000;1.750.000;https://www.com-analytics.de/player/33924;;;;;;;;;;;
Njinmah;SV Werder Bremen;Stürmer;2.880.000;;;;;Stürmer;06.11.2025;1;2.860.000;2.910.000;2.970.000;2.910.000;https://www.com-analytics.de/player/33687;;;;;;;;;;;
Nordin;1. FSV Mainz 05;Mittelfeld;1.700.000;;;;;Mittelfeld;06.11.2025;0;1.640.000;1.680.000;1.720.000;1.680.000;https://www.com-analytics.de/player/34098;;;;;;;;;;;
Nsoki;1. FC Union Berlin;Abwehr;300.000;;;;;Abwehr;06.11.2025;N/A;300.000;300.000;300.000;300.000;https://www.com-analytics.de/player/33669;;;;;;;;;;;
Nübel;VfB Stuttgart;Torhüter;3.210.000;;;;;Torhüter;06.11.2025;5;2.970.000;3.100.000;3.230.000;3.200.000;https://www.com-analytics.de/player/32290;;;;;;;;;;;
Nusa;RB Leipzig;Stürmer;10.620.000;;;;;Stürmer;06.11.2025;5;10.240.000;10.590.000;10.930.000;10.820.000;https://www.com-analytics.de/player/34039;;;;;;;;;;;
Ogbemudia;1. FC Union Berlin;Abwehr;160.000;;;;;Abwehr;06.11.2025;N/A;160.000;160.000;160.000;160.000;https://www.com-analytics.de/player/34038;;;;;;;;;;;
Ogbus;Sport-Club Freiburg;Abwehr;160.000;;;;;Abwehr;06.11.2025;N/A;160.000;160.000;160.000;160.000;https://www.com-analytics.de/player/34021;;;;;;;;;;;
Olise;FC Bayern München;Stürmer;22.400.000;;;;;Stürmer;06.11.2025;2;21.400.000;22.130.000;22.850.000;22.130.000;https://www.com-analytics.de/player/34014;;;;;;;;;;;
Omari;Hamburger SV;Abwehr;540.000;;;;;Abwehr;06.11.2025;N/A;520.000;530.000;540.000;550.000;https://www.com-analytics.de/player/34258;;;;;;;;;;;
Omlin;Borussia Mönchengladbach;Torhüter;220.000;;;;;Torhüter;06.11.2025;N/A;220.000;220.000;220.000;230.000;https://www.com-analytics.de/player/33716;;;;;;;;;;;
Oppie;FC St. Pauli;Abwehr;2.160.000;;;;;Abwehr;06.11.2025;2;2.120.000;2.150.000;2.180.000;2.150.000;https://www.com-analytics.de/player/34235;;;;;;;;;;;
Osterhage;Sport-Club Freiburg;Mittelfeld;1.380.000;;;;;Mittelfeld;06.11.2025;N/A;1.350.000;1.350.000;1.350.000;1.380.000;https://www.com-analytics.de/player/33156;;;;;;;;;;;
Ostrzinski;Borussia Dortmund;Torhüter;160.000;;;;;Torhüter;06.11.2025;N/A;160.000;160.000;160.000;160.000;https://www.com-analytics.de/player/33539;;;;;;;;;;;
Ouédraogo;RB Leipzig;Mittelfeld;9.060.000;;;;;Mittelfeld;06.11.2025;5;8.640.000;9.000.000;9.360.000;9.010.000;https://www.com-analytics.de/player/33991;;;;;;;;;;;
Özcan;Borussia Dortmund;Mittelfeld;420.000;;;;;Mittelfeld;06.11.2025;N/A;420.000;420.000;420.000;420.000;https://www.com-analytics.de/player/32677;;;;;;;;;;;
Özkacar;1. FC Köln;Abwehr;1.590.000;;;;;Abwehr;06.11.2025;6;1.620.000;1.660.000;1.690.000;1.730.000;https://www.com-analytics.de/player/34263;;;;;;;;;;;
Paçarada;1. FC Heidenheim 1846;Abwehr;240.000;;;;;Abwehr;06.11.2025;N/A;240.000;240.000;240.000;250.000;https://www.com-analytics.de/player/33779;;;;;;;;;;;
Palacios;Bayer 04 Leverkusen;Mittelfeld;1.480.000;;;;;Mittelfeld;06.11.2025;N/A;1.470.000;1.470.000;1.470.000;1.480.000;https://www.com-analytics.de/player/33189;;;;;;;;;;;
Paredes;VfL Wolfsburg;Mittelfeld;180.000;;;;;Mittelfeld;06.11.2025;N/A;180.000;180.000;180.000;180.000;https://www.com-analytics.de/player/33553;;;;;;;;;;;
Pavlović;FC Bayern München;Mittelfeld;6.940.000;;;;;Mittelfeld;06.11.2025;3;6.660.000;6.860.000;7.060.000;6.920.000;https://www.com-analytics.de/player/33854;;;;;;;;;;;
Pedersen;FC Augsburg;Abwehr;170.000;;;;;Abwehr;06.11.2025;N/A;170.000;170.000;170.000;170.000;https://www.com-analytics.de/player/33134;;;;;;;;;;;
Pejčinović;VfL Wolfsburg;Stürmer;1.260.000;;;;;Stürmer;06.11.2025;0;1.230.000;1.250.000;1.270.000;1.220.000;https://www.com-analytics.de/player/33657;;;;;;;;;;;
Pereira Cardoso;Borussia Mönchengladbach;Torhüter;160.000;;;;;Torhüter;06.11.2025;N/A;160.000;160.000;160.000;160.000;https://www.com-analytics.de/player/34122;;;;;;;;;;;
Pereira Lage;FC St. Pauli;Stürmer;2.250.000;;;;;Stürmer;06.11.2025;3;2.210.000;2.260.000;2.300.000;2.280.000;https://www.com-analytics.de/player/34209;;;;;;;;;;;
Peretz;Hamburger SV;Torhüter;200.000;;;;;Torhüter;06.11.2025;N/A;200.000;200.000;210.000;200.000;https://www.com-analytics.de/player/33852;;;;;;;;;;;
Pervan;VfL Wolfsburg;Torhüter;160.000;;;;;Torhüter;06.11.2025;N/A;160.000;160.000;160.000;160.000;https://www.com-analytics.de/player/32949;;;;;;;;;;;
Petersson;TSG Hoffenheim;Torhüter;160.000;;;;;Torhüter;06.11.2025;N/A;160.000;160.000;160.000;160.000;https://www.com-analytics.de/player/33913;;;;;;;;;;;
Pherai;Hamburger SV;Mittelfeld;600.000;;;;;Mittelfeld;06.11.2025;-8;580.000;590.000;600.000;590.000;https://www.com-analytics.de/player/33254;;;;;;;;;;;
Philippe;Hamburger SV;Stürmer;4.880.000;;;;;Stürmer;06.11.2025;2;4.760.000;4.910.000;5.060.000;4.940.000;https://www.com-analytics.de/player/34216;;;;;;;;;;;
Pieper;SV Werder Bremen;Abwehr;4.270.000;;;;;Abwehr;06.11.2025;7;4.150.000;4.300.000;4.460.000;4.340.000;https://www.com-analytics.de/player/33224;;;;;;;;;;;
Pieringer;1. FC Heidenheim 1846;Stürmer;2.710.000;;;;;Stürmer;06.11.2025;1;2.680.000;2.730.000;2.780.000;2.690.000;https://www.com-analytics.de/player/33600;;;;;;;;;;;
Poku;Bayer 04 Leverkusen;Mittelfeld;9.790.000;;;;;Mittelfeld;06.11.2025;1;9.530.000;9.920.000;10.310.000;9.690.000;https://www.com-analytics.de/player/34264;;;;;;;;;;;
Poulsen;Hamburger SV;Stürmer;2.220.000;;;;;Stürmer;06.11.2025;2;2.140.000;2.200.000;2.270.000;2.210.000;https://www.com-analytics.de/player/32591;;;;;;;;;;;
Prass;TSG Hoffenheim;Abwehr;720.000;;;;;Abwehr;06.11.2025;2;730.000;740.000;750.000;740.000;https://www.com-analytics.de/player/34034;;;;;;;;;;;
Preu;1. FC Union Berlin;Mittelfeld;170.000;;;;;Mittelfeld;06.11.2025;N/A;170.000;170.000;170.000;170.000;https://www.com-analytics.de/player/34011;;;;;;;;;;;
Prömel;TSG Hoffenheim;Mittelfeld;4.380.000;;;;;Mittelfeld;06.11.2025;12;4.430.000;4.560.000;4.680.000;4.680.000;https://www.com-analytics.de/player/32492;;;;;;;;;;;
Puertas;SV Werder Bremen;Mittelfeld;2.860.000;;;;;Mittelfeld;06.11.2025;5;2.790.000;2.860.000;2.930.000;2.880.000;https://www.com-analytics.de/player/34298;;;;;;;;;;;
Pyrka;FC St. Pauli;Abwehr;910.000;;;;;Abwehr;06.11.2025;N/A;900.000;910.000;910.000;890.000;https://www.com-analytics.de/player/34189;;;;;;;;;;;
Quansah;Bayer 04 Leverkusen;Abwehr;5.370.000;;;;;Abwehr;06.11.2025;1;5.130.000;5.330.000;5.520.000;5.380.000;https://www.com-analytics.de/player/34217;;;;;;;;;;;
Querfeld;1. FC Union Berlin;Abwehr;3.750.000;;;;;Abwehr;06.11.2025;7;3.700.000;3.750.000;3.810.000;3.830.000;https://www.com-analytics.de/player/33995;;;;;;;;;;;
Raab;1. FC Union Berlin;Torhüter;170.000;;;;;Torhüter;06.11.2025;N/A;170.000;170.000;170.000;170.000;https://www.com-analytics.de/player/34144;;;;;;;;;;;
Ramaj;1. FC Heidenheim 1846;Torhüter;2.690.000;;;;;Torhüter;06.11.2025;4;2.560.000;2.670.000;2.780.000;2.640.000;https://www.com-analytics.de/player/33440;;;;;;;;;;;
Ranos;Borussia Mönchengladbach;Stürmer;920.000;;;;;Stürmer;06.11.2025;N/A;910.000;910.000;910.000;930.000;https://www.com-analytics.de/player/33777;;;;;;;;;;;
Raphaël Guerreiro;FC Bayern München;Abwehr;5.460.000;;;;;Abwehr;06.11.2025;5;5.270.000;5.470.000;5.670.000;5.590.000;https://www.com-analytics.de/player/32632;;;;;;;;;;;
Raum;RB Leipzig;Abwehr;9.060.000;;;;;Abwehr;06.11.2025;2;8.700.000;9.030.000;9.360.000;9.170.000;https://www.com-analytics.de/player/33436;;;;;;;;;;;
Reitz;Borussia Mönchengladbach;Mittelfeld;6.270.000;;;;;Mittelfeld;06.11.2025;8;6.080.000;6.260.000;6.440.000;6.500.000;https://www.com-analytics.de/player/33353;;;;;;;;;;;
Remberg;Hamburger SV;Mittelfeld;3.330.000;;;;;Mittelfeld;06.11.2025;1;3.220.000;3.320.000;3.410.000;3.240.000;https://www.com-analytics.de/player/33935;;;;;;;;;;;
Rexhbeçaj;FC Augsburg;Mittelfeld;1.430.000;;;;;Mittelfeld;06.11.2025;4;1.480.000;1.480.000;1.480.000;1.480.000;https://www.com-analytics.de/player/32817;;;;;;;;;;;
Reyna;Borussia Mönchengladbach;Stürmer;1.960.000;;;;;Stürmer;06.11.2025;4;1.930.000;1.970.000;2.010.000;2.080.000;https://www.com-analytics.de/player/33198;;;;;;;;;;;
Rieder;FC Augsburg;Mittelfeld;5.050.000;;;;;Mittelfeld;06.11.2025;2;4.900.000;5.050.000;5.190.000;5.050.000;https://www.com-analytics.de/player/33997;;;;;;;;;;;
Rieß;1. FSV Mainz 05;Torhüter;390.000;;;;;Torhüter;06.11.2025;N/A;390.000;390.000;390.000;390.000;https://www.com-analytics.de/player/33466;;;;;;;;;;;
Ritzka;FC St. Pauli;Abwehr;910.000;;;;;Abwehr;06.11.2025;N/A;910.000;910.000;910.000;890.000;https://www.com-analytics.de/player/32815;;;;;;;;;;;
Robatsch;FC St. Pauli;Abwehr;160.000;;;;;Abwehr;06.11.2025;N/A;160.000;160.000;160.000;170.000;https://www.com-analytics.de/player/34198;;;;;;;;;;;
Rogério;VfL Wolfsburg;Abwehr;160.000;;;;;Abwehr;06.11.2025;N/A;160.000;160.000;160.000;160.000;https://www.com-analytics.de/player/33834;;;;;;;;;;;
Rômulo;RB Leipzig;Stürmer;14.600.000;;;;;Stürmer;06.11.2025;11;14.170.000;14.640.000;15.110.000;14.670.000;https://www.com-analytics.de/player/34271;;;;;;;;;;;
Rönnow;1. FC Union Berlin;Torhüter;1.780.000;;;;;Torhüter;06.11.2025;7;1.700.000;1.780.000;1.850.000;1.830.000;https://www.com-analytics.de/player/32921;;;;;;;;;;;
Rosenfelder;Sport-Club Freiburg;Abwehr;1.490.000;;;;;Abwehr;06.11.2025;4;1.500.000;1.520.000;1.540.000;1.520.000;https://www.com-analytics.de/player/33815;;;;;;;;;;;
Rothe;1. FC Union Berlin;Abwehr;1.060.000;;;;;Abwehr;06.11.2025;3;1.040.000;1.050.000;1.070.000;1.170.000;https://www.com-analytics.de/player/33567;;;;;;;;;;;
Rothweiler;1. FC Heidenheim 1846;Mittelfeld;170.000;;;;;Mittelfeld;06.11.2025;N/A;170.000;170.000;170.000;170.000;https://www.com-analytics.de/player/34192;;;;;;;;;;;
Ryerson;Borussia Dortmund;Abwehr;4.240.000;;;;;Abwehr;06.11.2025;4;4.030.000;4.190.000;4.340.000;4.190.000;https://www.com-analytics.de/player/33141;;;;;;;;;;;
Røssing-Lelesiit;Hamburger SV;Stürmer;560.000;;;;;Stürmer;06.11.2025;2;560.000;560.000;570.000;620.000;https://www.com-analytics.de/player/34156;;;;;;;;;;;
S. El Mala;1. FC Köln;Stürmer;11.350.000;;;;;Stürmer;06.11.2025;12;11.170.000;11.520.000;11.870.000;11.320.000;https://www.com-analytics.de/player/34139;;;;;;;;;;;
Saad;FC Augsburg;Stürmer;2.640.000;;;;;Stürmer;06.11.2025;2;2.590.000;2.650.000;2.700.000;2.650.000;https://www.com-analytics.de/player/33957;;;;;;;;;;;
Sabitzer;Borussia Dortmund;Mittelfeld;3.260.000;;;;;Mittelfeld;06.11.2025;2;3.180.000;3.260.000;3.330.000;3.260.000;https://www.com-analytics.de/player/32590;;;;;;;;;;;
Sahiti;Hamburger SV;Stürmer;320.000;;;;;Stürmer;06.11.2025;N/A;320.000;320.000;320.000;320.000;https://www.com-analytics.de/player/34157;;;;;;;;;;;
Saliakas;FC St. Pauli;Abwehr;2.050.000;;;;;Abwehr;06.11.2025;2;2.020.000;2.050.000;2.070.000;2.030.000;https://www.com-analytics.de/player/33948;;;;;;;;;;;
Sambi Lokonga;Hamburger SV;Mittelfeld;5.600.000;;;;;Mittelfeld;06.11.2025;-1;5.410.000;5.630.000;5.850.000;5.540.000;https://www.com-analytics.de/player/34290;;;;;;;;;;;
Sander;Borussia Mönchengladbach;Mittelfeld;4.360.000;;;;;Mittelfeld;06.11.2025;5;4.310.000;4.410.000;4.510.000;4.410.000;https://www.com-analytics.de/player/33978;;;;;;;;;;;
Sands;FC St. Pauli;Mittelfeld;2.070.000;;;;;Mittelfeld;06.11.2025;3;2.020.000;2.070.000;2.120.000;2.130.000;https://www.com-analytics.de/player/34076;;;;;;;;;;;
Sano;1. FSV Mainz 05;Mittelfeld;5.020.000;;;;;Mittelfeld;06.11.2025;5;4.840.000;4.990.000;5.130.000;5.040.000;https://www.com-analytics.de/player/34009;;;;;;;;;;;
Sarco;Bayer 04 Leverkusen;Stürmer;460.000;;;;;Stürmer;06.11.2025;N/A;460.000;460.000;460.000;440.000;https://www.com-analytics.de/player/34079;;;;;;;;;;;
Scally;Borussia Mönchengladbach;Abwehr;2.410.000;;;;;Abwehr;06.11.2025;4;2.390.000;2.420.000;2.450.000;2.430.000;https://www.com-analytics.de/player/33258;;;;;;;;;;;
Schäfer;1. FC Union Berlin;Mittelfeld;1.790.000;;;;;Mittelfeld;06.11.2025;6;1.770.000;1.810.000;1.850.000;1.850.000;https://www.com-analytics.de/player/33550;;;;;;;;;;;
Scherhant;Sport-Club Freiburg;Stürmer;5.340.000;;;;;Stürmer;06.11.2025;2;5.130.000;5.310.000;5.480.000;5.220.000;https://www.com-analytics.de/player/33629;;;;;;;;;;;
Schick;Bayer 04 Leverkusen;Stürmer;13.570.000;;;;;Stürmer;06.11.2025;3;13.150.000;13.590.000;14.030.000;13.320.000;https://www.com-analytics.de/player/33179;;;;;;;;;;;
Schimmer;1. FC Heidenheim 1846;Stürmer;2.800.000;;;;;Stürmer;06.11.2025;4;2.780.000;2.840.000;2.890.000;2.870.000;https://www.com-analytics.de/player/33286;;;;;;;;;;;
Schlager;RB Leipzig;Mittelfeld;3.290.000;;;;;Mittelfeld;06.11.2025;2;3.200.000;3.270.000;3.350.000;3.310.000;https://www.com-analytics.de/player/33133;;;;;;;;;;;
Schmetgens;SV Werder Bremen;Abwehr;170.000;;;;;Abwehr;06.11.2025;N/A;170.000;170.000;170.000;170.000;https://www.com-analytics.de/player/34245;;;;;;;;;;;
Schmid;SV Werder Bremen;Mittelfeld;6.570.000;;;;;Mittelfeld;06.11.2025;3;6.410.000;6.600.000;6.790.000;6.700.000;https://www.com-analytics.de/player/33110;;;;;;;;;;;
Schmied;1. FC Köln;Abwehr;2.030.000;;;;;Abwehr;06.11.2025;2;1.970.000;2.020.000;2.060.000;2.040.000;https://www.com-analytics.de/player/34135;;;;;;;;;;;
Schmitz;FC St. Pauli;Mittelfeld;160.000;;;;;Mittelfeld;06.11.2025;N/A;160.000;160.000;160.000;160.000;https://www.com-analytics.de/player/34088;;;;;;;;;;;
Schopp;1. FSV Mainz 05;Abwehr;170.000;;;;;Abwehr;06.11.2025;N/A;170.000;170.000;170.000;180.000;https://www.com-analytics.de/player/34195;;;;;;;;;;;
Schöppner;1. FC Heidenheim 1846;Mittelfeld;1.290.000;;;;;Mittelfeld;06.11.2025;0;1.300.000;1.300.000;1.300.000;1.250.000;https://www.com-analytics.de/player/32731;;;;;;;;;;;
Schwäbe;1. FC Köln;Torhüter;2.320.000;;;;;Torhüter;06.11.2025;7;2.270.000;2.350.000;2.430.000;2.370.000;https://www.com-analytics.de/player/32356;;;;;;;;;;;
Sebulonsen;1. FC Köln;Abwehr;2.170.000;;;;;Abwehr;06.11.2025;1;2.120.000;2.170.000;2.220.000;2.170.000;https://www.com-analytics.de/player/34241;;;;;;;;;;;
Seelt;VfL Wolfsburg;Abwehr;1.650.000;;;;;Abwehr;06.11.2025;4;1.690.000;1.730.000;1.770.000;1.710.000;https://www.com-analytics.de/player/34293;;;;;;;;;;;
Seiwald;RB Leipzig;Mittelfeld;6.750.000;;;;;Mittelfeld;06.11.2025;4;6.500.000;6.690.000;6.890.000;6.720.000;https://www.com-analytics.de/player/33769;;;;;;;;;;;
Sieb;1. FSV Mainz 05;Stürmer;2.330.000;;;;;Stürmer;06.11.2025;1;2.280.000;2.320.000;2.370.000;2.320.000;https://www.com-analytics.de/player/34006;;;;;;;;;;;
Siersleben;1. FC Heidenheim 1846;Abwehr;1.540.000;;;;;Abwehr;06.11.2025;5;1.550.000;1.570.000;1.590.000;1.620.000;https://www.com-analytics.de/player/33345;;;;;;;;;;;
Silas;VfB Stuttgart;Mittelfeld;1.180.000;;;;;Mittelfeld;06.11.2025;N/A;1.150.000;1.160.000;1.160.000;1.160.000;https://www.com-analytics.de/player/33247;;;;;;;;;;;
Siljević;Eintracht Frankfurt;Torhüter;160.000;;;;;Torhüter;06.11.2025;N/A;160.000;160.000;160.000;160.000;https://www.com-analytics.de/player/34073;;;;;;;;;;;
Sinani;FC St. Pauli;Stürmer;5.330.000;;;;;Stürmer;06.11.2025;4;5.080.000;5.250.000;5.430.000;5.390.000;https://www.com-analytics.de/player/33959;;;;;;;;;;;
Sippel;Borussia Mönchengladbach;Torhüter;160.000;;;;;Torhüter;06.11.2025;N/A;160.000;160.000;160.000;160.000;https://www.com-analytics.de/player/31618;;;;;;;;;;;
Skarke;1. FC Union Berlin;Stürmer;1.520.000;;;;;Stürmer;06.11.2025;2;1.510.000;1.540.000;1.570.000;1.560.000;https://www.com-analytics.de/player/33616;;;;;;;;;;;
Skhiri;Eintracht Frankfurt;Mittelfeld;3.760.000;;;;;Mittelfeld;06.11.2025;6;3.730.000;3.820.000;3.900.000;3.860.000;https://www.com-analytics.de/player/33157;;;;;;;;;;;
Skov;1. FC Union Berlin;Mittelfeld;650.000;;;;;Mittelfeld;06.11.2025;N/A;640.000;640.000;640.000;660.000;https://www.com-analytics.de/player/33158;;;;;;;;;;;
Skov Olsen;VfL Wolfsburg;Stürmer;2.390.000;;;;;Stürmer;06.11.2025;N/A;2.340.000;2.400.000;2.450.000;2.340.000;https://www.com-analytics.de/player/34089;;;;;;;;;;;
Smarkalev;SV Werder Bremen;Torhüter;160.000;;;;;Torhüter;06.11.2025;N/A;160.000;160.000;160.000;160.000;https://www.com-analytics.de/player/34251;;;;;;;;;;;
Smith;FC St. Pauli;Abwehr;3.360.000;;;;;Abwehr;06.11.2025;3;3.270.000;3.320.000;3.370.000;3.370.000;https://www.com-analytics.de/player/33944;;;;;;;;;;;
Sorg;FC Augsburg;Abwehr;170.000;;;;;Abwehr;06.11.2025;N/A;170.000;170.000;170.000;170.000;https://www.com-analytics.de/player/34247;;;;;;;;;;;
Soumahoro;Hamburger SV;Abwehr;210.000;;;;;Abwehr;06.11.2025;N/A;210.000;210.000;220.000;210.000;https://www.com-analytics.de/player/34147;;;;;;;;;;;
Spari;FC St. Pauli;Torhüter;160.000;;;;;Torhüter;06.11.2025;N/A;160.000;160.000;160.000;160.000;https://www.com-analytics.de/player/34208;;;;;;;;;;;
Stage;SV Werder Bremen;Mittelfeld;10.230.000;;;;;Mittelfeld;06.11.2025;10;9.900.000;10.310.000;10.720.000;10.300.000;https://www.com-analytics.de/player/33640;;;;;;;;;;;
Stanišić;FC Bayern München;Abwehr;4.690.000;;;;;Abwehr;06.11.2025;N/A;4.570.000;4.640.000;4.720.000;4.530.000;https://www.com-analytics.de/player/33386;;;;;;;;;;;
Stark;SV Werder Bremen;Abwehr;1.290.000;;;;;Abwehr;06.11.2025;0;1.280.000;1.300.000;1.310.000;1.270.000;https://www.com-analytics.de/player/32120;;;;;;;;;;;
Stenzel;VfB Stuttgart;Abwehr;510.000;;;;;Abwehr;06.11.2025;N/A;510.000;510.000;510.000;510.000;https://www.com-analytics.de/player/32526;;;;;;;;;;;
Stergiou;VfB Stuttgart;Abwehr;310.000;;;;;Abwehr;06.11.2025;N/A;310.000;310.000;310.000;320.000;https://www.com-analytics.de/player/33850;;;;;;;;;;;
Stevens;FC St. Pauli;Abwehr;170.000;;;;;Abwehr;06.11.2025;N/A;170.000;170.000;170.000;170.000;https://www.com-analytics.de/player/34030;;;;;;;;;;;
Stiller;VfB Stuttgart;Mittelfeld;10.360.000;;;;;Mittelfeld;06.11.2025;5;10.100.000;10.510.000;10.930.000;10.370.000;https://www.com-analytics.de/player/33437;;;;;;;;;;;
Stöger;Borussia Mönchengladbach;Mittelfeld;3.820.000;;;;;Mittelfeld;06.11.2025;2;3.740.000;3.830.000;3.920.000;3.820.000;https://www.com-analytics.de/player/31985;;;;;;;;;;;
Sugawara;SV Werder Bremen;Abwehr;3.350.000;;;;;Abwehr;06.11.2025;2;3.300.000;3.350.000;3.400.000;3.320.000;https://www.com-analytics.de/player/34276;;;;;;;;;;;
Süle;Borussia Dortmund;Abwehr;1.560.000;;;;;Abwehr;06.11.2025;N/A;1.560.000;1.560.000;1.570.000;1.560.000;https://www.com-analytics.de/player/32122;;;;;;;;;;;
Suzuki;Sport-Club Freiburg;Mittelfeld;1.850.000;;;;;Mittelfeld;06.11.2025;N/A;1.850.000;1.850.000;1.860.000;1.830.000;https://www.com-analytics.de/player/34184;;;;;;;;;;;
Svanberg;VfL Wolfsburg;Mittelfeld;1.870.000;;;;;Mittelfeld;06.11.2025;4;1.820.000;1.870.000;1.930.000;2.000.000;https://www.com-analytics.de/player/33658;;;;;;;;;;;
Svensson;Borussia Dortmund;Abwehr;6.030.000;;;;;Abwehr;06.11.2025;1;5.850.000;6.070.000;6.290.000;6.070.000;https://www.com-analytics.de/player/34114;;;;;;;;;;;
Swider;Borussia Mönchengladbach;Mittelfeld;160.000;;;;;Mittelfeld;06.11.2025;N/A;160.000;160.000;160.000;190.000;https://www.com-analytics.de/player/34072;;;;;;;;;;;
Tabaković;Borussia Mönchengladbach;Stürmer;8.550.000;;;;;Stürmer;06.11.2025;18;8.350.000;8.620.000;8.900.000;8.750.000;https://www.com-analytics.de/player/34047;;;;;;;;;;;
Tah;FC Bayern München;Abwehr;6.680.000;;;;;Abwehr;06.11.2025;5;6.430.000;6.680.000;6.920.000;6.630.000;https://www.com-analytics.de/player/32157;;;;;;;;;;;
Tape;Bayer 04 Leverkusen;Abwehr;970.000;;;;;Abwehr;06.11.2025;N/A;950.000;960.000;960.000;990.000;https://www.com-analytics.de/player/34201;;;;;;;;;;;
Tapsoba;Bayer 04 Leverkusen;Abwehr;7.090.000;;;;;Abwehr;06.11.2025;6;6.830.000;7.090.000;7.350.000;7.000.000;https://www.com-analytics.de/player/33207;;;;;;;;;;;
Tella;Bayer 04 Leverkusen;Mittelfeld;2.820.000;;;;;Mittelfeld;06.11.2025;N/A;2.680.000;2.730.000;2.770.000;2.810.000;https://www.com-analytics.de/player/33853;;;;;;;;;;;
Telle;1. FC Köln;Abwehr;170.000;;;;;Abwehr;06.11.2025;N/A;170.000;170.000;170.000;170.000;https://www.com-analytics.de/player/34136;;;;;;;;;;;
Terrier;Bayer 04 Leverkusen;Stürmer;3.260.000;;;;;Stürmer;06.11.2025;4;3.230.000;3.290.000;3.360.000;3.310.000;https://www.com-analytics.de/player/34024;;;;;;;;;;;
Theate;Eintracht Frankfurt;Abwehr;4.120.000;;;;;Abwehr;06.11.2025;6;3.950.000;4.100.000;4.250.000;4.200.000;https://www.com-analytics.de/player/34043;;;;;;;;;;;
Thielmann;1. FC Köln;Stürmer;2.400.000;;;;;Stürmer;06.11.2025;N/A;2.330.000;2.380.000;2.440.000;2.360.000;https://www.com-analytics.de/player/33185;;;;;;;;;;;
Tiago Tomás;VfB Stuttgart;Stürmer;7.870.000;;;;;Stürmer;06.11.2025;8;7.670.000;7.930.000;8.180.000;7.970.000;https://www.com-analytics.de/player/33557;;;;;;;;;;;
Tietz;FC Augsburg;Stürmer;1.410.000;;;;;Stürmer;06.11.2025;1;1.410.000;1.420.000;1.440.000;1.420.000;https://www.com-analytics.de/player/33070;;;;;;;;;;;
Tillman;Bayer 04 Leverkusen;Mittelfeld;9.910.000;;;;;Mittelfeld;06.11.2025;N/A;9.880.000;10.030.000;10.180.000;9.930.000;https://www.com-analytics.de/player/33530;;;;;;;;;;;
Tohumcu;TSG Hoffenheim;Mittelfeld;510.000;;;;;Mittelfeld;06.11.2025;N/A;500.000;500.000;510.000;530.000;https://www.com-analytics.de/player/33574;;;;;;;;;;;
Topp;SV Werder Bremen;Stürmer;1.060.000;;;;;Stürmer;06.11.2025;2;1.110.000;1.120.000;1.130.000;1.090.000;https://www.com-analytics.de/player/33741;;;;;;;;;;;
Torunarigha;Hamburger SV;Abwehr;1.450.000;;;;;Abwehr;06.11.2025;N/A;1.410.000;1.430.000;1.460.000;1.420.000;https://www.com-analytics.de/player/32710;;;;;;;;;;;
Traoré;1. FC Heidenheim 1846;Abwehr;1.030.000;;;;;Abwehr;06.11.2025;3;1.020.000;1.030.000;1.050.000;1.150.000;https://www.com-analytics.de/player/33807;;;;;;;;;;;
Treu;Sport-Club Freiburg;Abwehr;2.400.000;;;;;Abwehr;06.11.2025;4;2.390.000;2.420.000;2.450.000;2.410.000;https://www.com-analytics.de/player/33947;;;;;;;;;;;
Trimmel;1. FC Union Berlin;Abwehr;1.630.000;;;;;Abwehr;06.11.2025;2;1.610.000;1.630.000;1.650.000;1.620.000;https://www.com-analytics.de/player/33096;;;;;;;;;;;
Tschernuth;1. FC Heidenheim 1846;Torhüter;160.000;;;;;Torhüter;06.11.2025;N/A;160.000;160.000;160.000;160.000;https://www.com-analytics.de/player/33786;;;;;;;;;;;
Ullrich;Borussia Mönchengladbach;Abwehr;1.580.000;;;;;Abwehr;06.11.2025;4;1.600.000;1.620.000;1.640.000;1.640.000;https://www.com-analytics.de/player/33778;;;;;;;;;;;
Ulreich;FC Bayern München;Torhüter;160.000;;;;;Torhüter;06.11.2025;N/A;160.000;160.000;160.000;160.000;https://www.com-analytics.de/player/31216;;;;;;;;;;;
Undav;VfB Stuttgart;Stürmer;11.600.000;;;;;Stürmer;06.11.2025;0;11.210.000;11.580.000;11.960.000;11.650.000;https://www.com-analytics.de/player/33832;;;;;;;;;;;
Upamecano;FC Bayern München;Abwehr;5.780.000;;;;;Abwehr;06.11.2025;N/A;5.690.000;5.780.000;5.870.000;5.710.000;https://www.com-analytics.de/player/32720;;;;;;;;;;;
Urbich;Borussia Mönchengladbach;Stürmer;1.080.000;;;;;Stürmer;06.11.2025;3;1.090.000;1.100.000;1.110.000;1.190.000;https://www.com-analytics.de/player/34303;;;;;;;;;;;
Urbig;FC Bayern München;Torhüter;440.000;;;;;Torhüter;06.11.2025;N/A;440.000;440.000;440.000;430.000;https://www.com-analytics.de/player/33494;;;;;;;;;;;
Uzun;Eintracht Frankfurt;Stürmer;9.270.000;;;;;Stürmer;06.11.2025;3;8.850.000;9.150.000;9.450.000;9.090.000;https://www.com-analytics.de/player/34008;;;;;;;;;;;
Vagnoman;VfB Stuttgart;Abwehr;3.540.000;;;;;Abwehr;06.11.2025;4;3.520.000;3.580.000;3.640.000;3.570.000;https://www.com-analytics.de/player/32880;;;;;;;;;;;
van den Berg;1. FC Köln;Abwehr;1.630.000;;;;;Abwehr;06.11.2025;N/A;1.610.000;1.640.000;1.660.000;1.600.000;https://www.com-analytics.de/player/34267;;;;;;;;;;;
Vandevoordt;RB Leipzig;Torhüter;220.000;;;;;Torhüter;06.11.2025;N/A;220.000;220.000;220.000;240.000;https://www.com-analytics.de/player/33919;;;;;;;;;;;
Vasilj;FC St. Pauli;Torhüter;2.170.000;;;;;Torhüter;06.11.2025;2;2.110.000;2.190.000;2.280.000;2.130.000;https://www.com-analytics.de/player/33943;;;;;;;;;;;
Vavro;VfL Wolfsburg;Abwehr;3.980.000;;;;;Abwehr;06.11.2025;N/A;3.870.000;3.960.000;4.050.000;3.800.000;https://www.com-analytics.de/player/34056;;;;;;;;;;;
Veratschnig;1. FSV Mainz 05;Mittelfeld;960.000;;;;;Mittelfeld;06.11.2025;0;970.000;970.000;970.000;940.000;https://www.com-analytics.de/player/33999;;;;;;;;;;;
Vini Souza;VfL Wolfsburg;Mittelfeld;3.360.000;;;;;Mittelfeld;06.11.2025;4;3.260.000;3.360.000;3.460.000;3.450.000;https://www.com-analytics.de/player/34226;;;;;;;;;;;
Voll;FC St. Pauli;Torhüter;170.000;;;;;Torhüter;06.11.2025;N/A;170.000;170.000;170.000;170.000;https://www.com-analytics.de/player/33984;;;;;;;;;;;
W. Orbán;RB Leipzig;Abwehr;7.060.000;;;;;Abwehr;06.11.2025;3;6.630.000;6.890.000;7.140.000;7.110.000;https://www.com-analytics.de/player/31846;;;;;;;;;;;
Wagner;1. FC Heidenheim 1846;Stürmer;320.000;;;;;Stürmer;06.11.2025;N/A;320.000;320.000;320.000;340.000;https://www.com-analytics.de/player/34255;;;;;;;;;;;
Wahi;Eintracht Frankfurt;Stürmer;2.000.000;;;;;Stürmer;06.11.2025;1;1.990.000;2.030.000;2.070.000;2.060.000;https://www.com-analytics.de/player/34096;;;;;;;;;;;
Wahl;FC St. Pauli;Abwehr;2.580.000;;;;;Abwehr;06.11.2025;2;2.570.000;2.610.000;2.650.000;2.580.000;https://www.com-analytics.de/player/32633;;;;;;;;;;;
Waldschmidt;1. FC Köln;Stürmer;2.180.000;;;;;Stürmer;06.11.2025;N/A;2.110.000;2.160.000;2.210.000;2.140.000;https://www.com-analytics.de/player/32206;;;;;;;;;;;
Weigel;1. FC Heidenheim 1846;Stürmer;170.000;;;;;Stürmer;06.11.2025;N/A;170.000;170.000;170.000;170.000;https://www.com-analytics.de/player/34302;;;;;;;;;;;
Weiper;1. FSV Mainz 05;Stürmer;2.240.000;;;;;Stürmer;06.11.2025;0;2.190.000;2.240.000;2.280.000;2.230.000;https://www.com-analytics.de/player/33578;;;;;;;;;;;
Weiser;SV Werder Bremen;Abwehr;590.000;;;;;Abwehr;06.11.2025;N/A;590.000;590.000;590.000;590.000;https://www.com-analytics.de/player/31929;;;;;;;;;;;
Werner;RB Leipzig;Stürmer;800.000;;;;;Stürmer;06.11.2025;N/A;790.000;790.000;790.000;800.000;https://www.com-analytics.de/player/32211;;;;;;;;;;;
Widmer;1. FSV Mainz 05;Abwehr;2.220.000;;;;;Abwehr;06.11.2025;12;2.270.000;2.290.000;2.320.000;2.410.000;https://www.com-analytics.de/player/33478;;;;;;;;;;;
Wimmer;VfL Wolfsburg;Stürmer;3.140.000;;;;;Stürmer;06.11.2025;N/A;3.090.000;3.160.000;3.230.000;3.100.000;https://www.com-analytics.de/player/33507;;;;;;;;;;;
Wind;VfL Wolfsburg;Stürmer;3.610.000;;;;;Stürmer;06.11.2025;2;3.470.000;3.580.000;3.680.000;3.540.000;https://www.com-analytics.de/player/33559;;;;;;;;;;;
Wöber;SV Werder Bremen;Abwehr;670.000;;;;;Abwehr;06.11.2025;N/A;670.000;670.000;670.000;650.000;https://www.com-analytics.de/player/33831;;;;;;;;;;;
Y. Engelhardt;Borussia Mönchengladbach;Mittelfeld;4.690.000;;;;;Mittelfeld;06.11.2025;5;4.640.000;4.740.000;4.850.000;4.750.000;https://www.com-analytics.de/player/33603;;;;;;;;;;;
Zagadou;VfB Stuttgart;Abwehr;1.790.000;;;;;Abwehr;06.11.2025;N/A;1.760.000;1.770.000;1.770.000;1.800.000;https://www.com-analytics.de/player/32773;;;;;;;;;;;
Zehnter;VfL Wolfsburg;Abwehr;1.860.000;;;;;Abwehr;06.11.2025;1;1.820.000;1.870.000;1.910.000;1.910.000;https://www.com-analytics.de/player/33587;;;;;;;;;;;
Zeitler;TSG Hoffenheim;Stürmer;160.000;;;;;Stürmer;06.11.2025;N/A;160.000;160.000;170.000;170.000;https://www.com-analytics.de/player/34232;;;;;;;;;;;
Zentner;1. FSV Mainz 05;Torhüter;1.720.000;;;;;Torhüter;06.11.2025;3;1.620.000;1.690.000;1.760.000;1.710.000;https://www.com-analytics.de/player/32364;;;;;;;;;;;
Zesiger;FC Augsburg;Abwehr;690.000;;;;;Abwehr;06.11.2025;N/A;680.000;680.000;680.000;680.000;https://www.com-analytics.de/player/33774;;;;;;;;;;;
Zetterer;Eintracht Frankfurt;Torhüter;2.100.000;;;;;Torhüter;06.11.2025;3;2.020.000;2.100.000;2.180.000;2.110.000;https://www.com-analytics.de/player/32408;;;;;;;;;;;
Zieler;1. FC Köln;Torhüter;160.000;;;;;Torhüter;06.11.2025;N/A;160.000;160.000;160.000;160.000;https://www.com-analytics.de/player/31634;;;;;;;;;;;
Zieliński;VfL Wolfsburg;Torhüter;160.000;;;;;Torhüter;06.11.2025;N/A;160.000;160.000;160.000;160.000;https://www.com-analytics.de/player/34210;;;;;;;;;;;
Zingerle;RB Leipzig;Torhüter;160.000;;;;;Torhüter;06.11.2025;N/A;160.000;160.000;160.000;160.000;https://www.com-analytics.de/player/32267;;;;;;;;;;;
Zivzivadze;1. FC Heidenheim 1846;Stürmer;2.400.000;;;;;Stürmer;06.11.2025;9;2.400.000;2.450.000;2.490.000;2.470.000;https://www.com-analytics.de/player/34080;;;;;;;;;;;
Đurić;TSG Hoffenheim;Mittelfeld;160.000;;;;;Mittelfeld;06.11.2025;N/A;160.000;160.000;160.000;170.000;https://www.com-analytics.de/player/34107;;;;;;;;;;;
